DCF,descdepto,descclase,descfamilia
20603,ELECTRONICA                   ,MINI AUDIOS                   ,CASSETTE RADIO                
20606,ELECTRONICA                   ,MINI AUDIOS                   ,AUDIFONOS/BOCINAS             
21602,ELECTRONICA                   ,DVD                           ,VIDEO GRABADORA 2 CABEZAS     
21603,ELECTRONICA                   ,DVD                           ,VIDEO GRABADORA 4 CABEZAS     
21801,ELECTRONICA                   ,VIDEO CAMARA                  ,VIDEO CAMARA VHS              
21802,ELECTRONICA                   ,VIDEO CAMARA                  ,VIDEO CAMARA 8 MM             
21803,ELECTRONICA                   ,VIDEO CAMARA                  ,ACCESORIOS                    
21902,ELECTRONICA                   ,ACCESORIOS TV                 ,ANTENA MAYOR ALCANCE          
21905,ELECTRONICA                   ,ACCESORIOS TV                 ,COMPONENTES PARA ANTENAS      
22203,ELECTRONICA                   ,TELEFONOS                     ,INTERFONO                     
22206,ELECTRONICA                   ,TELEFONOS                     ,CONTESTADOR                   
22207,ELECTRONICA                   ,TELEFONOS                     ,FAX                           
22208,ELECTRONICA                   ,TELEFONOS                     ,FAX CON TELEFONO              
22411,ELECTRONICA                   ,TELEFONOS CELULARES           ,UNEFON PREPAGOS               
22420,ELECTRONICA                   ,TELEFONOS CELULARES           ,TELEFONICA MOVISTAR PREPAGOS  
22421,ELECTRONICA                   ,TELEFONOS CELULARES           ,MOVISTAR PREPAGO (NVO ESQUEMA)
22440,ELECTRONICA                   ,TELEFONOS CELULARES           ,IUSACELL PREPAGOS             
22474,ELECTRONICA                   ,TELEFONOS CELULARES           ,TARJETAS INTERNET             
22479,ELECTRONICA                   ,TELEFONOS CELULARES           ,TELEFONIA FIJA MOVISTAR       
22484,ELECTRONICA                   ,TELEFONOS CELULARES           ,TARJETA DE DATOS              
22510,ELECTRONICA                   ,CELULARES P/GARANTIA          ,UNEFON                        
22520,ELECTRONICA                   ,CELULARES P/GARANTIA          ,MOVISTAR                      
22530,ELECTRONICA                   ,CELULARES P/GARANTIA          ,TELCEL                        
22540,ELECTRONICA                   ,CELULARES P/GARANTIA          ,IUSACELL                      
22610,ELECTRONICA                   ,TARJETAS DE LARGA DISTANCIA   ,WOW LARGA DISTANCIA           
22713,ELECTRONICA                   ,PLANES TARIFARIOS             ,PLAN TARIFARIO IUSACELL       
22721,ELECTRONICA                   ,PLANES TARIFARIOS             ,PLAN MOVISTAR                 
22740,ELECTRONICA                   ,PLANES TARIFARIOS             ,PLAN IUSACELL                 
22803,ELECTRONICA                   ,RECARGAS DE TIEMPO AIRE       ,TARJETA $100                  
22805,ELECTRONICA                   ,RECARGAS DE TIEMPO AIRE       ,TARJETAS $200                 
22811,ELECTRONICA                   ,RECARGAS DE TIEMPO AIRE       ,UNEFON TARJETAS PREPAGO       
22812,ELECTRONICA                   ,RECARGAS DE TIEMPO AIRE       ,PLAN FACIL UNEFON TARIFA PLANA
22821,ELECTRONICA                   ,RECARGAS DE TIEMPO AIRE       ,TELEFONICA MOVISTAR TARJETAS P
22831,ELECTRONICA                   ,RECARGAS DE TIEMPO AIRE       ,TELCEL TARJETAS PREPAGO       
22841,ELECTRONICA                   ,RECARGAS DE TIEMPO AIRE       ,IUSACELL TARJETAS PREPAGO     
22842,ELECTRONICA                   ,RECARGAS DE TIEMPO AIRE       ,PLAN FACIL IUSACELL           
23003,ELECTRONICA                   ,PELICULAS                     ,EXHIBIDOR                     
29801,ELECTRONICA                   ,ACCESORIOS VARIOS             ,FUNDAS IPODS                  
29805,ELECTRONICA                   ,ACCESORIOS VARIOS             ,ACCESORIOS CAMARAS            
29806,ELECTRONICA                   ,ACCESORIOS VARIOS             ,COLGANTES P/CEL               
29807,ELECTRONICA                   ,ACCESORIOS VARIOS             ,ACCESORIOS IPOD               
29810,ELECTRONICA                   ,ACCESORIOS VARIOS             ,EXHIBIDORES                   
29930,ELECTRONICA                   ,PROMOCIONES                   ,OFERTAS TELCEL                
30101,MUEBLE SUELTO                 ,COLCHON                       ,INDIVIDUAL                BAJA
30103,MUEBLE SUELTO                 ,COLCHON                       ,INFLABLE 100              BAJA
30105,MUEBLE SUELTO                 ,COLCHON                       ,MATRIMONIAL               BAJA
30107,MUEBLE SUELTO                 ,COLCHON                       ,INFLABLE 135              BAJA
30109,MUEBLE SUELTO                 ,COLCHON                       ,QUEEN RESORTE             BAJA
30111,MUEBLE SUELTO                 ,COLCHON                       ,QUEEN C/TOP RESORTE       BAJA
30113,MUEBLE SUELTO                 ,COLCHON                       ,KING RESORTE              BAJA
30115,MUEBLE SUELTO                 ,COLCHON                       ,KING C/TOP RESORTE        BAJA
30211,MUEBLE SUELTO                 ,JUEGO BOX                     ,135                       BAJA
30213,MUEBLE SUELTO                 ,JUEGO BOX                     ,200                       BAJA
30409,MUEBLE SUELTO                 ,CAMAS                         ,CUNA                      BAJA
30410,MUEBLE SUELTO                 ,CAMAS                         ,METAL QS                      
30601,MUEBLE SUELTO                 ,CABECERAS                     ,IND/IND METALICA          BAJA
30602,MUEBLE SUELTO                 ,CABECERAS                     ,INDIVIDUAL                    
30606,MUEBLE SUELTO                 ,CABECERAS                     ,QUEEN SIZE                    
30901,MUEBLE SUELTO                 ,ANTECOMEDOR               BAJA,5 PIEZAS FORMICA          BAJA
30903,MUEBLE SUELTO                 ,ANTECOMEDOR               BAJA,5 PIEZAS CRISTAL          BAJA
30905,MUEBLE SUELTO                 ,ANTECOMEDOR               BAJA,5 PIEZAS MADERA           BAJA
30907,MUEBLE SUELTO                 ,ANTECOMEDOR               BAJA,7 PIEZAS FORMICA          BAJA
30909,MUEBLE SUELTO                 ,ANTECOMEDOR               BAJA,7 PIEZAS CRISTAL          BAJA
30911,MUEBLE SUELTO                 ,ANTECOMEDOR               BAJA,7 PIEZAS MADERA           BAJA
30913,MUEBLE SUELTO                 ,ANTECOMEDOR               BAJA,9 PIEZAS MADERA           BAJA
30920,MUEBLE SUELTO                 ,ANTECOMEDOR               BAJA,DESAYUNADOR               BAJA
30926,MUEBLE SUELTO                 ,ANTECOMEDOR               BAJA,MESA SUELTA               BAJA
30929,MUEBLE SUELTO                 ,ANTECOMEDOR               BAJA,MESAS 5/7/9 PIEZAS        BAJA
30938,MUEBLE SUELTO                 ,ANTECOMEDOR               BAJA,SILLA ALTA BARRA          BAJA
30940,MUEBLE SUELTO                 ,ANTECOMEDOR               BAJA,TRINCHADOR BASICO         BAJA
31001,MUEBLE SUELTO                 ,BASES PARA COLCHON            ,ALTAS                     BAJA
31015,MUEBLE SUELTO                 ,BASES PARA COLCHON            ,BANCO                     BAJA
31016,MUEBLE SUELTO                 ,BASES PARA COLCHON            ,BAJO CAMA MATRIMONIAL         
31020,MUEBLE SUELTO                 ,BASES PARA COLCHON            ,B                         BAJA
31025,MUEBLE SUELTO                 ,BASES PARA COLCHON            ,JARDIN/SET                BAJA
31030,MUEBLE SUELTO                 ,BASES PARA COLCHON            ,JARDIN                    BAJA
31031,MUEBLE SUELTO                 ,BASES PARA COLCHON            ,TABURETE                  BAJA
31101,MUEBLE SUELTO                 ,MECEDORAS                 BAJA,MADERA                    BAJA
31102,MUEBLE SUELTO                 ,MECEDORAS                 BAJA,METAL                     BAJA
31103,MUEBLE SUELTO                 ,MECEDORAS                 BAJA,TAPIZADA                  BAJA
31201,MUEBLE SUELTO                 ,CATRES                        ,INFANTIL                  BAJA
31203,MUEBLE SUELTO                 ,CATRES                        ,SOMBRILLA PARA JARDIN     BAJA
31205,MUEBLE SUELTO                 ,CATRES                        ,JUEGOS DE JARDIN (SETS)   BAJA
31206,MUEBLE SUELTO                 ,CATRES                        ,MESA P/JUEGO DE JARDIN    BAJA
31207,MUEBLE SUELTO                 ,CATRES                        ,MESA SUELTA               BAJA
31208,MUEBLE SUELTO                 ,CATRES                        ,MUEBLE INFANTIL           BAJA
31425,MUEBLE SUELTO                 ,MUEBLES INFANTILES            ,PORTACD                   BAJA
31427,MUEBLE SUELTO                 ,MUEBLES INFANTILES            ,BUFETERA                  BAJA
31428,MUEBLE SUELTO                 ,MUEBLES INFANTILES            ,BURRO P/ PLANCHAR         BAJA
31429,MUEBLE SUELTO                 ,MUEBLES INFANTILES            ,CABECERAS DE CAMAS        BAJA
31430,MUEBLE SUELTO                 ,MUEBLES INFANTILES            ,BAUL                      BAJA
31431,MUEBLE SUELTO                 ,MUEBLES INFANTILES            ,ESQUINEROS                BAJA
31432,MUEBLE SUELTO                 ,MUEBLES INFANTILES            ,DESAYUNADOR               BAJA
31435,MUEBLE SUELTO                 ,MUEBLES INFANTILES            ,CABECERAS                 BAJA
31436,MUEBLE SUELTO                 ,MUEBLES INFANTILES            ,MALETERO                  BAJA
31438,MUEBLE SUELTO                 ,MUEBLES INFANTILES            ,BOTIQUIN                  BAJA
31501,MUEBLE SUELTO                 ,MUEBLES COCINA            BAJA,PAQUETE CHICO             BAJA
31503,MUEBLE SUELTO                 ,MUEBLES COCINA            BAJA,ALACENA PORTAMICRO        BAJA
31505,MUEBLE SUELTO                 ,MUEBLES COCINA            BAJA,ALACENA MADERA            BAJA
31506,MUEBLE SUELTO                 ,MUEBLES COCINA            BAJA,MODULOS P/COCINA          BAJA
31507,MUEBLE SUELTO                 ,MUEBLES COCINA            BAJA,ALACENA PARA COCINA       BAJA
31508,MUEBLE SUELTO                 ,MUEBLES COCINA            BAJA,GABINETE METAL            BAJA
31512,MUEBLE SUELTO                 ,MUEBLES COCINA            BAJA,COCINAS                   BAJA
31513,MUEBLE SUELTO                 ,MUEBLES COCINA            BAJA,ALACENA DE COCINA         BAJA
31514,MUEBLE SUELTO                 ,MUEBLES COCINA            BAJA,ALACENA INTEGRAL          BAJA
31517,MUEBLE SUELTO                 ,MUEBLES COCINA            BAJA,BASE INTEGRAL             BAJA
31601,MUEBLE SUELTO                 ,COMEDORES                     ,DE MESA                   BAJA
31603,MUEBLE SUELTO                 ,COMEDORES                     ,MUEBLE METAL              BAJA
31605,MUEBLE SUELTO                 ,COMEDORES                     ,MUEBLE PORTAGARRAFON MADE BAJA
31607,MUEBLE SUELTO                 ,COMEDORES                     ,CANASTILLA FRUTERO        BAJA
31701,MUEBLE SUELTO                 ,COCINAS                   BAJA,240                       BAJA
31705,MUEBLE SUELTO                 ,COCINAS                   BAJA,135                       BAJA
31706,MUEBLE SUELTO                 ,COCINAS                   BAJA,150                       BAJA
31801,MUEBLE SUELTO                 ,BUFFETS/TRINCHADOR            ,B                         BAJA
31802,MUEBLE SUELTO                 ,BUFFETS/TRINCHADOR            ,CHICO CLASICO                 
31805,MUEBLE SUELTO                 ,BUFFETS/TRINCHADOR            ,DESPENSAS                 BAJA
32005,MUEBLE SUELTO                 ,COMEDORES                 BAJA,SET 2 VELAS               BAJA
32010,MUEBLE SUELTO                 ,COMEDORES                 BAJA,SET 3 VELAS               BAJA
32205,MUEBLE SUELTO                 ,SILLAS P/COMEDOR SUELTAS      ,METALICAS                 BAJA
32501,MUEBLE SUELTO                 ,VARIOS                    BAJA,ESCALERA TRES PELDAÑOS    BAJA
32502,MUEBLE SUELTO                 ,VARIOS                    BAJA,ESCALERA DOS PELDAÑOS     BAJA
32701,MUEBLE SUELTO                 ,COMPLEM SALA                  ,ESCRITORIOS               BAJA
32705,MUEBLE SUELTO                 ,COMPLEM SALA                  ,COMODA INF                BAJA
33015,MUEBLE SUELTO                 ,JARDIN                        ,TABURETE                  BAJA
38005,MUEBLE SUELTO                 ,ACCESORIOS                    ,PARTES PARA ROPERO IMPORTADO  
38007,MUEBLE SUELTO                 ,ACCESORIOS                    ,TAMBORES                      
38008,MUEBLE SUELTO                 ,ACCESORIOS                    ,CABECERAS DE METAL/MADERA     
38009,MUEBLE SUELTO                 ,ACCESORIOS                    ,ACCESORIO PARA CUNA           
38010,MUEBLE SUELTO                 ,ACCESORIOS                    ,MARCOS C/RUEDAS               
38016,MUEBLE SUELTO                 ,ACCESORIOS                    ,REMATES                       
38017,MUEBLE SUELTO                 ,ACCESORIOS                    ,BASTON                        
38018,MUEBLE SUELTO                 ,ACCESORIOS                    ,ENTREPAÑOS                    
38020,MUEBLE SUELTO                 ,ACCESORIOS                    ,BASES P/MESAS                 
38021,MUEBLE SUELTO                 ,ACCESORIOS                    ,CUBIERTAS P/MESAS             
38022,MUEBLE SUELTO                 ,ACCESORIOS                    ,MESAS COMEDOR 5/7/9 PZAS      
38025,MUEBLE SUELTO                 ,ACCESORIOS                    ,VIDRIOS                       
38026,MUEBLE SUELTO                 ,ACCESORIOS                    ,LUNAS                         
38027,MUEBLE SUELTO                 ,ACCESORIOS                    ,EXHIBIDOR COCINETAS           
39001,MUEBLE SUELTO                 ,ARTICULOS COMPLEMENTOS    BAJA,SILLAS ANTECOMEDOR        BAJA
39002,MUEBLE SUELTO                 ,ARTICULOS COMPLEMENTOS    BAJA,MESAS ANTECOMEDOR         BAJA
39902,MUEBLE SUELTO                 ,OFERTAS                       ,317 CAMA METAL            BAJA
39903,MUEBLE SUELTO                 ,OFERTAS                       ,319 LITERA                BAJA
39904,MUEBLE SUELTO                 ,OFERTAS                       ,376 ROPEROS               BAJA
39905,MUEBLE SUELTO                 ,OFERTAS                       ,VARIOS                    BAJA
40110,"SALAS, RECAMARAS, COMEDORES   ",SALAS                         ,SALA 22M                      
41010,"SALAS, RECAMARAS, COMEDORES   ",SOFAS CAMA                    ,ESTUDIOS                      
49701,"SALAS, RECAMARAS, COMEDORES   ",ACCESORIOS PARA MQ DE COSER   ,MAQ. COSER                    
49970,"SALAS, RECAMARAS, COMEDORES   ",PROMOCIONES                   ,EXHIBIDORES                   
59801,BICICLETAS/BEBES/AUTOMOTRIZ   ,EXHIBIDORES                   ,DOMIT                         
79901,RELOJERIA                     ,OFERTAS                       ,VARIOS                        
80203,JOYERIA                       ,ANILLOS CABALLERO ORO         ,ANILLO CABALLERO LISO 10K     
80204,JOYERIA                       ,ANILLOS CABALLERO ORO         ,ANILLO CABALLERO SOLITARIO 14K
80206,JOYERIA                       ,ANILLOS CABALLERO ORO         ,ANILLO CABALLERO LISO 14K     
80805,JOYERIA                       ,PULSERAS ORO                  ,SEMANARIO 10K                 
80810,JOYERIA                       ,PULSERAS ORO                  ,SEMANARIO 14K                 
80904,JOYERIA                       ,SETS ORO                      ,COLLAR CON ARETES 14K         
81115,JOYERIA                       ,ARGOLLAS 10KT-14KT            ,ARGOLLA 10K 12-12½            
81116,JOYERIA                       ,ARGOLLAS 10KT-14KT            ,ARGOLLA 10K 13-13½            
81117,JOYERIA                       ,ARGOLLAS 10KT-14KT            ,ARGOLLA 14K 12-12½            
81118,JOYERIA                       ,ARGOLLAS 10KT-14KT            ,ARGOLLA 14K 13-13½            
81206,JOYERIA                       ,ANILLO DAMA 10KT - 14KT       ,SOLITARIO 10K 10-10½          
81207,JOYERIA                       ,ANILLO DAMA 10KT - 14KT       ,SOLITARIO 10K 11-11½          
81213,JOYERIA                       ,ANILLO DAMA 10KT - 14KT       ,SOLITARIO 14K 10-10½          
81214,JOYERIA                       ,ANILLO DAMA 10KT - 14KT       ,SOLITARIO 14K 11-11½          
81215,JOYERIA                       ,ANILLO DAMA 10KT - 14KT       ,SOLITARIO 10K 12-12½          
81216,JOYERIA                       ,ANILLO DAMA 10KT - 14KT       ,SOLITARIO 10K 13-13½          
81217,JOYERIA                       ,ANILLO DAMA 10KT - 14KT       ,SOLITARIO 14K 12-12½          
81218,JOYERIA                       ,ANILLO DAMA 10KT - 14KT       ,SOLITARIO 14K 13-13½          
93003,OPTICA                        ,ARM NIÑOS                     ,3 PIEZAS                      
94002,OPTICA                        ,ARM NIÑAS                     ,BISELADO                      
94003,OPTICA                        ,ARM NIÑAS                     ,3 PIEZAS                      
99201,OPTICA                        ,LENTE OFTALMICO RANURADO      ,ARM OFT RANURADO DAMA         
99203,OPTICA                        ,LENTE OFTALMICO RANURADO      ,ARM OFT RANURADO UNISEX       
99301,OPTICA                        ,LENTE OFTALMICO 3 PIEZAS      ,ARM OFT 3 PZAS DAMA           
99302,OPTICA                        ,LENTE OFTALMICO 3 PIEZAS      ,ARM OFT 3 PZAS CABALLERO      
99303,OPTICA                        ,LENTE OFTALMICO 3 PIEZAS      ,JARM OFT 3 PZAS UNISEX        
19901,DOMESTICOS                    ,OFERTAS                       ,VARIAS                        
19902,DOMESTICOS                    ,OFERTAS                       ,OFERTAS                       
20205,ELECTRONICA                   ,AUTO STEREOS                  ,AMPLIFICADOR                  
20210,ELECTRONICA                   ,AUTO STEREOS                  ,ALARMA AUTO/CASA/OFICINA      
20303,ELECTRONICA                   ,BOCINA CAR AUDIO              ,BOCINA BAJO                   
20412,ELECTRONICA                   ,AUDIO                         ,CASSETTE CD MUEBLE            
20601,ELECTRONICA                   ,MINI AUDIOS                   ,RADIO                         
20602,ELECTRONICA                   ,MINI AUDIOS                   ,CASSETTE                      
20604,ELECTRONICA                   ,MINI AUDIOS                   ,CD                            
20605,ELECTRONICA                   ,MINI AUDIOS                   ,CD RADIO                      
20901,ELECTRONICA                   ,TELEVISOR                     ,"TV 5-9""                       "
21202,ELECTRONICA                   ,INSTRUMENTOS MUSICALES        ,ORGANO 49 TECLAS              
21205,ELECTRONICA                   ,INSTRUMENTOS MUSICALES        ,TAMBOR                        
21301,ELECTRONICA                   ,REGRESADOR VIDEO              ,VIDEO REGRESADOR              
21604,ELECTRONICA                   ,DVD                           ,6CABEZAS HI-FI                
21605,ELECTRONICA                   ,DVD                           ,DVD COMBO                     
21606,ELECTRONICA                   ,DVD                           ,HOME THEATER                  
21607,ELECTRONICA                   ,DVD                           ,DVD PORTATIL                  
21608,ELECTRONICA                   ,DVD                           ,DVD QUEMADOR                  
21701,ELECTRONICA                   ,CONSUMIBLES P/ GRABACION VIDEO,CONSUMIBLES P/ GRABACION VIDEO
21906,ELECTRONICA                   ,ACCESORIOS TV                 ,CABLES                        
21907,ELECTRONICA                   ,ACCESORIOS TV                 ,BASE PARA TV                  
21908,ELECTRONICA                   ,ACCESORIOS TV                 ,SOPORTE TV                    
22822,ELECTRONICA                   ,RECARGAS DE TIEMPO AIRE       ,SUPER RECARGAS MOVISTAR TAE   
22921,ELECTRONICA                   ,CHIPS CELULARES               ,SIM CARD UNIVERSAL MOVISTAR   
22922,ELECTRONICA                   ,CHIPS CELULARES               ,CHIP TELCEL                   
22930,ELECTRONICA                   ,CHIPS CELULARES               ,CHIPS TELCEL                  
24203,ELECTRONICA                   ,VIDEO JUEGOS                  ,PSP                           
24206,ELECTRONICA                   ,VIDEO JUEGOS                  ,NINTENDO DS                   
29507,ELECTRONICA                   ,PROTECCION                    ,COLGANTES                     
29509,ELECTRONICA                   ,PROTECCION                    ,MEMORIAS                      
29510,ELECTRONICA                   ,PROTECCION                    ,CALCETIN                      
29512,ELECTRONICA                   ,PROTECCION                    ,LIMPIA PANTALLAS              
29516,ELECTRONICA                   ,PROTECCION                    ,SET DE  ACCESORIOS            
29518,ELECTRONICA                   ,PROTECCION                    ,BOLSA                         
29520,ELECTRONICA                   ,PROTECCION                    ,FUNDA POUCH                   
29702,ELECTRONICA                   ,ACCESORIOS PARA IPOD          ,BOCINAS PARA IPOD             
29703,ELECTRONICA                   ,ACCESORIOS PARA IPOD          ,FUNDA P/IPOD                  
29803,ELECTRONICA                   ,ACCESORIOS VARIOS             ,BASE PARA CD                  
29804,ELECTRONICA                   ,ACCESORIOS VARIOS             ,PORTA CDS                     
29811,ELECTRONICA                   ,ACCESORIOS VARIOS             ,IMPRESION FOTOGRAFICA         
29901,ELECTRONICA                   ,PROMOCIONES                   ,VARIOS                        
29905,ELECTRONICA                   ,PROMOCIONES                   ,ELECTRONICA VARIOS            
29906,ELECTRONICA                   ,PROMOCIONES                   ,EXHIBIDORES                   
29911,ELECTRONICA                   ,PROMOCIONES                   ,OFERTAS UNEFON/IUSACELL       
29921,ELECTRONICA                   ,PROMOCIONES                   ,OFERTAS MOVISTAR              
29931,ELECTRONICA                   ,PROMOCIONES                   ,PELICULAS                     
29940,ELECTRONICA                   ,PROMOCIONES                   ,COMPRAS ESPECIALES            
30604,MUEBLE SUELTO                 ,CABECERAS                     ,MATRIMONIAL                   
38015,MUEBLE SUELTO                 ,ACCESORIOS                    ,PATA MADERA                   
39901,MUEBLE SUELTO                 ,OFERTAS                       ,VARIOS                        
46301,"SALAS, RECAMARAS, COMEDORES   ",MUEBLES PARA TV               ,MESAS PARA TV                 
48001,"SALAS, RECAMARAS, COMEDORES   ",COMEDORES                     ,COMEDOR PARA 4 PERSONAS       
48002,"SALAS, RECAMARAS, COMEDORES   ",COMEDORES                     ,COMEDOR PARA 6 PERSONAS       
48101,"SALAS, RECAMARAS, COMEDORES   ",PIEZAS SUELTAS DE COMEDOR     ,JUEGO TRINCH/COPETE           
49915,"SALAS, RECAMARAS, COMEDORES   ",PROMOCIONES                   ,426-427 VARIOS                
53010,BICICLETAS/BEBES/AUTOMOTRIZ   ,ACCESORIOS AUT ELECTRICOS     ,INVERSORES                    
53140,BICICLETAS/BEBES/AUTOMOTRIZ   ,ACCESORIOS AUT MANUALES       ,BASTON                        
53150,BICICLETAS/BEBES/AUTOMOTRIZ   ,ACCESORIOS AUT MANUALES       ,CUBRE VOLANTES                
53235,BICICLETAS/BEBES/AUTOMOTRIZ   ,HERRAMIENTAS ELECTRICAS       ,ROTOMARTILLO                  
53315,BICICLETAS/BEBES/AUTOMOTRIZ   ,HERRAMIENTAS MANUALES         ,JUEGO DE LLAVES               
59901,BICICLETAS/BEBES/AUTOMOTRIZ   ,OFERTAS                       ,OFERTA 51 VARIAS              
80102,JOYERIA                       ,ANILLOS DAMA ORO              ,ANILLO DAMA COCTEL 10K        
80103,JOYERIA                       ,ANILLOS DAMA ORO              ,ANILLO DAMA LISO 10K          
80104,JOYERIA                       ,ANILLOS DAMA ORO              ,ANILLO NIÑA 10K               
80105,JOYERIA                       ,ANILLOS DAMA ORO              ,ANILLO DAMA SOLITARIO 14K     
80106,JOYERIA                       ,ANILLOS DAMA ORO              ,ANILLO DAMA COCTEL 14K        
80107,JOYERIA                       ,ANILLOS DAMA ORO              ,ANILLO DAMA LISO 14K          
80201,JOYERIA                       ,ANILLOS CABALLERO ORO         ,ANILLO CABALLERO SOLITARIO 10K
80202,JOYERIA                       ,ANILLOS CABALLERO ORO         ,ANILLO CABALLERO COCTEL 10K   
80205,JOYERIA                       ,ANILLOS CABALLERO ORO         ,ANILLO CABALLERO COCTEL 14K   
80207,JOYERIA                       ,ANILLOS CABALLERO ORO         ,ANILLO NIÑO 10K               
80501,JOYERIA                       ,ARETES ORO                    ,BROQUEL 10K                   
80502,JOYERIA                       ,ARETES ORO                    ,ARETE 10K                     
80503,JOYERIA                       ,ARETES ORO                    ,ARRACADA 10K                  
80504,JOYERIA                       ,ARETES ORO                    ,COQUETA 10K                   
80505,JOYERIA                       ,ARETES ORO                    ,BROQUEL 14K                   
80506,JOYERIA                       ,ARETES ORO                    ,ARETE 14K                     
80507,JOYERIA                       ,ARETES ORO                    ,ARRACADA 14K                  
80509,JOYERIA                       ,ARETES ORO                    ,COQUETA 14K                   
80510,JOYERIA                       ,ARETES ORO                    ,JUEGO BROQUEL/ANILLO 10K      
80601,JOYERIA                       ,PENDANTIF ORO                 ,MEDALLAS 10K                  
80602,JOYERIA                       ,PENDANTIF ORO                 ,DIJES 10K                     
80603,JOYERIA                       ,PENDANTIF ORO                 ,CRUZ 10K                      
80604,JOYERIA                       ,PENDANTIF ORO                 ,MEDALLAS 14K                  
80605,JOYERIA                       ,PENDANTIF ORO                 ,DIJES 14K                     
80606,JOYERIA                       ,PENDANTIF ORO                 ,CRUZ 14K                      
80704,JOYERIA                       ,CADENAS ORO                   ,COLLAR 14K                    
80801,JOYERIA                       ,PULSERAS ORO                  ,ESCLAVA LISA 10K              
80802,JOYERIA                       ,PULSERAS ORO                  ,PULSERAS 10K                  
80803,JOYERIA                       ,PULSERAS ORO                  ,ESCLAVA PARA NIÑOS 10K        
80806,JOYERIA                       ,PULSERAS ORO                  ,ARO 10K                       
80807,JOYERIA                       ,PULSERAS ORO                  ,ESCLAVA 14K                   
80808,JOYERIA                       ,PULSERAS ORO                  ,PULSERA 14K                   
80811,JOYERIA                       ,PULSERAS ORO                  ,ARO 14K                       
80901,JOYERIA                       ,SETS ORO                      ,ANILLO CON ARETES 10K         
80902,JOYERIA                       ,SETS ORO                      ,COLLAR CON ARETES 10K         
80903,JOYERIA                       ,SETS ORO                      ,ANILLO CON ARETES 14K         
81101,JOYERIA                       ,ARGOLLAS 10KT-14KT            ,ARGOLLA 10K 5-5½              
81102,JOYERIA                       ,ARGOLLAS 10KT-14KT            ,ARGOLLA 10K 6-6½              
81103,JOYERIA                       ,ARGOLLAS 10KT-14KT            ,ARGOLLA 10K 7-7½              
81104,JOYERIA                       ,ARGOLLAS 10KT-14KT            ,ARGOLLA 10K 8-8½              
81105,JOYERIA                       ,ARGOLLAS 10KT-14KT            ,ARGOLLA 10K 9-9½              
81106,JOYERIA                       ,ARGOLLAS 10KT-14KT            ,ARGOLLA 10K 10-10½            
81107,JOYERIA                       ,ARGOLLAS 10KT-14KT            ,ARGOLLA 10K 11-11½            
81108,JOYERIA                       ,ARGOLLAS 10KT-14KT            ,ARGOLLA 14K 5-5½              
81109,JOYERIA                       ,ARGOLLAS 10KT-14KT            ,ARGOLLA 14K 6-6½              
81110,JOYERIA                       ,ARGOLLAS 10KT-14KT            ,ARGOLLA 14K 7-7½              
81111,JOYERIA                       ,ARGOLLAS 10KT-14KT            ,ARGOLLA 14K 8-8½              
81112,JOYERIA                       ,ARGOLLAS 10KT-14KT            ,ARGOLLA 14K 9-9½              
81113,JOYERIA                       ,ARGOLLAS 10KT-14KT            ,ARGOLLA 14K 10-10½            
81114,JOYERIA                       ,ARGOLLAS 10KT-14KT            ,ARGOLLA 14K 11-11½            
81201,JOYERIA                       ,ANILLO DAMA 10KT - 14KT       ,SOLITARIO 10K 5-5½            
81202,JOYERIA                       ,ANILLO DAMA 10KT - 14KT       ,SOLITARIO 10K 6-6½            
81203,JOYERIA                       ,ANILLO DAMA 10KT - 14KT       ,SOLITARIO 10K 7-7½            
81204,JOYERIA                       ,ANILLO DAMA 10KT - 14KT       ,SOLITARIO 10K 8-8½            
81205,JOYERIA                       ,ANILLO DAMA 10KT - 14KT       ,SOLITARIO 10K 9-9½            
81208,JOYERIA                       ,ANILLO DAMA 10KT - 14KT       ,SOLITARIO 14K 5-5½            
81209,JOYERIA                       ,ANILLO DAMA 10KT - 14KT       ,SOLITARIO 14K 6-6½            
81210,JOYERIA                       ,ANILLO DAMA 10KT - 14KT       ,SOLITARIO 14K 7-7½            
81211,JOYERIA                       ,ANILLO DAMA 10KT - 14KT       ,SOLITARIO 14K 8-8½            
81212,JOYERIA                       ,ANILLO DAMA 10KT - 14KT       ,SOLITARIO 14K 9-9½            
89809,JOYERIA                       ,COMPRAS ESPECIALES            ,CONSIGNACION.                 
90102,OPTICA                        ,ARM DAMA                      ,BISELADO                      
90103,OPTICA                        ,ARM DAMA                      ,3 PIEZAS                      
90104,OPTICA                        ,ARM DAMA                      ,GOMA                          
90198,OPTICA                        ,ARM DAMA                      ,VENTA ESPECIAL BODEGA         
91001,OPTICA                        ,ARM CABALLERO                 ,ARO COMPLETO                  
91002,OPTICA                        ,ARM CABALLERO                 ,BISELADO                      
91003,OPTICA                        ,ARM CABALLERO                 ,3 PIEZAS                      
92001,OPTICA                        ,ARM UNISEX                    ,ARO COMPLETO                  
92002,OPTICA                        ,ARM UNISEX                    ,BISELADO                      
92003,OPTICA                        ,ARM UNISEX                    ,3 PIEZAS                      
92004,OPTICA                        ,ARM UNISEX                    ,GOMA                          
93001,OPTICA                        ,ARM NIÑOS                     ,ARO COMPLETO                  
93002,OPTICA                        ,ARM NIÑOS                     ,BISELADO                      
93004,OPTICA                        ,ARM NIÑOS                     ,GOMA                          
94004,OPTICA                        ,ARM NIÑAS                     ,GOMA                          
95001,OPTICA                        ,PLASTICO CR 39                ,MONOFOCAL                     
95002,OPTICA                        ,PLASTICO CR 39                ,MONOFOCAL ALTO INDICE         
95003,OPTICA                        ,PLASTICO CR 39                ,BIFOCAL FT                    
95004,OPTICA                        ,PLASTICO CR 39                ,INVISIBLE                     
95005,OPTICA                        ,PLASTICO CR 39                ,PROGRESIVO ECLIPSE            
95006,OPTICA                        ,PLASTICO CR 39                ,PROGRESIVO SOLAMAX            
95501,OPTICA                        ,PLASTICO FOTOCAMBIABLE        ,MONOFOCAL GRIS                
95502,OPTICA                        ,PLASTICO FOTOCAMBIABLE        ,BIFOCAL FT GRIS               
95503,OPTICA                        ,PLASTICO FOTOCAMBIABLE        ,PROGRESIVO GRIS               
96001,OPTICA                        ,POLICARBONATO                 ,MONOFOCAL                     
96002,OPTICA                        ,POLICARBONATO                 ,BIFOCAL FT                    
96003,OPTICA                        ,POLICARBONATO                 ,PROGRESIVO                    
96502,OPTICA                        ,POLI CAMBIABLE                ,PROGRESIVO                    
97001,OPTICA                        ,CRISTALES                     ,MONOFOCAL BLANCO              
97002,OPTICA                        ,CRISTALES                     ,MONOFOCAL FOTOGREY            
97003,OPTICA                        ,CRISTALES                     ,FT BLANCO                     
97004,OPTICA                        ,CRISTALES                     ,FT FOTOGREY                   
97501,OPTICA                        ,PROCESOS                      ,ANTIREFLEJANTE                
97701,OPTICA                        ,ARMAZON DE MARCA              ,ARMAZON DE MARCA PARA DAMA    
97702,OPTICA                        ,ARMAZON DE MARCA              ,ARMAZON DE MARCA PARA CABALLER
97703,OPTICA                        ,ARMAZON DE MARCA              ,ARMAZON DE MARCA UNISEX       
97901,OPTICA                        ,LENTE DE CONTACTO GRADUADO    ,TORICOS                       
99401,OPTICA                        ,LENTE OFTALMICO ACETATO       ,ARM OFT ACETATO DAMA          
99402,OPTICA                        ,LENTE OFTALMICO ACETATO       ,ARM OFT ACETATO CABALLERO     
99403,OPTICA                        ,LENTE OFTALMICO ACETATO       ,ARM OFT ACETATO UNISEX        
99504,OPTICA                        ,LENTE SOLAR                   ,LENTE SOLAR NIÑOS             
99801,OPTICA                        ,VARIOS                        ,VARIOS                        
22810,ELECTRONICA                   ,RECARGAS DE TIEMPO AIRE       ,UNEFON TA ELECTRONICO         
22820,ELECTRONICA                   ,RECARGAS DE TIEMPO AIRE       ,TELEFONICA MOVISTAR TA ELECTRO
22830,ELECTRONICA                   ,RECARGAS DE TIEMPO AIRE       ,TELCEL TA ELECTRONICO         
22840,ELECTRONICA                   ,RECARGAS DE TIEMPO AIRE       ,ATT TA ELECTRONICO            
22481,ELECTRONICA                   ,TELEFONOS CELULARES           ,UNEFON                        
53240,BICICLETAS/BEBES/AUTOMOTRIZ   ,HERRAMIENTAS ELECTRICAS       ,PISTOLA PARA PINTAR.COM       
22409,ELECTRONICA                   ,TELEFONOS CELULARES           ,TELCEL R2                     
24204,ELECTRONICA                   ,VIDEO JUEGOS                  ,XBOX 360                      
29502,ELECTRONICA                   ,PROTECCION                    ,PROTECTORES                   
30401,MUEBLE SUELTO                 ,CAMAS                         ,METALICA 100              BAJA
30405,MUEBLE SUELTO                 ,CAMAS                         ,INFANTIL                  BAJA
31014,MUEBLE SUELTO                 ,BASES PARA COLCHON            ,MADERA QUEEN                  
31401,MUEBLE SUELTO                 ,MUEBLES INFANTILES            ,ROPERO                    BAJA
31406,MUEBLE SUELTO                 ,MUEBLES INFANTILES            ,CAMA CUNA IND.                
31411,MUEBLE SUELTO                 ,MUEBLES INFANTILES            ,COMODA                    BAJA
31416,MUEBLE SUELTO                 ,MUEBLES INFANTILES            ,CASA DE JUGUETES              
31420,MUEBLE SUELTO                 ,MUEBLES INFANTILES            ,ESCRITORIO                    
80101,JOYERIA                       ,ANILLOS DAMA ORO              ,ANILLO DAMA SOLITARIO 10K     
80301,JOYERIA                       ,ARGOLLAS MATRIMONIO ORO       ,ARGOLLA 10K  5-7              
80302,JOYERIA                       ,ARGOLLAS MATRIMONIO ORO       ,ARGOLLA 10K  8-10             
80303,JOYERIA                       ,ARGOLLAS MATRIMONIO ORO       ,ARGOLLA 10K   11-13           
80304,JOYERIA                       ,ARGOLLAS MATRIMONIO ORO       ,ARGOLLA 14K 5-7               
80305,JOYERIA                       ,ARGOLLAS MATRIMONIO ORO       ,ARGOLLA 14K  8-10             
80306,JOYERIA                       ,ARGOLLAS MATRIMONIO ORO       ,ARGOLLA 14K   11-13           
80701,JOYERIA                       ,CADENAS ORO                   ,CADENA 10K                    
80702,JOYERIA                       ,CADENAS ORO                   ,COLLAR 10K                    
80703,JOYERIA                       ,CADENAS ORO                   ,CADENA 14K                    
80705,JOYERIA                       ,CADENAS ORO                   ,ROSARIO 10K                   
80809,JOYERIA                       ,PULSERAS ORO                  ,ESCLAVA NIÑOS 14K             
82503,JOYERIA                       ,PENDANTIF ACERO INOXIDABLE    ,MEDALLA                       
82803,JOYERIA                       ,JUEGOS ACERO INOXIDABLE       ,COLLAR CON PULSERA            
82804,JOYERIA                       ,JUEGOS ACERO INOXIDABLE       ,CAUCHO CON DIJE/CRUZ          
40101,"SALAS, RECAMARAS, COMEDORES   ",SALAS                         ,SILLON IND CONTEMPORANEO      
22301,ELECTRONICA                   ,COMPUTADORAS                  ,DESKTOP                       
22310,ELECTRONICA                   ,COMPUTADORAS                  ,NETBOOK                       
22311,ELECTRONICA                   ,COMPUTADORAS                  ,PROYECTORES                   
22417,ELECTRONICA                   ,TELEFONOS CELULARES           ,TELCEL R3                     
22433,ELECTRONICA                   ,TELEFONOS CELULARES           ,TELCEL R5                     
22441,ELECTRONICA                   ,TELEFONOS CELULARES           ,TELCEL R6                     
22457,ELECTRONICA                   ,TELEFONOS CELULARES           ,TELCEL R8                     
22465,ELECTRONICA                   ,TELEFONOS CELULARES           ,TELCEL R9                     
22473,ELECTRONICA                   ,TELEFONOS CELULARES           ,MOVISTAR                      
22620,ELECTRONICA                   ,TARJETAS DE LARGA DISTANCIA   ,B-TELL LARGA DISTANCIA        
22711,ELECTRONICA                   ,PLANES TARIFARIOS             ,TARJETON UNEFON               
22712,ELECTRONICA                   ,PLANES TARIFARIOS             ,PLANES MOVISTAR               
22730,ELECTRONICA                   ,PLANES TARIFARIOS             ,PLAN TELCEL                   
22741,ELECTRONICA                   ,PLANES TARIFARIOS             ,PLAN C/ EQUIPO GRATIS UNEFON  
29501,ELECTRONICA                   ,PROTECCION                    ,FUNDA CLIP                    
29503,ELECTRONICA                   ,PROTECCION                    ,CARGADOR                      
29504,ELECTRONICA                   ,PROTECCION                    ,MANOS LIBRES                  
29505,ELECTRONICA                   ,PROTECCION                    ,AUTORETRATO - SELFIE          
29506,ELECTRONICA                   ,PROTECCION                    ,EJERCICIO                     
29508,ELECTRONICA                   ,PROTECCION                    ,BOCINAS                       
29511,ELECTRONICA                   ,PROTECCION                    ,SOPORTES                      
29513,ELECTRONICA                   ,PROTECCION                    ,CABLES                        
29514,ELECTRONICA                   ,PROTECCION                    ,ADAPTADORES                   
29515,ELECTRONICA                   ,PROTECCION                    ,POWER BANKS                   
29517,ELECTRONICA                   ,PROTECCION                    ,ANILLOS                       
29519,ELECTRONICA                   ,PROTECCION                    ,PROTECTOR PANTALLA            
29540,ELECTRONICA                   ,PROTECCION                    ,APOYOS                        
50301,BICICLETAS/BEBES/AUTOMOTRIZ   ,JUGUETES                      ,CARRITO INFANTIL              
50325,BICICLETAS/BEBES/AUTOMOTRIZ   ,JUGUETES                      ,JUGUETEROS                    
59905,BICICLETAS/BEBES/AUTOMOTRIZ   ,OFERTAS                       ,DOMIT                         
89901,JOYERIA                       ,OFERTAS                       ,VARIOS                        
99901,OPTICA                        ,MERCANCIA EN CONSIGNACION     ,MERCANCIA EN CONSIGNACION     
17801,DOMESTICOS                    ,ASPIRADORAS                   ,ASPIRADORAS MULTIUSOS         
20203,ELECTRONICA                   ,AUTO STEREOS                  ,AUTOESTEREO CD C/BOCINAS      
20301,ELECTRONICA                   ,BOCINA CAR AUDIO              ,BOCINA PORTATIL               
20501,ELECTRONICA                   ,RADIOGRABADORAS               ,RADIO CASSETTE COMPACTO       
20503,ELECTRONICA                   ,RADIOGRABADORAS               ,RADIO CASSETTE BOCINAS SEPARAD
20504,ELECTRONICA                   ,RADIOGRABADORAS               ,RADIO CD CASSETTE BOC/SEPARADA
20505,ELECTRONICA                   ,RADIOGRABADORAS               ,KARAOKE                       
20607,ELECTRONICA                   ,MINI AUDIOS                   ,REPRODUCTOR MP3               
22201,ELECTRONICA                   ,TELEFONOS                     ,BASICO                        
22202,ELECTRONICA                   ,TELEFONOS                     ,CON MEMORIAS                  
22204,ELECTRONICA                   ,TELEFONOS                     ,INALAMBRICO                   
22205,ELECTRONICA                   ,TELEFONOS                     ,CONTESTADOR C/TELEFONO        
22210,ELECTRONICA                   ,TELEFONOS                     ,INALAMBRICO CON EXTENSIONES   
24205,ELECTRONICA                   ,VIDEO JUEGOS                  ,WII                           
29802,ELECTRONICA                   ,ACCESORIOS VARIOS             ,AUDIFONOS                     
30102,MUEBLE SUELTO                 ,COLCHON                       ,ESTANDAR INDIVIDUAL           
30120,MUEBLE SUELTO                 ,COLCHON                       ,PILLOW TOP QS                 
30212,MUEBLE SUELTO                 ,JUEGO BOX                     ,PILLOW TOP MATRIMONIAL        
30418,MUEBLE SUELTO                 ,CAMAS                         ,SOFA CAMA                     
31602,MUEBLE SUELTO                 ,COMEDORES                     ,METAL CRISTAL 5PZ CLASICO     
33005,MUEBLE SUELTO                 ,JARDIN                        ,SILLA PLATICA METAL P/SET     
40107,"SALAS, RECAMARAS, COMEDORES   ",SALAS                         ,22 CONTEMPORANEA (VINIL/SUEDE)
40115,"SALAS, RECAMARAS, COMEDORES   ",SALAS                         ,321 VINIL CONTEMPORANEA       
41005,"SALAS, RECAMARAS, COMEDORES   ",SOFAS CAMA                    ,SOFACAMA CLASICO              
41501,"SALAS, RECAMARAS, COMEDORES   ",SALA DESPIEZADA               ,PIEZAS SALAS SILLON IND CONTEM
41502,"SALAS, RECAMARAS, COMEDORES   ",SALA DESPIEZADA               ,PIEZAS SALAS LOVE SEAT CONTEM 
41503,"SALAS, RECAMARAS, COMEDORES   ",SALA DESPIEZADA               ,PIEZAS SALAS SOFA CONTEM      
44001,"SALAS, RECAMARAS, COMEDORES   ",MESAS SALAS                   ,JGO DE MESA MADERA CLASICA    
46001,"SALAS, RECAMARAS, COMEDORES   ",RECAMARAS                     ,RECAMARA CLASICA              
46010,"SALAS, RECAMARAS, COMEDORES   ",RECAMARAS                     ,ROPERO/COMODA DESPIEZADO      
46302,"SALAS, RECAMARAS, COMEDORES   ",MUEBLES PARA TV               ,MESA PARA TV CONTEMPORANEA    
48505,"SALAS, RECAMARAS, COMEDORES   ",COMPLEMENTOS PARA MQ DE COSER ,MOTORES Y CABEZAS DE MQ COSER 
49110,"SALAS, RECAMARAS, COMEDORES   ",ROPA DE CAMA INTERIOR         ,JUEGO DE SABANAS COLORES BASIC
49120,"SALAS, RECAMARAS, COMEDORES   ",ROPA DE CAMA INTERIOR         ,JUEGOS DE SABANAS ESTAMPADAS  
49125,"SALAS, RECAMARAS, COMEDORES   ",ROPA DE CAMA INTERIOR         ,FUNDAS BASICAS                
49130,"SALAS, RECAMARAS, COMEDORES   ",ROPA DE CAMA INTERIOR         ,FUNDAS ESTAMPADAS             
49205,"SALAS, RECAMARAS, COMEDORES   ",ROPA DE CAMA EXTERIOR         ,COORDINADO DE EDREDON TRADICIO
49215,"SALAS, RECAMARAS, COMEDORES   ",ROPA DE CAMA EXTERIOR         ,COORDINADO DE EDREDON INFANTIL
49240,"SALAS, RECAMARAS, COMEDORES   ",ROPA DE CAMA EXTERIOR         ,CUBRELITERA INFANTIL/JUVENIL  
49250,"SALAS, RECAMARAS, COMEDORES   ",ROPA DE CAMA EXTERIOR         ,EDRECOLCHA TRADICIONAL        
50601,BICICLETAS/BEBES/AUTOMOTRIZ   ,LLANTAS                       ,PASAJERO RIN 13               
50602,BICICLETAS/BEBES/AUTOMOTRIZ   ,LLANTAS                       ,PASAJERO RIN 14               
50603,BICICLETAS/BEBES/AUTOMOTRIZ   ,LLANTAS                       ,PASAJERO RIN 15               
50604,BICICLETAS/BEBES/AUTOMOTRIZ   ,LLANTAS                       ,CAMIONETA RIN 14              
50605,BICICLETAS/BEBES/AUTOMOTRIZ   ,LLANTAS                       ,CAMIONETA RIN 15              
50606,BICICLETAS/BEBES/AUTOMOTRIZ   ,LLANTAS                       ,CAMIONETA RIN 16              
50607,BICICLETAS/BEBES/AUTOMOTRIZ   ,LLANTAS                       ,CAMIONETA RIN 17              
50610,BICICLETAS/BEBES/AUTOMOTRIZ   ,LLANTAS                       ,DISPONIBLE                    
50615,BICICLETAS/BEBES/AUTOMOTRIZ   ,LLANTAS                       ,PASAJERO RIN 16               
50617,BICICLETAS/BEBES/AUTOMOTRIZ   ,LLANTAS                       ,PASAJERO RIN 17               
50620,BICICLETAS/BEBES/AUTOMOTRIZ   ,LLANTAS                       ,MICHELIN                      
51805,BICICLETAS/BEBES/AUTOMOTRIZ   ,Bicicletas de Carga y Trabajo ,TRICARGA                      
53105,BICICLETAS/BEBES/AUTOMOTRIZ   ,ACCESORIOS AUT MANUALES       ,CRUCETAS                      
53110,BICICLETAS/BEBES/AUTOMOTRIZ   ,ACCESORIOS AUT MANUALES       ,CABLES PASA CORRIENTE         
53125,BICICLETAS/BEBES/AUTOMOTRIZ   ,ACCESORIOS AUT MANUALES       ,CABLE CANDADO                 
53130,BICICLETAS/BEBES/AUTOMOTRIZ   ,ACCESORIOS AUT MANUALES       ,BOMBA DE AIRE                 
53215,BICICLETAS/BEBES/AUTOMOTRIZ   ,HERRAMIENTAS ELECTRICAS       ,TALADRO INALAMBRICO           
53220,BICICLETAS/BEBES/AUTOMOTRIZ   ,HERRAMIENTAS ELECTRICAS       ,CALADORA                      
53230,BICICLETAS/BEBES/AUTOMOTRIZ   ,HERRAMIENTAS ELECTRICAS       ,LIJADORA                      
53316,BICICLETAS/BEBES/AUTOMOTRIZ   ,HERRAMIENTAS MANUALES         ,JUEGO DE PINZAS               
53320,BICICLETAS/BEBES/AUTOMOTRIZ   ,HERRAMIENTAS MANUALES         ,DESARMADORES                  
53325,BICICLETAS/BEBES/AUTOMOTRIZ   ,HERRAMIENTAS MANUALES         ,MULTIHERRAMIENTAS             
53330,BICICLETAS/BEBES/AUTOMOTRIZ   ,HERRAMIENTAS MANUALES         ,CAJA PARA HERRAMIENTAS        
53335,BICICLETAS/BEBES/AUTOMOTRIZ   ,HERRAMIENTAS MANUALES         ,ESCALERA                      
17802,DOMESTICOS                    ,ASPIRADORAS                   ,"ASPIRADORAS METAL, AGUA, MASC "
17803,DOMESTICOS                    ,ASPIRADORAS                   ,ASPIRADORA VERTIC ALAMB/INALAM
17804,DOMESTICOS                    ,ASPIRADORAS                   ,ASPIRADORA PORTATIL/MANUAL    
20101,ELECTRONICA                   ,AMPLIFICADORES CAR AUDIO      ,AMPLIFICADOR/RECEPTOR         
20204,ELECTRONICA                   ,AUTO STEREOS                  ,ACCESORIOS CAR AUDIO          
20302,ELECTRONICA                   ,BOCINA CAR AUDIO              ,BOCINA EMPOTRAR               
20401,ELECTRONICA                   ,AUDIO                         ,ALTA POTENCIA                 
20402,ELECTRONICA                   ,AUDIO                         ,MULTIBOCINAS                  
20403,ELECTRONICA                   ,AUDIO                         ,2.1 CANALES                   
20404,ELECTRONICA                   ,AUDIO                         ,2.0 CANALES                   
20405,ELECTRONICA                   ,AUDIO                         ,BAFLES 12-15                  
20406,ELECTRONICA                   ,AUDIO                         ,MICROCOMPONENTES              
20502,ELECTRONICA                   ,RADIOGRABADORAS               ,RADIO CD CASSETTE COMPACTO    
20609,ELECTRONICA                   ,MINI AUDIOS                   ,IPOD                          
20701,ELECTRONICA                   ,RADIOS                        ,RADIOS DE COMUNICACION        
20702,ELECTRONICA                   ,RADIOS                        ,RADIO RELOJ DESPERTADOR       
20801,ELECTRONICA                   ,REGULADORES Y SUPRESORES      ,REGULADOR                     
21003,ELECTRONICA                   ,TELEVISOR COLOR               ,TELEVISOR CRT  13 - 15        
21004,ELECTRONICA                   ,TELEVISOR COLOR               ,TV PLANA 14/15                
21005,ELECTRONICA                   ,TELEVISOR COLOR               ,13/14 CON CONTROL VIDEO       
21009,ELECTRONICA                   ,TELEVISOR COLOR               ,19/21 TV SIN CONTROL          
21010,ELECTRONICA                   ,TELEVISOR COLOR               ,19/21 CON CONTROL             
21011,ELECTRONICA                   ,TELEVISOR COLOR               ,19/21 CON CONTROL STEREO      
21012,ELECTRONICA                   ,TELEVISOR COLOR               ,19/21 CON CONTROL VIDEO       
21013,ELECTRONICA                   ,TELEVISOR COLOR               ,TELEVISOR CRT  19 - 21        
21015,ELECTRONICA                   ,TELEVISOR COLOR               ,25/27 CON CONTROL             
21016,ELECTRONICA                   ,TELEVISOR COLOR               ,25/27 CON CONTROL STEREO      
21018,ELECTRONICA                   ,TELEVISOR COLOR               ,TV PLANA 25/27 STEREO         
21020,ELECTRONICA                   ,TELEVISOR COLOR               ,28/32 CON CONTROL STEREO      
21021,ELECTRONICA                   ,TELEVISOR COLOR               ,TELEVISOR CRT  25 - 29        
21022,ELECTRONICA                   ,TELEVISOR COLOR               ,34/36 CON CONTROL STEREO      
21023,ELECTRONICA                   ,TELEVISOR COLOR               ,COMBO TV/VCR                  
21024,ELECTRONICA                   ,TELEVISOR COLOR               ,PANTALLA DE PROYECCION        
21026,ELECTRONICA                   ,TELEVISOR COLOR               ,TELEVISOR LCD                 
21027,ELECTRONICA                   ,TELEVISOR COLOR               ,PANTALLA PLASMA               
21028,ELECTRONICA                   ,TELEVISOR COLOR               ,PROYECTORES LCD/DLP           
21030,ELECTRONICA                   ,TELEVISOR COLOR               ,TELEVISOR LCD   7 - 17        
21031,ELECTRONICA                   ,TELEVISOR COLOR               ,TELEVISOR LCD  19 - 23        
21032,ELECTRONICA                   ,TELEVISOR COLOR               ,TELEVISOR LCD  26 - 27        
21033,ELECTRONICA                   ,TELEVISOR COLOR               ,TELEVISOR LCD  32 - 37        
21034,ELECTRONICA                   ,TELEVISOR COLOR               ,TELEVISOR LCD  40 - 47        
21101,ELECTRONICA                   ,HORNOS MICROONDAS             ,HORNO MICROONDAS              
21201,ELECTRONICA                   ,INSTRUMENTOS MUSICALES        ,ORGANOS                       
21203,ELECTRONICA                   ,INSTRUMENTOS MUSICALES        ,ORGANO 61 TECLAS              
21204,ELECTRONICA                   ,INSTRUMENTOS MUSICALES        ,ACCESORIOS                    
21401,ELECTRONICA                   ,CONTROLES                     ,CONTROL TV UNIVERSAL          
21501,ELECTRONICA                   ,CAMARA FOTOGRAFICA            ,CAMARAS COMPACTAS             
21502,ELECTRONICA                   ,CAMARA FOTOGRAFICA            ,CAMARAS DE VIDEO              
21503,ELECTRONICA                   ,CAMARA FOTOGRAFICA            ,CAMARA 35MM                   
21601,ELECTRONICA                   ,DVD                           ,REPRODUCTOR DVD BASICO        
21702,ELECTRONICA                   ,CONSUMIBLES P/ GRABACION VIDEO,VIDEO CASSETTE                
21901,ELECTRONICA                   ,ACCESORIOS TV                 ,ANTENA EXTERNA                
21903,ELECTRONICA                   ,ACCESORIOS TV                 ,ANTENA INTERNA                
22001,ELECTRONICA                   ,CONSOLAS DE VIDEOJUEGOS       ,XBOX ONE                      
22002,ELECTRONICA                   ,CONSOLAS DE VIDEOJUEGOS       ,XBOX 360                      
22003,ELECTRONICA                   ,CONSOLAS DE VIDEOJUEGOS       ,PS4                           
22004,ELECTRONICA                   ,CONSOLAS DE VIDEOJUEGOS       ,"PS3, PS1                      "
22006,ELECTRONICA                   ,CONSOLAS DE VIDEOJUEGOS       ,PS VITA                       
22102,ELECTRONICA                   ,BATERIAS                      ,CARGADOR IMPULSO              
24002,ELECTRONICA                   ,MEMORIAS                      ,SD                            
24003,ELECTRONICA                   ,MEMORIAS                      ,MICRO SD                      
24004,ELECTRONICA                   ,MEMORIAS                      ,MEMORY STICK                  
24005,ELECTRONICA                   ,MEMORIAS                      ,M2                            
24006,ELECTRONICA                   ,MEMORIAS                      ,MINI SD                       
24007,ELECTRONICA                   ,MEMORIAS                      ,PAQUETES                      
24008,ELECTRONICA                   ,MEMORIAS                      ,COMPACT FLASH                 
24009,ELECTRONICA                   ,MEMORIAS                      ,LECTOR                        
24201,ELECTRONICA                   ,VIDEO JUEGOS                  ,PS2                           
24202,ELECTRONICA                   ,VIDEO JUEGOS                  ,PS3                           
24207,ELECTRONICA                   ,VIDEO JUEGOS                  ,"SWITCH, JUEGOS VARIOS         "
29601,ELECTRONICA                   ,ACCESORIOS CAMARAS            ,ESTUCHES DUROS                
29602,ELECTRONICA                   ,ACCESORIOS CAMARAS            ,ESTUCHE                       
29603,ELECTRONICA                   ,ACCESORIOS CAMARAS            ,ACCESORIOS PARA CAMARA VARIOS 
29604,ELECTRONICA                   ,ACCESORIOS CAMARAS            ,IMPRESORA FOTOGRAFICA         
29605,ELECTRONICA                   ,ACCESORIOS CAMARAS            ,ESTUCHES BLANDOS              
29701,ELECTRONICA                   ,ACCESORIOS PARA IPOD          ,ACCESORIOS PARA IPOD          
30414,MUEBLE SUELTO                 ,CAMAS                         ,METAL KS                      
31403,MUEBLE SUELTO                 ,MUEBLES INFANTILES            ,CLOSET                    BAJA
31437,MUEBLE SUELTO                 ,MUEBLES INFANTILES            ,TABURETES INFANTILES          
33010,MUEBLE SUELTO                 ,JARDIN                        ,MESA PLASTICA BAJA            
38001,MUEBLE SUELTO                 ,ACCESORIOS                    ,BOX-100/135/150/200           
44005,"SALAS, RECAMARAS, COMEDORES   ",MESAS SALAS                   ,JGO MESAS MET-MAD/CRIST CONTEM
45002,"SALAS, RECAMARAS, COMEDORES   ",ILUMINACION                   ,LAMP JUEGO DE 3               
45010,"SALAS, RECAMARAS, COMEDORES   ",ILUMINACION                   ,LAMPARA TRADICIONAL           
45240,"SALAS, RECAMARAS, COMEDORES   ",CUADROS Y ESPEJOS             ,ARTICULOS RELIGIOSOS          
45250,"SALAS, RECAMARAS, COMEDORES   ",CUADROS Y ESPEJOS             ,CUADROS SALA CLASICOS         
45255,"SALAS, RECAMARAS, COMEDORES   ",CUADROS Y ESPEJOS             ,CUADROS PARA  COMEDOR         
45405,"SALAS, RECAMARAS, COMEDORES   ",ACCESORIOS DE MESA            ,MANTELES INDIVIDUALES         
45501,"SALAS, RECAMARAS, COMEDORES   ",COJINES                       ,COJINES P/RECAMARA COORDINADOS
45505,"SALAS, RECAMARAS, COMEDORES   ",COJINES                       ,COJINES RECAMARA ABRAZABLES   
45510,"SALAS, RECAMARAS, COMEDORES   ",COJINES                       ,COJIN CON APLICACION          
45515,"SALAS, RECAMARAS, COMEDORES   ",COJINES                       ,COJINES P/RECAMARA GRANDES    
45520,"SALAS, RECAMARAS, COMEDORES   ",COJINES                       ,COJINES P/RECAMARA JUMBO      
45525,"SALAS, RECAMARAS, COMEDORES   ",COJINES                       ,COJINES P/SALA VINIL          
45530,"SALAS, RECAMARAS, COMEDORES   ",COJINES                       ,COJINES P/SALA SUEDE          
45535,"SALAS, RECAMARAS, COMEDORES   ",COJINES                       ,COJINES P/SALA ESTAMPADOS     
45540,"SALAS, RECAMARAS, COMEDORES   ",COJINES                       ,COJINES HERRADURA             
45545,"SALAS, RECAMARAS, COMEDORES   ",COJINES                       ,COJINES CILINDROS             
46303,"SALAS, RECAMARAS, COMEDORES   ",MUEBLES PARA TV               ,MESA PARA TV CLASICA          
46510,"SALAS, RECAMARAS, COMEDORES   ",PIEZAS SUELTAS DE RECAMARAS   ,ROPERO/COMODA DESPIEZADA      
46515,"SALAS, RECAMARAS, COMEDORES   ",PIEZAS SUELTAS DE RECAMARAS   ,BURO DESPIEZADO               
48501,"SALAS, RECAMARAS, COMEDORES   ",COMPLEMENTOS PARA MQ DE COSER ,GABINETE PARA MQ COSER        
49220,"SALAS, RECAMARAS, COMEDORES   ",ROPA DE CAMA EXTERIOR         ,EDREDON CONTEMPORANEO         
49225,"SALAS, RECAMARAS, COMEDORES   ",ROPA DE CAMA EXTERIOR         ,EDREDON TRADICIONAL           
49230,"SALAS, RECAMARAS, COMEDORES   ",ROPA DE CAMA EXTERIOR         ,EDREDON JUVENIL               
49245,"SALAS, RECAMARAS, COMEDORES   ",ROPA DE CAMA EXTERIOR         ,COLCHA                        
49401,"SALAS, RECAMARAS, COMEDORES   ",ROPA DE CUNA                  ,COORDINADO                    
50701,BICICLETAS/BEBES/AUTOMOTRIZ   ,ACUMULADORES                  ,AUTOMOVIL SUBCOMPACTO CHICO   
50702,BICICLETAS/BEBES/AUTOMOTRIZ   ,ACUMULADORES                  ,AUTOMOVIL COMPACTOS MEDIANOS  
50703,BICICLETAS/BEBES/AUTOMOTRIZ   ,ACUMULADORES                  ,"AUTO  SUV, CAMIONETA GRANDE   "
51105,BICICLETAS/BEBES/AUTOMOTRIZ   ,ACCESORIOS BICICLETAS         ,CASCO ADULTO                  
51505,BICICLETAS/BEBES/AUTOMOTRIZ   ,BICICLETA ADULTO              ,VACIA                         
51510,BICICLETAS/BEBES/AUTOMOTRIZ   ,BICICLETA ADULTO              ,RIN 26 MTB SUSP DEL CABALLERO 
51515,BICICLETAS/BEBES/AUTOMOTRIZ   ,BICICLETA ADULTO              ,RIN 26 MTB DAMA               
51520,BICICLETAS/BEBES/AUTOMOTRIZ   ,BICICLETA ADULTO              ,RIN 27.5 MTB CABALLERO        
51530,BICICLETAS/BEBES/AUTOMOTRIZ   ,BICICLETA ADULTO              ,RIN 29 MTB DOBLE SUSP CABALLER
51535,BICICLETAS/BEBES/AUTOMOTRIZ   ,BICICLETA ADULTO              ,RIN 24 URBANA CABALLERO       
51540,BICICLETAS/BEBES/AUTOMOTRIZ   ,BICICLETA ADULTO              ,RIN 24 URBANA DAMA            
52001,BICICLETAS/BEBES/AUTOMOTRIZ   ,ACCESORIOS AUTOMOTRIZ VARIOS  ,FAMILIA DISPONIBLE            
52006,BICICLETAS/BEBES/AUTOMOTRIZ   ,ACCESORIOS AUTOMOTRIZ VARIOS  ,VARIOS ACCS AUT TDA           
52010,BICICLETAS/BEBES/AUTOMOTRIZ   ,ACCESORIOS AUTOMOTRIZ VARIOS  ,TAPONES Y COPAS               
53005,BICICLETAS/BEBES/AUTOMOTRIZ   ,ACCESORIOS AUT ELECTRICOS     ,COMPRESOR CHICO               
53115,BICICLETAS/BEBES/AUTOMOTRIZ   ,ACCESORIOS AUT MANUALES       ,GATOS HIDRAULICOS AUTO        
53155,BICICLETAS/BEBES/AUTOMOTRIZ   ,ACCESORIOS AUT MANUALES       ,MALETERO BOLSAS PORTA EQUIPAJE
53205,BICICLETAS/BEBES/AUTOMOTRIZ   ,HERRAMIENTAS ELECTRICAS       ,ATORNILLADOR INALAMBRICO      
53305,BICICLETAS/BEBES/AUTOMOTRIZ   ,HERRAMIENTAS MANUALES         ,JUEGO DE DADOS                
53310,BICICLETAS/BEBES/AUTOMOTRIZ   ,HERRAMIENTAS MANUALES         ,JUEGO DE BROCAS               
53505,BICICLETAS/BEBES/AUTOMOTRIZ   ,FOCOS                         ,FOCO 13-14 W                  
53510,BICICLETAS/BEBES/AUTOMOTRIZ   ,FOCOS                         ,TWISTER 23-26 W               
53515,BICICLETAS/BEBES/AUTOMOTRIZ   ,FOCOS                         ,FOCO 15 W                     
54005,BICICLETAS/BEBES/AUTOMOTRIZ   ,PINTURA E IMPERMEABILIZANTE   ,LITRO                         
54010,BICICLETAS/BEBES/AUTOMOTRIZ   ,PINTURA E IMPERMEABILIZANTE   ,GALON                         
54015,BICICLETAS/BEBES/AUTOMOTRIZ   ,PINTURA E IMPERMEABILIZANTE   ,IMPERMEABILIZANTE GALON       
54020,BICICLETAS/BEBES/AUTOMOTRIZ   ,PINTURA E IMPERMEABILIZANTE   ,IMPERMEABILIZANTE CUBETA      
54025,BICICLETAS/BEBES/AUTOMOTRIZ   ,PINTURA E IMPERMEABILIZANTE   ,ACCESORIOS                    
60103,LINEA BLANCA                  ,ACONDICIONADORES              ,1 Y 2 TON BAJA                
60106,LINEA BLANCA                  ,ACONDICIONADORES              ,MINI SPLIT 1.5 Y 2 TON BAJA   
60201,LINEA BLANCA                  ,COOLER                        ,MESA BAJA                     
60204,LINEA BLANCA                  ,COOLER                        ,DUCTO VERTICAL BAJA           
60302,LINEA BLANCA                  ,VENTILADORES                  ,PIE GIRATORIO BAJA            
60305,LINEA BLANCA                  ,VENTILADORES                  ,DE PISO BAJA                  
60401,LINEA BLANCA                  ,CALENTADORES DE AGUA          ,CALENTADOR GAS LP-LEÑA        
60403,LINEA BLANCA                  ,CALENTADORES DE AGUA          ,MAS DE 30 GALONES BAJA        
60404,LINEA BLANCA                  ,CALENTADORES DE AGUA          ,DE PASO-INSTANTANEOS LP BAJA  
60405,LINEA BLANCA                  ,CALENTADORES DE AGUA          ,CALENTADORES GAS NAT BAJA     
60601,LINEA BLANCA                  ,ESTUFAS                       ,DE MESA BAJA                  
60605,LINEA BLANCA                  ,ESTUFAS                       ,DE 24 BAJA                    
60608,LINEA BLANCA                  ,ESTUFAS                       ,DE 30 BAJA                    
60609,LINEA BLANCA                  ,ESTUFAS                       ,ESTUFAS PARA COCINAS INTE BAJA
60803,LINEA BLANCA                  ,HORNO P/EMPOTRAR              ,DE 20 Y 24                    
60804,LINEA BLANCA                  ,HORNO P/EMPOTRAR              ,DE 30 BAJA                    
60901,LINEA BLANCA                  ,ESTUFAS DE MESA               ,ESTUFAS DE MESA BAJA          
61001,LINEA BLANCA                  ,ENF AGUA                      ,ENF AGUA BAJA                 
61104,LINEA BLANCA                  ,REFRIGERADOR                  ,2 PTAS SEMIAUT                
61113,LINEA BLANCA                  ,REFRIGERADOR                  ,FRIGOBAR BAJA                 
61202,LINEA BLANCA                  ,LAVADORA/SECADORA/LAVAVAJILLA ,AUTOMATICA  10 KG BAJA        
61203,LINEA BLANCA                  ,LAVADORA/SECADORA/LAVAVAJILLA ,AUTOMATICA  10 KG BAJA        
61214,LINEA BLANCA                  ,LAVADORA/SECADORA/LAVAVAJILLA ,TINACO DE AGUA BAJA           
69901,LINEA BLANCA                  ,PROMOCIONES                   ,OFERTAS                       
69902,LINEA BLANCA                  ,PROMOCIONES                   ,EXHIBIDORES                   
69903,LINEA BLANCA                  ,PROMOCIONES                   ,COMPRAS ESP.                  
69904,LINEA BLANCA                  ,PROMOCIONES                   ,OTROS                         
70301,RELOJERIA                     ,RELOJ NIÑOS                   ,N PLASTICO                    
70302,RELOJERIA                     ,RELOJ NIÑOS                   ,N METAL                       
80108,JOYERIA                       ,ANILLOS DAMA ORO              ,ANILLO NIÑA 14K               
80401,JOYERIA                       ,ACCESORIOS                    ,ESTUCHES                      
80706,JOYERIA                       ,CADENAS ORO                   ,ROSARIO 14K                   
82002,JOYERIA                       ,ACERO INOXIDABLE              ,ANILLOS AI CABALLERO          
82101,JOYERIA                       ,ANILLOS CABALLERO ACERO INOXID,ANILLO A.I CABALLERO SOLITARIO
82102,JOYERIA                       ,ANILLOS CABALLERO ACERO INOXID,ANILLO A.I CABALLERO COCTEL   
82103,JOYERIA                       ,ANILLOS CABALLERO ACERO INOXID,ANILLO A.I CABALLERO LISO     
82401,JOYERIA                       ,ARETES ACERO INOXIDABLE       ,ARETES                        
82402,JOYERIA                       ,ARETES ACERO INOXIDABLE       ,BROQUEL                       
82403,JOYERIA                       ,ARETES ACERO INOXIDABLE       ,ARRACADA                      
82404,JOYERIA                       ,ARETES ACERO INOXIDABLE       ,ARETES LARGOS                 
82501,JOYERIA                       ,PENDANTIF ACERO INOXIDABLE    ,DIJE                          
82502,JOYERIA                       ,PENDANTIF ACERO INOXIDABLE    ,CRUZ                          
82601,JOYERIA                       ,CADENAS ACERO INOXIDABLE      ,CADENA                        
82602,JOYERIA                       ,CADENAS ACERO INOXIDABLE      ,COLLAR DAMA                   
82603,JOYERIA                       ,CADENAS ACERO INOXIDABLE      ,COLLAR CABALLERO              
82701,JOYERIA                       ,PULSERAS ACERO INOXIDABLE     ,PULSERA                       
82702,JOYERIA                       ,PULSERAS ACERO INOXIDABLE     ,PULSO CABALLERO               
82703,JOYERIA                       ,PULSERAS ACERO INOXIDABLE     ,ARO                           
82704,JOYERIA                       ,PULSERAS ACERO INOXIDABLE     ,BRAZALETE                     
82801,JOYERIA                       ,JUEGOS ACERO INOXIDABLE       ,ANILLO CON ARETES             
82802,JOYERIA                       ,JUEGOS ACERO INOXIDABLE       ,ARETES CON COLLAR             
82805,JOYERIA                       ,JUEGOS ACERO INOXIDABLE       ,CUERO CON DIJE/CRUZ           
84001,JOYERIA                       ,ANILLO DAMA PLATA             ,ANILLO DAMA SOLITARIO PLATA   
84002,JOYERIA                       ,ANILLO DAMA PLATA             ,ANILLO DAMA COCTEL PLATA      
84003,JOYERIA                       ,ANILLO DAMA PLATA             ,ANILLO DAMA LISO PLATA        
84101,JOYERIA                       ,ANILLO CABALLERO COCTEL PLATA ,ANILLO  PL CABALLERO SOLITARIO
84102,JOYERIA                       ,ANILLO CABALLERO COCTEL PLATA ,ANILLO PL CABALLERO COCTEL    
84103,JOYERIA                       ,ANILLO CABALLERO COCTEL PLATA ,ANILLO PL CABALLERO LISO      
84301,JOYERIA                       ,ARETES PLATA                  ,BROQUEL PLATA                 
84302,JOYERIA                       ,ARETES PLATA                  ,ARETES PLATA                  
84303,JOYERIA                       ,ARETES PLATA                  ,ARRACADA PLATA                
84304,JOYERIA                       ,ARETES PLATA                  ,COQUETA PLATA                 
84401,JOYERIA                       ,PENDANTIF PLATA               ,MEDALLA PLATA                 
84402,JOYERIA                       ,PENDANTIF PLATA               ,DIJE PLATA                    
84403,JOYERIA                       ,PENDANTIF PLATA               ,CRUZ PLATA                    
84501,JOYERIA                       ,CADENAS PLATA                 ,CADENA PLATA                  
84502,JOYERIA                       ,CADENAS PLATA                 ,COLLAR PLATA                  
84601,JOYERIA                       ,PULSERAS PLATA                ,ESCLAVA PLATA                 
84602,JOYERIA                       ,PULSERAS PLATA                ,PULSERA PLATA                 
84603,JOYERIA                       ,PULSERAS PLATA                ,ARO PLATA                     
84604,JOYERIA                       ,PULSERAS PLATA                ,BRAZALETE PLATA               
84701,JOYERIA                       ,JUEGOS PLATA                  ,ANILLO CON ARETES PLATA       
84702,JOYERIA                       ,JUEGOS PLATA                  ,COLLAR CON ARETES PLATA       
84703,JOYERIA                       ,JUEGOS PLATA                  ,COLLAR CON PULSERA PLATA      
89801,JOYERIA                       ,COMPRAS ESPECIALES            ,JOYERIA                       
91004,OPTICA                        ,ARM CABALLERO                 ,ARM OFT COMPLETO NIÑO         
94001,OPTICA                        ,ARM NIÑAS                     ,ARM OFT COMPLETO NIÑAS        
99202,OPTICA                        ,LENTE OFTALMICO RANURADO      ,ARM OFT RANURADO CABALLERO    
22817,ELECTRONICA                   ,RECARGAS DE TIEMPO AIRE       ,PAQ DE INTERNET POR TIEMPO    
22818,ELECTRONICA                   ,RECARGAS DE TIEMPO AIRE       ,PAQUETES DE INTERNET TELCEL   
22819,ELECTRONICA                   ,RECARGAS DE TIEMPO AIRE       ,PAQUETE DE SALDO TELCEL       
22866,ELECTRONICA                   ,RECARGAS DE TIEMPO AIRE       ,NORTON MEMBRESIA              
22867,ELECTRONICA                   ,RECARGAS DE TIEMPO AIRE       ,GHANDI                        
22870,ELECTRONICA                   ,RECARGAS DE TIEMPO AIRE       ,VIRGIN MOBILE                 
22871,ELECTRONICA                   ,RECARGAS DE TIEMPO AIRE       ,INNVICTUS                     
22872,ELECTRONICA                   ,RECARGAS DE TIEMPO AIRE       ,CRUNCHY ROLL                  
22880,ELECTRONICA                   ,RECARGAS DE TIEMPO AIRE       ,REDI INTERNET HOGAR           
22881,ELECTRONICA                   ,RECARGAS DE TIEMPO AIRE       ,REDI HOTSPOT INTERNET MOVIL   
22882,ELECTRONICA                   ,RECARGAS DE TIEMPO AIRE       ,REDI TELEFONIA MOVIL          
22884,ELECTRONICA                   ,RECARGAS DE TIEMPO AIRE       ,DIRI                          
22885,ELECTRONICA                   ,RECARGAS DE TIEMPO AIRE       ,PILLOFON                      
22897,ELECTRONICA                   ,RECARGAS DE TIEMPO AIRE       ,REDI INTERNET FIJO            
22898,ELECTRONICA                   ,RECARGAS DE TIEMPO AIRE       ,REDI CONEXION MOVIL           
22899,ELECTRONICA                   ,RECARGAS DE TIEMPO AIRE       ,DIGO MAS                      
11113,DOMESTICOS                    ,PRUEBAS ACCF                  ,PRUEBA CLASE FAM              
28412,ELECTRONICA                   ,CELULARES PRUEBAS 00          ,CELULARES PRUEBA 000          
28416,ELECTRONICA                   ,CELULARES PRUEBAS 00          ,PRUEBAS 001                   
53306,BICICLETAS/BEBES/AUTOMOTRIZ   ,HERRAMIENTAS MANUALES         ,JUEGO DE BROCAS               
58080,BICICLETAS/BEBES/AUTOMOTRIZ   ,MOTOCICLETAS                  ,MOTOCICLETA INFANTIL          
71103,RELOJERIA                     ,COMPRAS INTERNAS              ,ADHESIVOS Y SELLADORES        
71104,RELOJERIA                     ,COMPRAS INTERNAS              ,PRODUCTOS DE PAPEL            
71117,RELOJERIA                     ,COMPRAS INTERNAS              ,ACCESORIOS PARA URINALES O INO
71118,RELOJERIA                     ,COMPRAS INTERNAS              ,DESODORANTES                  
71119,RELOJERIA                     ,COMPRAS INTERNAS              ,ENVASESY ACCESORIOS PARA RESID
73003,RELOJERIA                     ,CUIDADO PERSONAL              ,ENSERES DOMESTICOS            
28802,ELECTRONICA                   ,HUESARIO PROMOCIONES DE CELUL ,HUESARIO ACCESORIOS CELULARES 
34502,MUEBLE SUELTO                 ,DESARMADO                     ,ORGANIZACION                  
44501,"SALAS, RECAMARAS, COMEDORES   ",DESARMADO                     ,DESARMADO                     
59015,BICICLETAS/BEBES/AUTOMOTRIZ   ,SCOOTER ELECTRICO             ,VACIA                         
59067,BICICLETAS/BEBES/AUTOMOTRIZ   ,SCOOTER ELECTRICO             ,SCOOTERS MARKETPLACE          
59605,BICICLETAS/BEBES/AUTOMOTRIZ   ,MOVILIDAD INFANTIL            ,E BIKE INFANTIL               
59663,BICICLETAS/BEBES/AUTOMOTRIZ   ,MOVILIDAD INFANTIL            ,.COM E BIKE INFANTIL          
71112,RELOJERIA                     ,COMPRAS INTERNAS              ,COMPRAS INTERNAS MARKETPLACE  
89008,JOYERIA                       ,EXCLUSIVOS .COM               ,INFANTIL MARKETPLACE          
89009,JOYERIA                       ,EXCLUSIVOS .COM               ,ACCESORIOS MARKETPLACE        
97801,OPTICA                        ,POR ELIMINAR                  ,ELIMINAR                      
99902,OPTICA                        ,MERCANCIA EN CONSIGNACION     ,APARATO AUDITIVO              
24745,ELECTRONICA                   ,TARJETAS DE CONTENIDO         ,VISA                          
50335,BICICLETAS/BEBES/AUTOMOTRIZ   ,JUGUETES                      ,MONTABLES ELECTRICOS COMER    
50710,BICICLETAS/BEBES/AUTOMOTRIZ   ,ACUMULADORES                  ,ACUMULADOR CAMION.COM         
51861,BICICLETAS/BEBES/AUTOMOTRIZ   ,Bicicletas de Carga y Trabajo ,.COM TRICICLETAS              
53101,BICICLETAS/BEBES/AUTOMOTRIZ   ,ACCESORIOS AUT MANUALES       ,BASTON SEGURIDAD              
53241,BICICLETAS/BEBES/AUTOMOTRIZ   ,HERRAMIENTAS ELECTRICAS       ,PISTOLAS PARA PINTAR TIENDA   
53350,BICICLETAS/BEBES/AUTOMOTRIZ   ,HERRAMIENTAS MANUALES         ,OTROS HERR MANUAL.COM         
57701,BICICLETAS/BEBES/AUTOMOTRIZ   ,BICIMOTOS ELECTRICOS          ,BICIMOTOS ELECTRICOS          
58076,BICICLETAS/BEBES/AUTOMOTRIZ   ,MOTOCICLETAS                  ,RECREATIVAS                   
58155,BICICLETAS/BEBES/AUTOMOTRIZ   ,CASCOS                        ,VACIA                         
58158,BICICLETAS/BEBES/AUTOMOTRIZ   ,CASCOS                        ,VACIA                         
58172,BICICLETAS/BEBES/AUTOMOTRIZ   ,CASCOS                        ,.COM CACHUCHA                 
58175,BICICLETAS/BEBES/AUTOMOTRIZ   ,CASCOS                        ,.COM INFANTIL                 
58178,BICICLETAS/BEBES/AUTOMOTRIZ   ,CASCOS                        ,VACIA                         
58188,BICICLETAS/BEBES/AUTOMOTRIZ   ,CASCOS                        ,VACIA                         
58265,BICICLETAS/BEBES/AUTOMOTRIZ   ,CAJAS MOTOS                   ,.COM REPARTO MOTOS            
58663,BICICLETAS/BEBES/AUTOMOTRIZ   ,GUANTES                       ,.COM GUANTES TELA CORTOS      
58669,BICICLETAS/BEBES/AUTOMOTRIZ   ,GUANTES                       ,.COM GUANTES TELA CORTOS      
58710,BICICLETAS/BEBES/AUTOMOTRIZ   ,Proteccion y ropa motociclista,IMPERMEABLES                  
58763,BICICLETAS/BEBES/AUTOMOTRIZ   ,Proteccion y ropa motociclista,".COM RODILLERA, CODERAS Y PROT"
58925,BICICLETAS/BEBES/AUTOMOTRIZ   ,VARIOS ACCS MOTOS             ,ACCESORIOS CASCOS             
58963,BICICLETAS/BEBES/AUTOMOTRIZ   ,VARIOS ACCS MOTOS             ,.COM LUCES                    
58966,BICICLETAS/BEBES/AUTOMOTRIZ   ,VARIOS ACCS MOTOS             ,.COM VISORES                  
58967,BICICLETAS/BEBES/AUTOMOTRIZ   ,VARIOS ACCS MOTOS             ,.COM GOOGLES Y MASCARAS       
58968,BICICLETAS/BEBES/AUTOMOTRIZ   ,VARIOS ACCS MOTOS             ,.COM ACCESORIOS CASCOS        
58975,BICICLETAS/BEBES/AUTOMOTRIZ   ,VARIOS ACCS MOTOS             ,.COM PORTA CELULARES          
58978,BICICLETAS/BEBES/AUTOMOTRIZ   ,VARIOS ACCS MOTOS             ,.COM REMOLQUES Y SOPORTES     
71111,RELOJERIA                     ,COMPRAS INTERNAS              ,VENDAS Y VENDAJES Y PRODUCTOSR
71113,RELOJERIA                     ,COMPRAS INTERNAS              ,UTENSILIOS DE DIBUJO SUM Y ACC
73206,RELOJERIA                     ,JUEGOS Y JUGUETES             ,OFICIOS                       
73209,RELOJERIA                     ,JUEGOS Y JUGUETES             ,MUSICALES                     
73210,RELOJERIA                     ,JUEGOS Y JUGUETES             ,BURBUJAS Y AGUA               
73211,RELOJERIA                     ,JUEGOS Y JUGUETES             ,VARIOS                        
73404,RELOJERIA                     ,ARTICULOS PARA FIESTA         ,BOLSAS DE REGALO              
73506,RELOJERIA                     ,HOGAR                         ,PAPEL CHINA                   
73805,RELOJERIA                     ,ELECTRONICA                   ,BROCHAS PARA MAQUILLAJE       
73806,RELOJERIA                     ,ELECTRONICA                   ,ESPEJOS                       
73807,RELOJERIA                     ,ELECTRONICA                   ,HISOPOS / ALGODON             
73809,RELOJERIA                     ,ELECTRONICA                   ,BANDITAS                      
73810,RELOJERIA                     ,ELECTRONICA                   ,VARIOS                        
73904,RELOJERIA                     ,ELECTRONICA PERSONAL          ,TECLADOS                      
73905,RELOJERIA                     ,ELECTRONICA PERSONAL          ,MOUSES                        
73906,RELOJERIA                     ,ELECTRONICA PERSONAL          ,LIMPIEZA                      
74002,RELOJERIA                     ,AUTOMOTRIZ                    ,CONTACTOS INTELIGENTES        
74003,RELOJERIA                     ,AUTOMOTRIZ                    ,REPETIDORES WIFI              
76506,RELOJERIA                     ,FISIOTERAPIA                  ,ELECTROESTIMULACION           
77707,RELOJERIA                     ,OTROS NO DEPORTIVOS           ,BALANCE                       
80191,JOYERIA                       ,ANILLOS DAMA ORO              ,ANILLOS 10K  BODA EXCLUSIVO   
80192,JOYERIA                       ,ANILLOS DAMA ORO              ,ANILLO 14K BODA EXCLUSIVO     
80391,JOYERIA                       ,ARGOLLAS MATRIMONIO ORO       ,ARGOLLAS 14K EXCLUSIVOS       
80990,JOYERIA                       ,SETS ORO                      ,SETS 10K EXCLUSIVOS .COM      
24755,ELECTRONICA                   ,TARJETAS DE CONTENIDO         ,VIRGIN                        
27802,ELECTRONICA                   ,ACCESORIOS PC GAMING          ,TECLADOS INALAMBRICOS         
51197,BICICLETAS/BEBES/AUTOMOTRIZ   ,ACCESORIOS BICICLETAS         ,.COM PARTES Y REFACCIONES BICI
52501,BICICLETAS/BEBES/AUTOMOTRIZ   ,COPPEL.COM TRANSP Y MOVILIDAD ,LLANTAS                       
52505,BICICLETAS/BEBES/AUTOMOTRIZ   ,COPPEL.COM TRANSP Y MOVILIDAD ,ACUMULADORES                  
52530,BICICLETAS/BEBES/AUTOMOTRIZ   ,COPPEL.COM TRANSP Y MOVILIDAD ,HERRAMIENTA MANUAL            
52550,BICICLETAS/BEBES/AUTOMOTRIZ   ,COPPEL.COM TRANSP Y MOVILIDAD ,OTROS AUT/BICI/HERRA          
53364,BICICLETAS/BEBES/AUTOMOTRIZ   ,HERRAMIENTAS MANUALES         ,BANDAS Y LIJAS.COM            
80131,JOYERIA                       ,ANILLOS DAMA ORO              ,ANILLOS ORO REGALOS ELLA IMPO 
80405,JOYERIA                       ,ACCESORIOS                    ,ESTUCHES DE VIAJE             
80491,JOYERIA                       ,ACCESORIOS                    ,ACCESORIOS DE BODA EXCLUSIVOS 
80492,JOYERIA                       ,ACCESORIOS                    ,NAVAJAS FINAS EXCLUSIVAS.COM  
80493,JOYERIA                       ,ACCESORIOS                    ,"LLAVEROS FINOS EXCLUSIVOS.,COM"
82290,JOYERIA                       ,ARGOLLAS ACERO INOXIDABLE     ,EXCLUSIVOS.COM                
82590,JOYERIA                       ,PENDANTIF ACERO INOXIDABLE    ,EXCLUSIVOS.COM                
89007,JOYERIA                       ,EXCLUSIVOS .COM               ,CADENAS ORO                   
22485,ELECTRONICA                   ,TELEFONOS CELULARES           ,ATT/UNEFON                    
22935,ELECTRONICA                   ,CHIPS CELULARES               ,NANOSIM TELCEL                
30110,MUEBLE SUELTO                 ,COLCHON                       ,ESTANDAR MATRIMONIAL          
30112,MUEBLE SUELTO                 ,COLCHON                       ,PILLOW TOP MATRIMONIAL        
30126,MUEBLE SUELTO                 ,COLCHON                       ,PILLOW TOP KS                 
31422,MUEBLE SUELTO                 ,MUEBLES INFANTILES            ,COMODA INFANTIL               
33406,MUEBLE SUELTO                 ,ROPEROS                       ,LAMINADO 1.20 M CLASICO       
33412,MUEBLE SUELTO                 ,ROPEROS                       ,LAMINADO 1.60 M CONTEMPORANEO 
33422,MUEBLE SUELTO                 ,ROPEROS                       ,MADERA 1.30 M CONTEMPORANEO   
33424,MUEBLE SUELTO                 ,ROPEROS                       ,MADERA 1.30 M RUSTICO         
33614,MUEBLE SUELTO                 ,COMODAS                       ,MADERA 0.80 M CLASICO         
44008,"SALAS, RECAMARAS, COMEDORES   ",MESAS SALAS                   ,MESA DE CENTRO CON TABURETES  
46007,"SALAS, RECAMARAS, COMEDORES   ",RECAMARAS                     ,CABECERA KS DESPIEZADA        
80905,JOYERIA                       ,SETS ORO                      ,BROQUEL CON DIJE 10K          
34311,MUEBLE SUELTO                 ,COCINAS MODULARES             ,BASE CON PARRILLA CONTEMPO    
22487,ELECTRONICA                   ,TELEFONOS CELULARES           ,TELEFONOS LIBRES              
22927,ELECTRONICA                   ,CHIPS CELULARES               ,SIM IUSACELL                  
24805,ELECTRONICA                   ,TELEFONOS LIBRES              ,DISPOSITIVOS INTELIGENTES     
24806,ELECTRONICA                   ,TELEFONOS LIBRES              ,MODEM REDI                    
24901,ELECTRONICA                   ,DIGO                          ,DIGO                          
25806,ELECTRONICA                   ,C-DIGITAL                     ,DEMOS                         
25901,ELECTRONICA                   ,IMPULSO                       ,IMPULSO                       
34210,MUEBLE SUELTO                 ,COCINAS                       ,2.80 CONTEMPORANEO            
34216,MUEBLE SUELTO                 ,COCINAS                       ,1.35 RUSTICO                  
45004,"SALAS, RECAMARAS, COMEDORES   ",ILUMINACION                   ,LAMPARAS ESPECIALES           
45031,"SALAS, RECAMARAS, COMEDORES   ",ILUMINACION                   ,PLAFONES CONTEMPORANEOS       
45041,"SALAS, RECAMARAS, COMEDORES   ",ILUMINACION                   ,EXTERIOR CONTEMPORANEO        
45046,"SALAS, RECAMARAS, COMEDORES   ",ILUMINACION                   ,COLGANTES CONTEMPORANEOS      
45055,"SALAS, RECAMARAS, COMEDORES   ",ILUMINACION                   ,ARBOTANTES CONTEMPORANEOS     
45270,"SALAS, RECAMARAS, COMEDORES   ",CUADROS Y ESPEJOS             ,VINILES DECORATIVOS           
46030,"SALAS, RECAMARAS, COMEDORES   ",RECAMARAS                     ,CABECERAS                     
46035,"SALAS, RECAMARAS, COMEDORES   ",RECAMARAS                     ,PORTA LUNA DESPIEZADA         
46503,"SALAS, RECAMARAS, COMEDORES   ",PIEZAS SUELTAS DE RECAMARAS   ,TOCADOR DESPIEZADO            
46508,"SALAS, RECAMARAS, COMEDORES   ",PIEZAS SUELTAS DE RECAMARAS   ,TOCADOR SUELTO                
49256,"SALAS, RECAMARAS, COMEDORES   ",ROPA DE CAMA EXTERIOR         ,CAMA PARA MASCOTA             
51130,BICICLETAS/BEBES/AUTOMOTRIZ   ,ACCESORIOS BICICLETAS         ,RACK Y ACCESORIOS PARA AUTO   
58026,BICICLETAS/BEBES/AUTOMOTRIZ   ,MOTOCICLETAS                  ,TRABAJO BAJAJ                 
58030,BICICLETAS/BEBES/AUTOMOTRIZ   ,MOTOCICLETAS                  ,SCOOTER 125CC                 
58190,BICICLETAS/BEBES/AUTOMOTRIZ   ,CASCOS                        ,VARIOS                        
59020,BICICLETAS/BEBES/AUTOMOTRIZ   ,SCOOTER ELECTRICO             ,VACIA                         
80707,JOYERIA                       ,CADENAS ORO                   ,CEREMONIA 10K                 
80906,JOYERIA                       ,SETS ORO                      ,BROQUEL CON DIJE 14K          
83103,JOYERIA                       ,BISUTERA FINA                 ,DIJES BRASS                   
86801,JOYERIA                       ,TEJIDOS                       ,ANILLOS NECTAR                
86802,JOYERIA                       ,TEJIDOS                       ,ARETES NECTAR                 
86805,JOYERIA                       ,TEJIDOS                       ,SET NECTAR                    
99607,OPTICA                        ,LENTES PREGRADUADOS           ,APARATO AUDITIVO              
25801,ELECTRONICA                   ,C-DIGITAL                     ,IPAD                          
25802,ELECTRONICA                   ,C-DIGITAL                     ,MAC                           
25803,ELECTRONICA                   ,C-DIGITAL                     ,BEATS                         
25804,ELECTRONICA                   ,C-DIGITAL                     ,IPOD                          
26201,ELECTRONICA                   ,APPLE CARE                    ,APPLE CARE                    
29001,ELECTRONICA                   ,CELULARES VIANA               ,ACCESORIOS VIANA              
29101,ELECTRONICA                   ,ARTICULOS VIANA ELECT MAYOR   ,AUDIO MODULAR/RADIOGRABADORA  
29105,ELECTRONICA                   ,ARTICULOS VIANA ELECT MAYOR   ,OTROS ELECTRONICA MAYOR       
29202,ELECTRONICA                   ,ARTICULOS VIANA ELECT MENOR   ,CAMARAS FOTOGRAFICAS/VIDEOCAMA
29205,ELECTRONICA                   ,ARTICULOS VIANA ELECT MENOR   ,VIDEO JUEGOS                  
29206,ELECTRONICA                   ,ARTICULOS VIANA ELECT MENOR   ,AUDIFONOS                     
29207,ELECTRONICA                   ,ARTICULOS VIANA ELECT MENOR   ,IMPRESORAS Y CARTUCHOS        
29209,ELECTRONICA                   ,ARTICULOS VIANA ELECT MENOR   ,ACCESORIOS ELECT PERSONAL     
29522,ELECTRONICA                   ,PROTECCION                    ,PLUMAS                        
29523,ELECTRONICA                   ,PROTECCION                    ,HOLSTER                       
30116,MUEBLE SUELTO                 ,COLCHON                       ,HULE ESPUMA MATRIMONIAL       
30118,MUEBLE SUELTO                 ,COLCHON                       ,ESTANDAR QS                   
30122,MUEBLE SUELTO                 ,COLCHON                       ,PILLOW TOP DOBLE QS           
30124,MUEBLE SUELTO                 ,COLCHON                       ,ESTANDAR KS                   
30128,MUEBLE SUELTO                 ,COLCHON                       ,PILLOW TOP DOBLE KS           
30202,MUEBLE SUELTO                 ,JUEGO BOX                     ,ESTANDAR INDIVIDUAL           
30206,MUEBLE SUELTO                 ,JUEGO BOX                     ,PILLOW TOP DOBLE INDIVIDUAL   
30220,MUEBLE SUELTO                 ,JUEGO BOX                     ,PILLOW TOP QS                 
30308,MUEBLE SUELTO                 ,COLCHON CUNA                  ,FUTON                         
31610,MUEBLE SUELTO                 ,COMEDORES                     ,MADERA 5PZ CLASICO            
31632,MUEBLE SUELTO                 ,COMEDORES                     ,COMEDOR                       
31634,MUEBLE SUELTO                 ,COMEDORES                     ,COMEDOR                       
31901,MUEBLE SUELTO                 ,PIEZAS SUELTAS PARA COMEDOR   ,MESA SUELTA                   
31902,MUEBLE SUELTO                 ,PIEZAS SUELTAS PARA COMEDOR   ,SILLA PARA COMEDOR            
32414,MUEBLE SUELTO                 ,BANCOS                        ,MADERA CLASICO                
32606,MUEBLE SUELTO                 ,MECEDORAS                     ,MADERA CLASICO                
32610,MUEBLE SUELTO                 ,MECEDORAS                     ,MADERA CONTEMPORANEA          
32706,MUEBLE SUELTO                 ,COMPLEM SALA                  ,SILLON                        
33008,MUEBLE SUELTO                 ,JARDIN                        ,SILLA METAL P/SET             
33420,MUEBLE SUELTO                 ,ROPEROS                       ,MADERA 1.30 M CLASICO         
33426,MUEBLE SUELTO                 ,ROPEROS                       ,MADERA 1.60 M CLASICO         
33432,MUEBLE SUELTO                 ,ROPEROS                       ,MADERA 1.80 M CLASICO         
33434,MUEBLE SUELTO                 ,ROPEROS                       ,MADERA 1.80 M CONTEMPORANEO   
33436,MUEBLE SUELTO                 ,ROPEROS                       ,MADERA    1.80 M RUSTICO      
33606,MUEBLE SUELTO                 ,COMODAS                       ,LAMINADA  0.80 M CLASICO      
33610,MUEBLE SUELTO                 ,COMODAS                       ,LAMINADA  1.20 M CLASICO      
33624,MUEBLE SUELTO                 ,COMODAS                       ,MADERA    1.20 M RUSTICO      
33632,MUEBLE SUELTO                 ,COMODAS                       ,CLOSET                        
33701,MUEBLE SUELTO                 ,DONACION                      ,DONACION                      
33808,MUEBLE SUELTO                 ,ALMACENAMIENTO                ,BAUL                          
34204,MUEBLE SUELTO                 ,COCINAS                       ,2.40 CONTEMPORANEO            
34212,MUEBLE SUELTO                 ,COCINAS                       ,1.35 CLASICO                  
34214,MUEBLE SUELTO                 ,COCINAS                       ,1.35 CONTEMPORANEO            
34402,MUEBLE SUELTO                 ,DESPENSEROS DE COCINAS        ,DESPENSERO CLASICO            
34404,MUEBLE SUELTO                 ,DESPENSEROS DE COCINAS        ,DESPENSERO CONTEMPORANEO      
34406,MUEBLE SUELTO                 ,DESPENSEROS DE COCINAS        ,DESPENSERO RUSTICO            
34602,MUEBLE SUELTO                 ,MODULOS DE COCINAS            ,ALACENA SUPERIOR CLASICO      
34606,MUEBLE SUELTO                 ,MODULOS DE COCINAS            ,BASE CLASICO                  
34608,MUEBLE SUELTO                 ,MODULOS DE COCINAS            ,BASE CONTEMPORANEO            
34614,MUEBLE SUELTO                 ,MODULOS DE COCINAS            ,ISLA PARA COCINA              
34802,MUEBLE SUELTO                 ,ALACENA SUELTA P/ COCINA      ,ALACENA MADERA CLASICO        
34808,MUEBLE SUELTO                 ,ALACENA SUELTA P/ COCINA      ,ALACENA LAMINADA CLASICO      
34812,MUEBLE SUELTO                 ,ALACENA SUELTA P/ COCINA      ,ALACENA MULTIFUNCIONAL METAL  
35002,MUEBLE SUELTO                 ,MESA MULTIFUNCIONAL           ,MESA MULTIFUNCIONAL BASICA    
35006,MUEBLE SUELTO                 ,MESA MULTIFUNCIONAL           ,MADERA RUSTICO                
35008,MUEBLE SUELTO                 ,MESA MULTIFUNCIONAL           ,LAMINADO CLASICO              
35210,MUEBLE SUELTO                 ,PORTAGARRAFON                 ,PORTAGARRAFON CON PEDESTAL    
35212,MUEBLE SUELTO                 ,PORTAGARRAFON                 ,TORRE CON PORTAGARRAFON       
38101,MUEBLE SUELTO                 ,ARTICULOS VIANA MUEBLES SUELTO,COLCHONES                     
38102,MUEBLE SUELTO                 ,ARTICULOS VIANA MUEBLES SUELTO,COLCHONETAS                   
38103,MUEBLE SUELTO                 ,ARTICULOS VIANA MUEBLES SUELTO,JUEGO BOX BASE Y COLCHON      
38104,MUEBLE SUELTO                 ,ARTICULOS VIANA MUEBLES SUELTO,BOX SOLO BASE                 
38105,MUEBLE SUELTO                 ,ARTICULOS VIANA MUEBLES SUELTO,BASE COLCHON SIN CABECERA     
38107,MUEBLE SUELTO                 ,ARTICULOS VIANA MUEBLES SUELTO,LITERAS                       
38111,MUEBLE SUELTO                 ,ARTICULOS VIANA MUEBLES SUELTO,COCINAS INTEGRALES            
38113,MUEBLE SUELTO                 ,ARTICULOS VIANA MUEBLES SUELTO,ALACENAS                      
38114,MUEBLE SUELTO                 ,ARTICULOS VIANA MUEBLES SUELTO,COMEDOR Y ANTECOMEDOR         
38116,MUEBLE SUELTO                 ,ARTICULOS VIANA MUEBLES SUELTO,SILLAS SUELTAS                
40502,"SALAS, RECAMARAS, COMEDORES   ",COMPLEMENTOS PARA SALA        ,PUFF                          
41007,"SALAS, RECAMARAS, COMEDORES   ",SOFAS CAMA                    ,ESTUDIO                       
41505,"SALAS, RECAMARAS, COMEDORES   ",SALA DESPIEZADA               ,PIEZAS SALAS LOVE SEAT CLASICO
41506,"SALAS, RECAMARAS, COMEDORES   ",SALA DESPIEZADA               ,PIEZAS SALAS SOFA CLASICO     
41513,"SALAS, RECAMARAS, COMEDORES   ",SALA DESPIEZADA               ,SILLON INDIVIDUAL SOBRE PEDIDO
41514,"SALAS, RECAMARAS, COMEDORES   ",SALA DESPIEZADA               ,LOVESEAT SOBRE PEDIDO         
41515,"SALAS, RECAMARAS, COMEDORES   ",SALA DESPIEZADA               ,SOFA SOBRE PEDIDO             
41516,"SALAS, RECAMARAS, COMEDORES   ",SALA DESPIEZADA               ,SALA SOBRE PEDIDO             
44002,"SALAS, RECAMARAS, COMEDORES   ",MESAS SALAS                   ,JUEGO DE MESAS MADERA CONTEMP 
44003,"SALAS, RECAMARAS, COMEDORES   ",MESAS SALAS                   ,JUEGO DE MESAS MADERA RUSTICA 
44004,"SALAS, RECAMARAS, COMEDORES   ",MESAS SALAS                   ,JG DE MESA MADE/CRISTAL CLASIC
44009,"SALAS, RECAMARAS, COMEDORES   ",MESAS SALAS                   ,JGO MESAS MET/CRISTAL CLASICA 
45036,"SALAS, RECAMARAS, COMEDORES   ",ILUMINACION                   ,RIELES CONTEMPORANEOS         
45265,"SALAS, RECAMARAS, COMEDORES   ",CUADROS Y ESPEJOS             ,CUADRO                        
45452,"SALAS, RECAMARAS, COMEDORES   ",ACCESORIOS DE MESA            ,ESPIGA                        
45470,"SALAS, RECAMARAS, COMEDORES   ",ACCESORIOS DE MESA            ,VINIL DECORATIVO              
46003,"SALAS, RECAMARAS, COMEDORES   ",RECAMARAS                     ,RECAMARA CONTEMPORANEA        
46020,"SALAS, RECAMARAS, COMEDORES   ",RECAMARAS                     ,BURO DESPIEZADO               
46025,"SALAS, RECAMARAS, COMEDORES   ",RECAMARAS                     ,TOCADOR DESPIEZADO            
46306,"SALAS, RECAMARAS, COMEDORES   ",MUEBLES PARA TV               ,CENTRO DE ENTRET CLASICO      
46308,"SALAS, RECAMARAS, COMEDORES   ",MUEBLES PARA TV               ,CTRO DE ENT COMPACTO RUSTICO  
46309,"SALAS, RECAMARAS, COMEDORES   ",MUEBLES PARA TV               ,CTRO DE ENT COMPACTO CONTEMP  
46310,"SALAS, RECAMARAS, COMEDORES   ",MUEBLES PARA TV               ,CTRO DE ENTRET COMPAC CLASICO 
46312,"SALAS, RECAMARAS, COMEDORES   ",MUEBLES PARA TV               ,MESA PARA TV PLASMA CLASICA   
46313,"SALAS, RECAMARAS, COMEDORES   ",MUEBLES PARA TV               ,PLASMA CRISTAL CONTEMPORANEA  
48801,"SALAS, RECAMARAS, COMEDORES   ","ARTICULOS VIANA SALAS, RECAMAR",SALAS                         
48802,"SALAS, RECAMARAS, COMEDORES   ","ARTICULOS VIANA SALAS, RECAMAR",ACCESORIOS PARA SALA TABURET  
48803,"SALAS, RECAMARAS, COMEDORES   ","ARTICULOS VIANA SALAS, RECAMAR",RECAMARAS                     
48804,"SALAS, RECAMARAS, COMEDORES   ","ARTICULOS VIANA SALAS, RECAMAR",ACCESORIOS RECAMARAS          
48805,"SALAS, RECAMARAS, COMEDORES   ","ARTICULOS VIANA SALAS, RECAMAR",SILLON RECLINABLE             
48806,"SALAS, RECAMARAS, COMEDORES   ","ARTICULOS VIANA SALAS, RECAMAR",SILLON SUELTO                 
48807,"SALAS, RECAMARAS, COMEDORES   ","ARTICULOS VIANA SALAS, RECAMAR",SOFA CAMA                     
48808,"SALAS, RECAMARAS, COMEDORES   ","ARTICULOS VIANA SALAS, RECAMAR",MESA PARA SALAS               
48809,"SALAS, RECAMARAS, COMEDORES   ","ARTICULOS VIANA SALAS, RECAMAR",MESA PARA TV                  
48810,"SALAS, RECAMARAS, COMEDORES   ","ARTICULOS VIANA SALAS, RECAMAR",TOCADOR                       
48811,"SALAS, RECAMARAS, COMEDORES   ","ARTICULOS VIANA SALAS, RECAMAR","ACCESORIOS INFANTIL PUFF, BAUL"
48812,"SALAS, RECAMARAS, COMEDORES   ","ARTICULOS VIANA SALAS, RECAMAR",MAQUINA DE COSER              
48901,"SALAS, RECAMARAS, COMEDORES   ",ARTICULOS VIANA DECORACION    ,COJINES                       
48902,"SALAS, RECAMARAS, COMEDORES   ",ARTICULOS VIANA DECORACION    ,TAPETES                       
48903,"SALAS, RECAMARAS, COMEDORES   ",ARTICULOS VIANA DECORACION    ,ACCESORIOS DE MESA            
48904,"SALAS, RECAMARAS, COMEDORES   ",ARTICULOS VIANA DECORACION    ,ACCESORIOS DE PARED           
48905,"SALAS, RECAMARAS, COMEDORES   ",ARTICULOS VIANA DECORACION    ,ACCESORIOS DE BAÑO            
48906,"SALAS, RECAMARAS, COMEDORES   ",ARTICULOS VIANA DECORACION    ,ALMOHADAS                     
48907,"SALAS, RECAMARAS, COMEDORES   ",ARTICULOS VIANA DECORACION    ,ROPA CAMA EXTERIOR            
48908,"SALAS, RECAMARAS, COMEDORES   ",ARTICULOS VIANA DECORACION    ,ROPA CAMA INTERIOR            
48909,"SALAS, RECAMARAS, COMEDORES   ",ARTICULOS VIANA DECORACION    ,LAMPARAS                      
48910,"SALAS, RECAMARAS, COMEDORES   ",ARTICULOS VIANA DECORACION    ,ACCESORIOS DE TEMPORADA       
48911,"SALAS, RECAMARAS, COMEDORES   ",ARTICULOS VIANA DECORACION    ,OTROS DECORACION              
53006,BICICLETAS/BEBES/AUTOMOTRIZ   ,ACCESORIOS AUT ELECTRICOS     ,COMPRESOR - TANQUE            
59701,BICICLETAS/BEBES/AUTOMOTRIZ   ,ARTICULOS VIANA               ,BICICLETAS VIANA              
59702,BICICLETAS/BEBES/AUTOMOTRIZ   ,ARTICULOS VIANA               ,BEBES                         
59703,BICICLETAS/BEBES/AUTOMOTRIZ   ,ARTICULOS VIANA               ,APARATO EJERCICIO             
59704,BICICLETAS/BEBES/AUTOMOTRIZ   ,ARTICULOS VIANA               ,OTROS CAJA FUERTE             
69701,LINEA BLANCA                  ,ARTICULOS VIANA               ,ESTUFAS Y PARRILLAS           
69702,LINEA BLANCA                  ,ARTICULOS VIANA               ,"REFRIGERADORES, CONGE, FRIGOBA"
69703,LINEA BLANCA                  ,ARTICULOS VIANA               ,LAVADORAS Y SECADORAS         
69704,LINEA BLANCA                  ,ARTICULOS VIANA               ,HORNO MICROONDAS Y DE GAS     
69705,LINEA BLANCA                  ,ARTICULOS VIANA               ,CAMPANA PARA ESTUFA           
69706,LINEA BLANCA                  ,ARTICULOS VIANA               ,"CLIMA AIRES, VENT, CALEFACTOR "
69707,LINEA BLANCA                  ,ARTICULOS VIANA               ,OTROS LINEA BLANCA            
23401,ELECTRONICA                   ,TARJETAS DE DATOS             ,DATOS R1                      
23402,ELECTRONICA                   ,TARJETAS DE DATOS             ,DATOS R2                      
23403,ELECTRONICA                   ,TARJETAS DE DATOS             ,DATOS R3                      
23404,ELECTRONICA                   ,TARJETAS DE DATOS             ,DATOS R4                      
23405,ELECTRONICA                   ,TARJETAS DE DATOS             ,DATOS R5                      
23406,ELECTRONICA                   ,TARJETAS DE DATOS             ,DATOS R6                      
23407,ELECTRONICA                   ,TARJETAS DE DATOS             ,DATOS R7                      
23408,ELECTRONICA                   ,TARJETAS DE DATOS             ,DATOS R8                      
23409,ELECTRONICA                   ,TARJETAS DE DATOS             ,DATOS R9                      
23410,ELECTRONICA                   ,TARJETAS DE DATOS             ,MOVISTAR                      
23411,ELECTRONICA                   ,TARJETAS DE DATOS             ,UNEFON                        
23610,ELECTRONICA                   ,MODULOS DE SERVICIOS          ,PAQUETE DE DATOS MOVISTAR     
23701,ELECTRONICA                   ,SIM POSTPAGO                  ,TELCEL                        
23702,ELECTRONICA                   ,SIM POSTPAGO                  ,MOVISTAR                      
23703,ELECTRONICA                   ,SIM POSTPAGO                  ,UNEFON                        
25805,ELECTRONICA                   ,C-DIGITAL                     ,APPLE TV                      
28101,ELECTRONICA                   ,GARANTIA EXTENDIDA            ,APPLE CARE                    
29102,ELECTRONICA                   ,ARTICULOS VIANA ELECT MAYOR   ,"VIDEO DVD, BLURAY, HOMETHEATER"
29103,ELECTRONICA                   ,ARTICULOS VIANA ELECT MAYOR   ,TELEVISIONES                  
29104,ELECTRONICA                   ,ARTICULOS VIANA ELECT MAYOR   ,TELEFONOS CASA                
29201,ELECTRONICA                   ,ARTICULOS VIANA ELECT MENOR   ,COMPUTADORAS Y TABLETS        
29203,ELECTRONICA                   ,ARTICULOS VIANA ELECT MENOR   ,CAMARAS FOTOGRAFICA Y VIDEOCAM
29204,ELECTRONICA                   ,ARTICULOS VIANA ELECT MENOR   ,CONSOLAS VIDEO JUEGOS         
29208,ELECTRONICA                   ,ARTICULOS VIANA ELECT MENOR   ,DISCOS MUSICALES              
29521,ELECTRONICA                   ,PROTECCION                    ,STICKER                       
29941,ELECTRONICA                   ,PROMOCIONES                   ,JABAS DE CELULARES            
30416,MUEBLE SUELTO                 ,CAMAS                         ,MADERA KS                     
30608,MUEBLE SUELTO                 ,CABECERAS                     ,KING SIZE                     
30808,MUEBLE SUELTO                 ,LITERAS                       ,MADERA IND - MAT              
31424,MUEBLE SUELTO                 ,MUEBLES INFANTILES            ,MODELOS ESPECIALES            
31614,MUEBLE SUELTO                 ,COMEDORES                     ,METAL CRISTAL 7PZ CLASICO     
31615,MUEBLE SUELTO                 ,COMEDORES                     ,TAPIZADO                      
31806,MUEBLE SUELTO                 ,BUFFETS/TRINCHADOR            ,GRANDE CLASICO                
31812,MUEBLE SUELTO                 ,BUFFETS/TRINCHADOR            ,TRINCHADOR CHICO CONTEMPO     
31818,MUEBLE SUELTO                 ,BUFFETS/TRINCHADOR            ,MESA DE CRISTAL CONTEMPORANEO 
31820,MUEBLE SUELTO                 ,BUFFETS/TRINCHADOR            ,MESA DE CRISTAL CLASICO       
31822,MUEBLE SUELTO                 ,BUFFETS/TRINCHADOR            ,MESA DE MADERA CONTEMPORANEO  
31824,MUEBLE SUELTO                 ,BUFFETS/TRINCHADOR            ,MESA DE MADERA CLASICO        
31826,MUEBLE SUELTO                 ,BUFFETS/TRINCHADOR            ,MESA LAMINADO CONTEMPORANEO   
31828,MUEBLE SUELTO                 ,BUFFETS/TRINCHADOR            ,MESA LAMINADO CLASICO         
31830,MUEBLE SUELTO                 ,BUFFETS/TRINCHADOR            ,VITRINA                       
31832,MUEBLE SUELTO                 ,BUFFETS/TRINCHADOR            ,VITRINA                       
31834,MUEBLE SUELTO                 ,BUFFETS/TRINCHADOR            ,VITRINA                       
31836,MUEBLE SUELTO                 ,BUFFETS/TRINCHADOR            ,VITRINA                       
31838,MUEBLE SUELTO                 ,BUFFETS/TRINCHADOR            ,VITRINA                       
31840,MUEBLE SUELTO                 ,BUFFETS/TRINCHADOR            ,VITRINA                       
31842,MUEBLE SUELTO                 ,BUFFETS/TRINCHADOR            ,VITRINA                       
32044,MUEBLE SUELTO                 ,COMEDORES                 BAJA,9 PZ CLASICO         BAJA     
32046,MUEBLE SUELTO                 ,COMEDORES                 BAJA,9 PZ CONTEMPORANEO        BAJA
32048,MUEBLE SUELTO                 ,COMEDORES                 BAJA,BUFFETE SUELTO P/ 9 PZS   BAJA
32402,MUEBLE SUELTO                 ,BANCOS                        ,METAL 24 CLASICO              
32404,MUEBLE SUELTO                 ,BANCOS                        ,"METAL 24"" CONTEMPORANEO       "
32406,MUEBLE SUELTO                 ,BANCOS                        ,MADERA 24 CLASICO             
32408,MUEBLE SUELTO                 ,BANCOS                        ,"MADERA 24"" CONTEMPORANEO      "
32608,MUEBLE SUELTO                 ,MECEDORAS                     ,MADERA CONTEMPORANEO          
32702,MUEBLE SUELTO                 ,COMPLEM SALA                  ,PUFF                          
32704,MUEBLE SUELTO                 ,COMPLEM SALA                  ,TABURETE                      
32708,MUEBLE SUELTO                 ,COMPLEM SALA                  ,RECLINABLE                    
32806,MUEBLE SUELTO                 ,JUEGO DE JARDIN               ,MADERA CLASICO                
32808,MUEBLE SUELTO                 ,JUEGO DE JARDIN               ,MADERA CONTEMPORANEO          
33402,MUEBLE SUELTO                 ,ROPEROS                       ,LAMINADO  0.90 M CLASICO      
33413,MUEBLE SUELTO                 ,ROPEROS                       ,LAMINADO 1.80 CONTEMPORANEO   
33414,MUEBLE SUELTO                 ,ROPEROS                       ,MADERA  1.00 M CLASICO        
33416,MUEBLE SUELTO                 ,ROPEROS                       ,MADERA 1.00 M CONTEMPORANEO   
33418,MUEBLE SUELTO                 ,ROPEROS                       ,MADERA 1.00 M RUSTICO         
33428,MUEBLE SUELTO                 ,ROPEROS                       ,MADERA 1.60 M CONTEMPORANEO   
33430,MUEBLE SUELTO                 ,ROPEROS                       ,MADERA 1.60 M RUSTICO         
33602,MUEBLE SUELTO                 ,COMODAS                       ,LAMINADA 0.60 M CLASICO       
33604,MUEBLE SUELTO                 ,COMODAS                       ,LAMINADA 0.60 M CONTEMPORANEO 
33618,MUEBLE SUELTO                 ,COMODAS                       ,MADERA 0.80 M RUSTICO         
33620,MUEBLE SUELTO                 ,COMODAS                       ,MADERA 1.20 M CLASICO         
33626,MUEBLE SUELTO                 ,COMODAS                       ,MADERA    1.40 M CLASICO      
33628,MUEBLE SUELTO                 ,COMODAS                       ,MADERA    1.40 M CONTEMPORANEO
33630,MUEBLE SUELTO                 ,COMODAS                       ,MADERA    1.40 M RUSTICO      
34206,MUEBLE SUELTO                 ,COCINAS                       ,2.40 RUSTICO                  
34208,MUEBLE SUELTO                 ,COCINAS                       ,2.80  CLASICO                 
34218,MUEBLE SUELTO                 ,COCINAS                       ,ESQUINERA                     
34604,MUEBLE SUELTO                 ,MODULOS DE COCINAS            ,ALACENA SUP CONTEMPORANEO     
34610,MUEBLE SUELTO                 ,MODULOS DE COCINAS            ,ESQUINERO                     
34612,MUEBLE SUELTO                 ,MODULOS DE COCINAS            ,BARRA PARA COCINA             
34806,MUEBLE SUELTO                 ,ALACENA SUELTA P/ COCINA      ,ALACENA METAL                 
34814,MUEBLE SUELTO                 ,ALACENA SUELTA P/ COCINA      ,ALACENA MULTIFUNCIONAL LAMINAD
35010,MUEBLE SUELTO                 ,MESA MULTIFUNCIONAL           ,LAMINADO CONTEMPORANEO        
35012,MUEBLE SUELTO                 ,MESA MULTIFUNCIONAL           ,METAL CLASICO                 
35014,MUEBLE SUELTO                 ,MESA MULTIFUNCIONAL           ,METAL CONTEMPORANEO           
35016,MUEBLE SUELTO                 ,MESA MULTIFUNCIONAL           ,GABINETE DE METAL             
35202,MUEBLE SUELTO                 ,PORTAGARRAFON                 ,DE MESA                       
35206,MUEBLE SUELTO                 ,PORTAGARRAFON                 ,MESA DE MADERA CONTEMPORANEO  
35208,MUEBLE SUELTO                 ,PORTAGARRAFON                 ,MESA DE MADERA RUSTICO        
38106,MUEBLE SUELTO                 ,ARTICULOS VIANA MUEBLES SUELTO,BASE PARA COLCHON CON CABECERA
38108,MUEBLE SUELTO                 ,ARTICULOS VIANA MUEBLES SUELTO,COMODAS                       
38109,MUEBLE SUELTO                 ,ARTICULOS VIANA MUEBLES SUELTO,ROPEROS                       
38110,MUEBLE SUELTO                 ,ARTICULOS VIANA MUEBLES SUELTO,BUFETERA                      
38112,MUEBLE SUELTO                 ,ARTICULOS VIANA MUEBLES SUELTO,MODULOS PARA COCINAS INTEGRALE
38115,MUEBLE SUELTO                 ,ARTICULOS VIANA MUEBLES SUELTO,BANCOS                        
38117,MUEBLE SUELTO                 ,ARTICULOS VIANA MUEBLES SUELTO,MUEBLE INFANTIL               
38118,MUEBLE SUELTO                 ,ARTICULOS VIANA MUEBLES SUELTO,MUEBLES PARA OFICINA          
38119,MUEBLE SUELTO                 ,ARTICULOS VIANA MUEBLES SUELTO,JARDIN SILLAS PLEGABLES       
38120,MUEBLE SUELTO                 ,ARTICULOS VIANA MUEBLES SUELTO,OTROS MUEBLES SUELTOS         
40120,"SALAS, RECAMARAS, COMEDORES   ",SALAS                         ,321 CHENILLE CLASICO          
40121,"SALAS, RECAMARAS, COMEDORES   ",SALAS                         ,321 CHENILLE CONTEMPORANEO    
40125,"SALAS, RECAMARAS, COMEDORES   ",SALAS                         ,321 SUEDE                     
40130,"SALAS, RECAMARAS, COMEDORES   ",SALAS                         ,321 JACKARD                   
40136,"SALAS, RECAMARAS, COMEDORES   ",SALAS                         ,MOLDURAS                      
40140,"SALAS, RECAMARAS, COMEDORES   ",SALAS                         ,ESQUINERA CLASICA             
40142,"SALAS, RECAMARAS, COMEDORES   ",SALAS                         ,ESQUINERA CONTEMPORANEA       
40150,"SALAS, RECAMARAS, COMEDORES   ",SALAS                         ,TIPO L SECCIONAL              
41504,"SALAS, RECAMARAS, COMEDORES   ",SALA DESPIEZADA               ,PIEZA SALAS SILLON IND CLASICO
59920,BICICLETAS/BEBES/AUTOMOTRIZ   ,OFERTAS                       ,COMPRAS ESP MOTOS             
59930,BICICLETAS/BEBES/AUTOMOTRIZ   ,OFERTAS                       ,EXHIBIDORES MOTOS             
99608,OPTICA                        ,LENTES PREGRADUADOS           ,CONSUMIBLES                   
22486,ELECTRONICA                   ,TELEFONOS CELULARES           ,DIGO                          
22494,ELECTRONICA                   ,TELEFONOS CELULARES           ,VIANA TELCEL R9               
22495,ELECTRONICA                   ,TELEFONOS CELULARES           ,VIANA TELCEL R6               
22497,ELECTRONICA                   ,TELEFONOS CELULARES           ,VIANA UNEFON                  
22498,ELECTRONICA                   ,TELEFONOS CELULARES           ,VIANA IUSACELL                
22932,ELECTRONICA                   ,CHIPS CELULARES               ,MICRO CHIP TELCEL             
22934,ELECTRONICA                   ,CHIPS CELULARES               ,SIM UNIVERSAL DIGO            
22936,ELECTRONICA                   ,CHIPS CELULARES               ,CHIP TELCEL FIJO TIP          
22940,ELECTRONICA                   ,CHIPS CELULARES               ,CHIPS VIRGIN                  
24807,ELECTRONICA                   ,TELEFONOS LIBRES              ,TELEFONIA LIBRE REDI          
24898,ELECTRONICA                   ,TELEFONOS LIBRES              ,VIANA CELULARES LIBRES        
39999,MUEBLE SUELTO                 ,OFERTAS                       ,REGALOS                       
49999,"SALAS, RECAMARAS, COMEDORES   ",PROMOCIONES                   ,NO VENDER                     
69999,LINEA BLANCA                  ,PROMOCIONES                   ,ARTICULOS DE REGALOS          
59910,BICICLETAS/BEBES/AUTOMOTRIZ   ,OFERTAS                       ,REGALOS MOTOS                 
31629,MUEBLE SUELTO                 ,COMEDORES                     ,COMEDORES GAMA ALTA           
34207,MUEBLE SUELTO                 ,COCINAS                       ,2.10 CONTEMPORANEO            
45040,"SALAS, RECAMARAS, COMEDORES   ",ILUMINACION                   ,LAMPARA DE PATIO              
57501,BICICLETAS/BEBES/AUTOMOTRIZ   ,REFACCIONES                   ,REFACCIONES BAJAJ             
24804,ELECTRONICA                   ,TELEFONOS LIBRES              ,CELULARES VIRGIN              
24808,ELECTRONICA                   ,TELEFONOS LIBRES              ,CELULARES APPLE               
24809,ELECTRONICA                   ,TELEFONOS LIBRES              ,CELULARES OPPO                
24810,ELECTRONICA                   ,TELEFONOS LIBRES              ,MOVISTAR LIBRE                
80402,JOYERIA                       ,ACCESORIOS                    ,FRANELAS                      
80404,JOYERIA                       ,ACCESORIOS                    ,ESTUCHES DE REGALO            
80928,JOYERIA                       ,SETS ORO                      ,JUEGOS 10K REGALOS ELLA       
80929,JOYERIA                       ,SETS ORO                      ,JUEGOS 14K REGALOS ELLA       
83101,JOYERIA                       ,BISUTERA FINA                 ,ANILLO BISUTERIA FINA         
83102,JOYERIA                       ,BISUTERA FINA                 ,ARETES BISUTERIA FINA         
83104,JOYERIA                       ,BISUTERA FINA                 ,CADENAS BISUTERIA FINA        
83105,JOYERIA                       ,BISUTERA FINA                 ,PULSERA BISUTERIA FINA        
83106,JOYERIA                       ,BISUTERA FINA                 ,SET BISUTERIA FINA            
84704,JOYERIA                       ,JUEGOS PLATA                  ,ARETES CON DIJE PLATA         
86001,JOYERIA                       ,JOYERIA FINA                  ,ARETES                        
86002,JOYERIA                       ,JOYERIA FINA                  ,COQUETA                       
86003,JOYERIA                       ,JOYERIA FINA                  ,PULSERA                       
86803,JOYERIA                       ,TEJIDOS                       ,CADENAS TEJIDOS               
86804,JOYERIA                       ,TEJIDOS                       ,PULSERAS TEJIDOS              
22824,ELECTRONICA                   ,RECARGAS DE TIEMPO AIRE       ,PAQUETES DE DATOS             
27903,ELECTRONICA                   ,TABLETS                       ,TABLETS 10 PULGADAS           
46004,"SALAS, RECAMARAS, COMEDORES   ",RECAMARAS                     ,TOCADOR DESPIEZADO            
30812,MUEBLE SUELTO                 ,LITERAS                       ,MADERA MULTIFUNCIONAL         
30814,MUEBLE SUELTO                 ,LITERAS                       ,METAL MAT-MAT                 
33806,MUEBLE SUELTO                 ,ALMACENAMIENTO                ,ESQUINERO                     
50323,BICICLETAS/BEBES/AUTOMOTRIZ   ,JUGUETES                      ,BLOQUES DE CONSTRUCCION       
53520,BICICLETAS/BEBES/AUTOMOTRIZ   ,FOCOS                         ,FOCO LED                      
17805,DOMESTICOS                    ,ASPIRADORAS                   ,EXCLUSIVOS COPPEL.COM         
18002,DOMESTICOS                    ,HIDROLAVADORAS                ,EXCLUSIVOS COPPEL.COM         
20421,ELECTRONICA                   ,AUDIO                         ,AUDIO TRADICIONAL             
20820,ELECTRONICA                   ,REGULADORES Y SUPRESORES      ,EXCLUSIVOS COPPEL.COM         
21410,ELECTRONICA                   ,CONTROLES                     ,EXCLUSIVOS COPPEL.COM         
21506,ELECTRONICA                   ,CAMARA FOTOGRAFICA            ,CAMARAS DE ACCION             
21507,ELECTRONICA                   ,CAMARA FOTOGRAFICA            ,"GO PRO, DJI, SAMSUNG          "
22355,ELECTRONICA                   ,COMPUTADORAS                  ,COMPUTADORAS COPPEL.COM       
22360,ELECTRONICA                   ,COMPUTADORAS                  ,MONITORES                     
22850,ELECTRONICA                   ,RECARGAS DE TIEMPO AIRE       ,NEXTEL TA ELECTRONICO         
22860,ELECTRONICA                   ,RECARGAS DE TIEMPO AIRE       ,AGRANDA TU RECARGA MOVISTAR   
22908,ELECTRONICA                   ,CHIPS CELULARES               ,CHIP 4G MULTI LIBRE           
22911,ELECTRONICA                   ,CHIPS CELULARES               ,CHIP 4G MULTIFORMATO          
22926,ELECTRONICA                   ,CHIPS CELULARES               ,SIM UNEFON                    
22933,ELECTRONICA                   ,CHIPS CELULARES               ,MICRO SIM MOVISTAR            
22941,ELECTRONICA                   ,CHIPS CELULARES               ,ESIM TELCEL                   
23109,ELECTRONICA                   ,LINEAS PARA VENTA             ,DIGO MAS                      
23955,ELECTRONICA                   ,ACCESORIOS PARA TABLET        ,ACCESORIOS APPLE              
23960,ELECTRONICA                   ,ACCESORIOS PARA TABLET        ,ACCESORIOS TABLETS COPPEL.COM 
24010,ELECTRONICA                   ,MEMORIAS                      ,DISCOS DUROS                  
24011,ELECTRONICA                   ,MEMORIAS                      ,MEMORIAS COPPEL.COM           
24396,ELECTRONICA                   ,ACCESORIOS DE COMPUTACION     ,ROUTERS Y EXPANSORES          
24397,ELECTRONICA                   ,ACCESORIOS DE COMPUTACION     ,ACCESORIOS APPLE              
24398,ELECTRONICA                   ,ACCESORIOS DE COMPUTACION     ,OFFICE                        
24405,ELECTRONICA                   ,AUDIFONOS                     ,IN EAR BT                     
24410,ELECTRONICA                   ,AUDIFONOS                     ,DEPORTIVOS                    
24415,ELECTRONICA                   ,AUDIFONOS                     ,TRUE WIRELESS                 
24417,ELECTRONICA                   ,AUDIFONOS                     ,TRUE WIRELESS CELULAR         
24418,ELECTRONICA                   ,AUDIFONOS                     ,TRUE WIRELESS PREMIUM         
24475,ELECTRONICA                   ,AUDIFONOS                     ,FUNCIONES ESPECIALES          
24480,ELECTRONICA                   ,AUDIFONOS                     ,AUDIFONOS COPPEL.COM          
24503,ELECTRONICA                   ,IMPRESION                     ,IMPRESORAS TINTA CONTINUA     
24507,ELECTRONICA                   ,IMPRESION                     ,IMPRESORAS COPPEL.COM         
24735,ELECTRONICA                   ,TARJETAS DE CONTENIDO         ,CLICK BALANCE                 
25601,ELECTRONICA                   ,GADGETS                       ,SMARTWATCHES                  
25602,ELECTRONICA                   ,GADGETS                       ,GADGETS                       
25603,ELECTRONICA                   ,GADGETS                       ,SPHERO                        
25705,ELECTRONICA                   ,WEARABLES                     ,FITBANDS                      
25710,ELECTRONICA                   ,WEARABLES                     ,SMARTWATCH BASICO             
25715,ELECTRONICA                   ,WEARABLES                     ,SMARTWATCH PREMIUM            
26502,ELECTRONICA                   ,SMART HOME                    ,CAMARAS INTELIGENTES          
27601,ELECTRONICA                   ,WEARABLES                     ,LOCALIZADORES                 
27902,ELECTRONICA                   ,TABLETS                       ,TABLETS 8 PULGADAS            
29617,ELECTRONICA                   ,ACCESORIOS CAMARAS            ,ACCESORIOS CAMARAS COPPEL.COM 
30104,MUEBLE SUELTO                 ,COLCHON                       ,PILLOW TOP INDIVIDUAL         
30208,MUEBLE SUELTO                 ,JUEGO BOX                     ,HULE ESPUMA INDIVIDUAL        
30216,MUEBLE SUELTO                 ,JUEGO BOX                     ,HULE ESPUMA MATRIMONIAL       
30218,MUEBLE SUELTO                 ,JUEGO BOX                     ,ESTANDAR QS                   
30222,MUEBLE SUELTO                 ,JUEGO BOX                     ,PILLOW TOP DOBLE QS           
30224,MUEBLE SUELTO                 ,JUEGO BOX                     ,ESTANDAR KS                   
30226,MUEBLE SUELTO                 ,JUEGO BOX                     ,PILLOW TOP KS                 
30228,MUEBLE SUELTO                 ,JUEGO BOX                     ,PILLOW TOP DOBLE KS           
30810,MUEBLE SUELTO                 ,LITERAS                       ,METAL MULTIFUNCIONAL          
31006,MUEBLE SUELTO                 ,BASES PARA COLCHON            ,METAL MATRIMONIAL             
31010,MUEBLE SUELTO                 ,BASES PARA COLCHON            ,TAPIZADA INDIVIDUAL           
31012,MUEBLE SUELTO                 ,BASES PARA COLCHON            ,TAPIZADA MATRIMONIAL          
31404,MUEBLE SUELTO                 ,MUEBLES INFANTILES            ,CUNA METALICA                 
31410,MUEBLE SUELTO                 ,MUEBLES INFANTILES            ,CAMA INFANTIL METALICA        
31412,MUEBLE SUELTO                 ,MUEBLES INFANTILES            ,MOISES                        
31414,MUEBLE SUELTO                 ,MUEBLES INFANTILES            ,CAMBIADOR                     
32210,MUEBLE SUELTO                 ,SILLAS P/COMEDOR SUELTAS      ,SILLA ALTA                    
32802,MUEBLE SUELTO                 ,JUEGO DE JARDIN               ,METAL CLASICO                 
33002,MUEBLE SUELTO                 ,JARDIN                        ,SILLA PLASTICA BAJA           
33004,MUEBLE SUELTO                 ,JARDIN                        ,SILLA METAL BAJA              
33006,MUEBLE SUELTO                 ,JARDIN                        ,TABURETE                      
33009,MUEBLE SUELTO                 ,JARDIN                        ,SILLA PLEGABLE BAJA           
33012,MUEBLE SUELTO                 ,JARDIN                        ,MESA METAL P/SET              
33013,MUEBLE SUELTO                 ,JARDIN                        ,SOMBRILLA PARA PLAYA          
33014,MUEBLE SUELTO                 ,JARDIN                        ,TOLDO BAJA                    
33016,MUEBLE SUELTO                 ,JARDIN                        ,BANCAS BAJA                   
33123,MUEBLE SUELTO                 ,SILLAS/BANCAS                 ,SILLA MADERA                  
33410,MUEBLE SUELTO                 ,ROPEROS                       ,LAMINADO 1.60 M CLASICO       
33522,MUEBLE SUELTO                 ,CAMASTROS                     ,CAMASTROS                     
33616,MUEBLE SUELTO                 ,COMODAS                       ,MADERA 0.80 M CONTEMPORANEO   
33622,MUEBLE SUELTO                 ,COMODAS                       ,MADERA    1.20 M CONTEMPORANEO
33802,MUEBLE SUELTO                 ,ALMACENAMIENTO                ,MUEBLE DIVISOR                
33803,MUEBLE SUELTO                 ,ALMACENAMIENTO                ,ZAPATERAS                     
33804,MUEBLE SUELTO                 ,ALMACENAMIENTO                ,TOALLEROS                     
33805,MUEBLE SUELTO                 ,ALMACENAMIENTO                ,CAJAS Y CANASTOS              
33807,MUEBLE SUELTO                 ,ALMACENAMIENTO                ,ACCESORIOS DE LAVANDERIA      
33809,MUEBLE SUELTO                 ,ALMACENAMIENTO                ,ORGANIZADORES DE BAÑO         
33810,MUEBLE SUELTO                 ,ALMACENAMIENTO                ,BAÑO                          
33811,MUEBLE SUELTO                 ,ALMACENAMIENTO                ,CARROS MULTIUSOS              
33812,MUEBLE SUELTO                 ,ALMACENAMIENTO                ,CLOSET Y ACCESORIOS DE CLOSET 
33813,MUEBLE SUELTO                 ,ALMACENAMIENTO                ,BOTES Y CONTENEDORES DE BASURA
33815,MUEBLE SUELTO                 ,ALMACENAMIENTO                ,REPISAS Y PERCHEROS           
33816,MUEBLE SUELTO                 ,ALMACENAMIENTO                ,ESTANTES Y GABINETES          
33817,MUEBLE SUELTO                 ,ALMACENAMIENTO                ,ORGANIZADORES DE COCINA       
33818,MUEBLE SUELTO                 ,ALMACENAMIENTO                ,ORGANIZADORES DE OFICINA      
34112,MUEBLE SUELTO                 ,MESAS PARA JARDIN             ,MESA METAL P/SET              
34211,MUEBLE SUELTO                 ,COCINAS                       ,2.60 CONTEMPORANEO            
34724,MUEBLE SUELTO                 ,CUBRE AREA EXTERIOR           ,GAZEBO                        
34925,MUEBLE SUELTO                 ,ACCESORIOS PARA JARDIN        ,ILUMINACION EXTERIOR          
34927,MUEBLE SUELTO                 ,ACCESORIOS PARA JARDIN        ,JARDIN ARTIFICIAL             
35204,MUEBLE SUELTO                 ,PORTAGARRAFON                 ,PORTAGARRAFON TORRE           
44006,"SALAS, RECAMARAS, COMEDORES   ",MESAS SALAS                   ,MESA DE CENTRO MADERA CLASICA 
45030,"SALAS, RECAMARAS, COMEDORES   ",ILUMINACION                   ,PLAFONES CLASICOS             
45306,"SALAS, RECAMARAS, COMEDORES   ",BAÑO                          ,CESTO                         
45445,"SALAS, RECAMARAS, COMEDORES   ",ACCESORIOS DE MESA            ,FOLLAJE                       
45450,"SALAS, RECAMARAS, COMEDORES   ",ACCESORIOS DE MESA            ,ARTESANIA                     
45453,"SALAS, RECAMARAS, COMEDORES   ",ACCESORIOS DE MESA            ,ARBOLES                       
45512,"SALAS, RECAMARAS, COMEDORES   ",COJINES                       ,COJINES ESTAMPADOS            
45551,"SALAS, RECAMARAS, COMEDORES   ",COJINES                       ,COJINES  POR COLECCION        
45915,"SALAS, RECAMARAS, COMEDORES   ",TAPETES                       ,TAPETE DE AREA                
46002,"SALAS, RECAMARAS, COMEDORES   ",RECAMARAS                     ,RECAMARA CLASICA              
46304,"SALAS, RECAMARAS, COMEDORES   ",MUEBLES PARA TV               ,CENTRO DE ENTRET.  RUSTICO    
49140,"SALAS, RECAMARAS, COMEDORES   ",ROPA DE CAMA INTERIOR         ,PROTECTOR COLCHON MARCA GLOBAL
50333,BICICLETAS/BEBES/AUTOMOTRIZ   ,JUGUETES                      ,CORREPASILLOS COMER           
50334,BICICLETAS/BEBES/AUTOMOTRIZ   ,JUGUETES                      ,CARRITO DE PASEO COMER        
50336,BICICLETAS/BEBES/AUTOMOTRIZ   ,JUGUETES                      ,ELECTRICOS PEQUEÑOS COMER     
50337,BICICLETAS/BEBES/AUTOMOTRIZ   ,JUGUETES                      ,SCOOTER INFANTIL NIÑA COMER   
50338,BICICLETAS/BEBES/AUTOMOTRIZ   ,JUGUETES                      ,SCOOTER INFANTIL NIÑO COMER   
50339,BICICLETAS/BEBES/AUTOMOTRIZ   ,JUGUETES                      ,SCOOTER JUVENIL COMER         
50340,BICICLETAS/BEBES/AUTOMOTRIZ   ,JUGUETES                      ,TRICICLO INFANTIL NIÑA COMER  
50341,BICICLETAS/BEBES/AUTOMOTRIZ   ,JUGUETES                      ,TRICICLO INFANTIL NIÑO COMER  
50342,BICICLETAS/BEBES/AUTOMOTRIZ   ,JUGUETES                      ,TRICICLO ETAPAS COMER         
50343,BICICLETAS/BEBES/AUTOMOTRIZ   ,JUGUETES                      ,PATINES JUVENILES COMER       
50344,BICICLETAS/BEBES/AUTOMOTRIZ   ,JUGUETES                      ,PATINES INFANTILES COMER      
50356,BICICLETAS/BEBES/AUTOMOTRIZ   ,JUGUETES                      ,PATINES PREESCOLAR COMER      
50357,BICICLETAS/BEBES/AUTOMOTRIZ   ,JUGUETES                      ,EDUCATIVOS COMER              
50358,BICICLETAS/BEBES/AUTOMOTRIZ   ,JUGUETES                      ,COCINAS CASITAS MERCADO COMER 
50359,BICICLETAS/BEBES/AUTOMOTRIZ   ,JUGUETES                      ,JUGUETES VARIOS COMER         
50360,BICICLETAS/BEBES/AUTOMOTRIZ   ,JUGUETES                      ,JUEGOS DE PARQUE COMER        
50361,BICICLETAS/BEBES/AUTOMOTRIZ   ,JUGUETES                      ,BLOQUES DE CONSTRUCCION COMER 
50362,BICICLETAS/BEBES/AUTOMOTRIZ   ,JUGUETES                      ,VEHICULO R/C ESCALA COMER     
50363,BICICLETAS/BEBES/AUTOMOTRIZ   ,JUGUETES                      ,DRONES R/C COMER              
50364,BICICLETAS/BEBES/AUTOMOTRIZ   ,JUGUETES                      ,PATINETAS COMER               
50366,BICICLETAS/BEBES/AUTOMOTRIZ   ,JUGUETES                      ,ACTIVIDADES COMER             
50367,BICICLETAS/BEBES/AUTOMOTRIZ   ,JUGUETES                      ,JUGUETES OUTDOOR COMER        
50368,BICICLETAS/BEBES/AUTOMOTRIZ   ,JUGUETES                      ,AUTOPISTAS COMER              
50369,BICICLETAS/BEBES/AUTOMOTRIZ   ,JUGUETES                      ,CASITAS COMER                 
50618,BICICLETAS/BEBES/AUTOMOTRIZ   ,LLANTAS                       ,PASAJERO RIN 18               
50630,BICICLETAS/BEBES/AUTOMOTRIZ   ,LLANTAS                       ,LLANTAS DE CAMION             
50636,BICICLETAS/BEBES/AUTOMOTRIZ   ,LLANTAS                       ,PASAJERO RIN 15.COM           
50640,BICICLETAS/BEBES/AUTOMOTRIZ   ,LLANTAS                       ,PASAJERO RIN 17.COM           
50642,BICICLETAS/BEBES/AUTOMOTRIZ   ,LLANTAS                       ,PASAJERO RIN 18.COM           
50644,BICICLETAS/BEBES/AUTOMOTRIZ   ,LLANTAS                       ,PASAJERO RIN 19.COM           
50646,BICICLETAS/BEBES/AUTOMOTRIZ   ,LLANTAS                       ,PASAJERO RIN 20.COM           
50648,BICICLETAS/BEBES/AUTOMOTRIZ   ,LLANTAS                       ,CAMIONETA RIN 14.COM          
50650,BICICLETAS/BEBES/AUTOMOTRIZ   ,LLANTAS                       ,CAMIONETA RIN 15.COM          
50652,BICICLETAS/BEBES/AUTOMOTRIZ   ,LLANTAS                       ,CAMIONETA RIN 16.COM          
50654,BICICLETAS/BEBES/AUTOMOTRIZ   ,LLANTAS                       ,CAMIONETA RIN 17.COM          
50658,BICICLETAS/BEBES/AUTOMOTRIZ   ,LLANTAS                       ,CAMIONETA RIN 19.COM          
50660,BICICLETAS/BEBES/AUTOMOTRIZ   ,LLANTAS                       ,COPPEL.COM                    
50760,BICICLETAS/BEBES/AUTOMOTRIZ   ,ACUMULADORES                  ,ACUMULADORES/BATERIAS.COM     
51112,BICICLETAS/BEBES/AUTOMOTRIZ   ,ACCESORIOS BICICLETAS         ,GUANTES                       
51120,BICICLETAS/BEBES/AUTOMOTRIZ   ,ACCESORIOS BICICLETAS         ,MOCHILA Y ALFORJAS            
51125,BICICLETAS/BEBES/AUTOMOTRIZ   ,ACCESORIOS BICICLETAS         ,CANDADO                       
51145,BICICLETAS/BEBES/AUTOMOTRIZ   ,ACCESORIOS BICICLETAS         ,ASIENTOS Y CUBREASIENTOS      
51201,BICICLETAS/BEBES/AUTOMOTRIZ   ,SALUD Y BIENESTAR             ,APARATOS MEDICOS              
51205,BICICLETAS/BEBES/AUTOMOTRIZ   ,SALUD Y BIENESTAR             ,ACCESORIOS MEDICOS            
51210,BICICLETAS/BEBES/AUTOMOTRIZ   ,SALUD Y BIENESTAR             ,APARATOS ORTOPEDICOS          
51215,BICICLETAS/BEBES/AUTOMOTRIZ   ,SALUD Y BIENESTAR             ,ACCESORIOS ORTOPEDICOS        
51501,BICICLETAS/BEBES/AUTOMOTRIZ   ,BICICLETA ADULTO              ,RIN 24 MTB SUSP DEL CABALLERO 
51860,BICICLETAS/BEBES/AUTOMOTRIZ   ,Bicicletas de Carga y Trabajo ,.COM BICICLETA DE CARGA       
52015,BICICLETAS/BEBES/AUTOMOTRIZ   ,ACCESORIOS AUTOMOTRIZ VARIOS  ,ACEITES Y ANTICONGELANTES     
53276,BICICLETAS/BEBES/AUTOMOTRIZ   ,HERRAMIENTAS ELECTRICAS       ,HERR ELEC .COM ESPECIALES     
53314,BICICLETAS/BEBES/AUTOMOTRIZ   ,HERRAMIENTAS MANUALES         ,JUEGO DE LLAVES.COM           
53531,BICICLETAS/BEBES/AUTOMOTRIZ   ,FOCOS                         ,FOCOS MAYOREO                 
56007,BICICLETAS/BEBES/AUTOMOTRIZ   ,BAÑOS                         ,TARJAS                        
56008,BICICLETAS/BEBES/AUTOMOTRIZ   ,BAÑOS                         ,BAÑOS MAYOREO                 
56105,BICICLETAS/BEBES/AUTOMOTRIZ   ,PINTURA                       ,PINTURAS MAYOREO              
56205,BICICLETAS/BEBES/AUTOMOTRIZ   ,MATERIAL ELECTRICO            ,MATERIAL ELECTRICO MAYOREO    
56302,BICICLETAS/BEBES/AUTOMOTRIZ   ,FERRETERIA                    ,FERRETERIA MAYOREO            
56403,BICICLETAS/BEBES/AUTOMOTRIZ   ,PLOMERIA                      ,PLOMERIA MAYOREO              
56703,BICICLETAS/BEBES/AUTOMOTRIZ   ,PUERTAS                       ,MARCOS PARA PUERTA            
57503,BICICLETAS/BEBES/AUTOMOTRIZ   ,REFACCIONES                   ,ACEITE PARA MOTO              
57504,BICICLETAS/BEBES/AUTOMOTRIZ   ,REFACCIONES                   ,ZAPATA FRENO TAMBOR MOTO      
57506,BICICLETAS/BEBES/AUTOMOTRIZ   ,REFACCIONES                   ,BANDA DE CAUCHO MOTO          
57508,BICICLETAS/BEBES/AUTOMOTRIZ   ,REFACCIONES                   ,BUJIA DE ENCENDIDO MOTO       
57509,BICICLETAS/BEBES/AUTOMOTRIZ   ,REFACCIONES                   ,CABLES ELECTRICOS MOTOS       
57510,BICICLETAS/BEBES/AUTOMOTRIZ   ,REFACCIONES                   ,CABLES DE EMBRAGUE MOTO       
57511,BICICLETAS/BEBES/AUTOMOTRIZ   ,REFACCIONES                   ,CADENAS MOTOS                 
57512,BICICLETAS/BEBES/AUTOMOTRIZ   ,REFACCIONES                   ,COMPONENTES ELECTRICOS MOTO   
57515,BICICLETAS/BEBES/AUTOMOTRIZ   ,REFACCIONES                   ,FILTROS DE AIRE MOTO          
57516,BICICLETAS/BEBES/AUTOMOTRIZ   ,REFACCIONES                   ,FILTROS DE GASOLINA MOTO      
57517,BICICLETAS/BEBES/AUTOMOTRIZ   ,REFACCIONES                   ,FILTROS DE ACEITE MOTO        
58130,BICICLETAS/BEBES/AUTOMOTRIZ   ,CASCOS                        ,CACHUCHA                      
58140,BICICLETAS/BEBES/AUTOMOTRIZ   ,CASCOS                        ,VACIA                         
58150,BICICLETAS/BEBES/AUTOMOTRIZ   ,CASCOS                        ,VACIA                         
58220,BICICLETAS/BEBES/AUTOMOTRIZ   ,CAJAS MOTOS                   ,CAJAS DE REPARTO              
58230,BICICLETAS/BEBES/AUTOMOTRIZ   ,CAJAS MOTOS                   ,ALFORJAS MOTOS                
58310,BICICLETAS/BEBES/AUTOMOTRIZ   ,CANDADOS                      ,CANDADOS                      
58701,BICICLETAS/BEBES/AUTOMOTRIZ   ,Proteccion y ropa motociclista,"CHAMARRAS, PANTALONES Y PETOS "
64530,LINEA BLANCA                  ,ESTUFAS                       ,ESTUFAS DE EMPOTRE 20         
64540,LINEA BLANCA                  ,ESTUFAS                       ,ESTUFAS DE PISO.COM           
67046,LINEA BLANCA                  ,LAVADORAS                     ,CARGA FRONTAL 15 KG O MENORES 
68610,LINEA BLANCA                  ,CONGELADORES                  ,5 PIES                        
68615,LINEA BLANCA                  ,CONGELADORES                  ,7 PIES                        
68620,LINEA BLANCA                  ,CONGELADORES                  ,9 PIES                        
68630,LINEA BLANCA                  ,CONGELADORES                  ,15-16 PIES                    
70115,RELOJERIA                     ,RELOJ DAMA                    ,D SMART                       
70216,RELOJERIA                     ,RELOJ CABALLERO               ,C SMART                       
75001,RELOJERIA                     ,OXIMETRO                      ,OXIMETRO                      
75201,RELOJERIA                     ,MEDIDOR DE PRESION            ,MEDIDOR DE PRESION DE BRAZO   
75202,RELOJERIA                     ,MEDIDOR DE PRESION            ,MEDIDOR DE PRESION DE MUÑECA  
75301,RELOJERIA                     ,GLUCOMETRO                    ,GLUCOMETROS                   
75302,RELOJERIA                     ,GLUCOMETRO                    ,CONSUMIBLES                   
75401,RELOJERIA                     ,RESPIRATORIO                  ,NEBULIZADORES                 
75601,RELOJERIA                     ,APARATOS AUDITIVOS            ,APARATOS AUDITIVOS            
75701,RELOJERIA                     ,ANDADERAS                     ,ANDADERA SENCILLA             
75702,RELOJERIA                     ,ANDADERAS                     ,ANDADERA DOBLE APOYO          
75703,RELOJERIA                     ,ANDADERAS                     ,ANDADERA CON ASIENTO          
75704,RELOJERIA                     ,ANDADERAS                     ,ANDADERA CON RUEDAS           
75801,RELOJERIA                     ,MULETAS                       ,MULETAS PAR                   
75901,RELOJERIA                     ,BASTONES                      ,BASTON DE UN APOYO            
76101,RELOJERIA                     ,AUXILIARES PARA BAÑO          ,WC - COMODO                   
76102,RELOJERIA                     ,AUXILIARES PARA BAÑO          ,BAÑO Y REGADERA               
76301,RELOJERIA                     ,DESCANSO DEL PACIENTE         ,COLCHON DE PRESION ALTERNA    
76401,RELOJERIA                     ,REHABILITACION                ,ORTOPEDIA BLANDA              
76402,RELOJERIA                     ,REHABILITACION                ,COMPRESAS                     
76403,RELOJERIA                     ,REHABILITACION                ,FISIOTERAPIA                  
76414,RELOJERIA                     ,REHABILITACION                ,CORRECTOR DE POSTURA          
77501,RELOJERIA                     ,MINERALES                     ,MAGNESIO                      
77502,RELOJERIA                     ,MINERALES                     ,POTASIO                       
77503,RELOJERIA                     ,MINERALES                     ,ZINC                          
77701,RELOJERIA                     ,OTROS NO DEPORTIVOS           ,OMEGA                         
77702,RELOJERIA                     ,OTROS NO DEPORTIVOS           ,CUIDADO PCU                   
77703,RELOJERIA                     ,OTROS NO DEPORTIVOS           ,AUXILIARES PARA EL SUEÑO      
77704,RELOJERIA                     ,OTROS NO DEPORTIVOS           ,HERBALES                      
77705,RELOJERIA                     ,OTROS NO DEPORTIVOS           ,SALUD DIGESTIVA               
77706,RELOJERIA                     ,OTROS NO DEPORTIVOS           ,OTROS                         
20250,ELECTRONICA                   ,AUTO STEREOS                  ,CAMARA DE REVERSA             
20304,ELECTRONICA                   ,BOCINA CAR AUDIO              ,CAJONES PARA BOCINAS          
20413,ELECTRONICA                   ,AUDIO                         ,MINI AUDIO HIPOWER            
20419,ELECTRONICA                   ,AUDIO                         ,MICROCOMPONENTES COPPEL.COM   
21035,ELECTRONICA                   ,TELEVISOR COLOR               ,TELEVISOR LCD  19 - 24        
21040,ELECTRONICA                   ,TELEVISOR COLOR               ,TELEVISOR LCD  26 - 27        
21220,ELECTRONICA                   ,INSTRUMENTOS MUSICALES        ,TORNAMESAS                    
21609,ELECTRONICA                   ,DVD                           ,BLU RAY                       
21909,ELECTRONICA                   ,ACCESORIOS TV                 ,ACCESORIOS VARIOS             
21975,ELECTRONICA                   ,ACCESORIOS TV                 ,ANTENAS STARLINK              
22005,ELECTRONICA                   ,CONSOLAS DE VIDEOJUEGOS       ,PS2                           
22007,ELECTRONICA                   ,CONSOLAS DE VIDEOJUEGOS       ,PSP                           
22478,ELECTRONICA                   ,TELEFONOS CELULARES           ,PLANES TELCEL R9              
22480,ELECTRONICA                   ,TELEFONOS CELULARES           ,PLANES TELCEL R8              
22482,ELECTRONICA                   ,TELEFONOS CELULARES           ,PLANES TELCEL R7              
22488,ELECTRONICA                   ,TELEFONOS CELULARES           ,PLANES TELCEL R5              
22489,ELECTRONICA                   ,TELEFONOS CELULARES           ,PLANES TELCEL R6              
22491,ELECTRONICA                   ,TELEFONOS CELULARES           ,PLANES TELCEL R1              
22492,ELECTRONICA                   ,TELEFONOS CELULARES           ,PLANES TELCEL R2              
22493,ELECTRONICA                   ,TELEFONOS CELULARES           ,PLANES TELCEL R3              
22902,ELECTRONICA                   ,CHIPS CELULARES               ,MICROSIM MOVI LTE             
22903,ELECTRONICA                   ,CHIPS CELULARES               ,SIM MOVI LTE                  
22905,ELECTRONICA                   ,CHIPS CELULARES               ,AMIGO KIT TELCEL LIBRE        
22907,ELECTRONICA                   ,CHIPS CELULARES               ,MICRO CHIP LIBRES             
22937,ELECTRONICA                   ,CHIPS CELULARES               ,SIM PLANES TELCEL             
22938,ELECTRONICA                   ,CHIPS CELULARES               ,MICRO SIM PLAN TELCEL         
22939,ELECTRONICA                   ,CHIPS CELULARES               ,NANOSIM PLANES TELCEL         
24115,ELECTRONICA                   ,ACCESORIOS DE VIDEOJUEGOS     ,ACCESORIOS DE  PLAYSTATION    
24150,ELECTRONICA                   ,ACCESORIOS DE VIDEOJUEGOS     ,ACCESORIOS VIDEO JUEGOS VARIOS
24208,ELECTRONICA                   ,VIDEO JUEGOS                  ,NINTENDO 3DS                  
24209,ELECTRONICA                   ,VIDEO JUEGOS                  ,PS VITA                       
24212,ELECTRONICA                   ,VIDEO JUEGOS                  ,WII U                         
24501,ELECTRONICA                   ,IMPRESION                     ,IMPRESORAS INYECCION DE TINTA 
24505,ELECTRONICA                   ,IMPRESION                     ,IMPRESORAS LASER              
24515,ELECTRONICA                   ,IMPRESION                     ,CARTUCHOS COPPEL.COM          
24516,ELECTRONICA                   ,IMPRESION                     ,ESCANER MARKETPLACE           
24517,ELECTRONICA                   ,IMPRESION                     ,REPUESTOS Y ACCS MARKETPLACE  
24601,ELECTRONICA                   ,KIOSKO KODAK                  ,KIOSKOS                       
24605,ELECTRONICA                   ,KIOSKO KODAK                  ,KITS DE IMPRESION PARA KIOSKOS
25408,ELECTRONICA                   ,CARGADORES                    ,CABLES MICRO USB              
25412,ELECTRONICA                   ,CARGADORES                    ,CABLES TIPO C A TIPO C        
25509,ELECTRONICA                   ,CELULARES PLANES TARIFARIOS   ,TELCEL TARIFARIOS R2          
26001,ELECTRONICA                   ,CATALOGO BANCOPPEL            ,EXCLUSIVOS BANCOPPEL          
26601,ELECTRONICA                   ,ACCESORIOS CAR AUDIO          ,CAMARAS FRONTALES DASH CAM    
26603,ELECTRONICA                   ,ACCESORIOS CAR AUDIO          ,SENSORES DE REVERSA           
26604,ELECTRONICA                   ,ACCESORIOS CAR AUDIO          ,ACCESORIOS CAR AUDIO          
26710,ELECTRONICA                   ,COPPEL.COM                    ,TELEVISOR                     
26720,ELECTRONICA                   ,COPPEL.COM                    ,BARRA DE SONIDO               
26730,ELECTRONICA                   ,COPPEL.COM                    ,BOCINAS                       
26740,ELECTRONICA                   ,COPPEL.COM                    ,BLU-RAY                       
26820,ELECTRONICA                   ,COPPEL.COM                    ,AUDIFONOS                     
26830,ELECTRONICA                   ,COPPEL.COM                    ,CAMARAS FOTOGRAFICAS          
26901,ELECTRONICA                   ,EXCLUSIVOS BANCOPPEL          ,EXCLUSIVOS BANCOPPEL          
28001,ELECTRONICA                   ,ACCESORIOS C DIGITAL          ,PROTECTORES                   
28002,ELECTRONICA                   ,ACCESORIOS C DIGITAL          ,CARGADORES Y CABLES           
28003,ELECTRONICA                   ,ACCESORIOS C DIGITAL          ,MANOS LIBRES                  
28004,ELECTRONICA                   ,ACCESORIOS C DIGITAL          ,POWER BANKS                   
28005,ELECTRONICA                   ,ACCESORIOS C DIGITAL          ,PROTECTORES DE PANTALLA       
28006,ELECTRONICA                   ,ACCESORIOS C DIGITAL          ,PROTECTORES APPLE             
28007,ELECTRONICA                   ,ACCESORIOS C DIGITAL          ,CABLES APPLE                  
28008,ELECTRONICA                   ,ACCESORIOS C DIGITAL          ,WATCH APPLE                   
28009,ELECTRONICA                   ,ACCESORIOS C DIGITAL          ,CORREAS WATCH APPLE           
28501,ELECTRONICA                   ,MARKETPLACE                   ,ELECTRONICA                   
28502,ELECTRONICA                   ,MARKETPLACE                   ,OFICINA                       
28503,ELECTRONICA                   ,MARKETPLACE                   ,CELULARES Y TABLETS           
28602,ELECTRONICA                   ,PROMOCIONES TYE               ,COMPRAS ESPECIALES            
28910,ELECTRONICA                   ,SERVICIOS                     ,INTERNET FIJO                 
29301,ELECTRONICA                   ,COMPRAS ESPECIALES EP         ,COMPRAS ESPECIALES EP         
29401,ELECTRONICA                   ,IPODS                         ,IPOD TOUCH                    
29402,ELECTRONICA                   ,IPODS                         ,IPOD SHUFFLE                  
29403,ELECTRONICA                   ,IPODS                         ,IPOD NANO                     
29404,ELECTRONICA                   ,IPODS                         ,IPOD CLASSIC                  
29524,ELECTRONICA                   ,PROTECCION                    ,BUMPERS                       
29525,ELECTRONICA                   ,PROTECCION                    ,FUNDA ESPECIFICA              
29526,ELECTRONICA                   ,PROTECCION                    ,FUNDA UNIVERSAL               
29529,ELECTRONICA                   ,PROTECCION                    ,SMARTWATCH                    
29530,ELECTRONICA                   ,PROTECCION                    ,CARGADOR IMPULSO              
29531,ELECTRONICA                   ,PROTECCION                    ,CABLES IMPULSO                
29532,ELECTRONICA                   ,PROTECCION                    ,MOTO MODS                     
29533,ELECTRONICA                   ,PROTECCION                    ,POLAROID                      
29534,ELECTRONICA                   ,PROTECCION                    ,CARGA INALAMRICA              
29812,ELECTRONICA                   ,ACCESORIOS VARIOS             ,ACCESORIOS MARKETPLACE        
29903,ELECTRONICA                   ,PROMOCIONES                   ,COMPRAS ESPECIALES            
30117,MUEBLE SUELTO                 ,COLCHON                       ,COLCHON MARKETPLACE           
30130,MUEBLE SUELTO                 ,COLCHON                       ,HULE ESPUMA KS                
30230,MUEBLE SUELTO                 ,JUEGO BOX                     ,HULE ESPUMA KS                
30232,MUEBLE SUELTO                 ,JUEGO BOX                     ,JUEGO BOX MARKETPLACE         
30312,MUEBLE SUELTO                 ,COLCHON CUNA                  ,COLCHON CUNA MARKETPLACE      
30501,MUEBLE SUELTO                 ,MARKETPLACE                   ,BAR MARKETPLACE               
30816,MUEBLE SUELTO                 ,LITERAS                       ,LITERAS MARKETPLACE           
31018,MUEBLE SUELTO                 ,BASES PARA COLCHON            ,BASES COLCHON MARKETPLACE     
31439,MUEBLE SUELTO                 ,MUEBLES INFANTILES            ,INFANTIL MARKETPLACE          
31626,MUEBLE SUELTO                 ,COMEDORES                     ,MADERA CON CRISTAL            
31628,MUEBLE SUELTO                 ,COMEDORES                     ,COMEDOR 9PZ                   
31636,MUEBLE SUELTO                 ,COMEDORES                     ,COMEDOR                       
31638,MUEBLE SUELTO                 ,COMEDORES                     ,COMEDOR                       
31640,MUEBLE SUELTO                 ,COMEDORES                     ,BUFFET SUELTO P/ 7PZ          
31642,MUEBLE SUELTO                 ,COMEDORES                     ,TRINCHADOR P/ 7PZS            
31644,MUEBLE SUELTO                 ,COMEDORES                     ,9PZ CLASICO                   
31646,MUEBLE SUELTO                 ,COMEDORES                     ,COMEDOR                       
31648,MUEBLE SUELTO                 ,COMEDORES                     ,BUFFET P/ 9PZ                 
31808,MUEBLE SUELTO                 ,BUFFETS/TRINCHADOR            ,GRANDE CONTEMPORANEO          
31814,MUEBLE SUELTO                 ,BUFFETS/TRINCHADOR            ,TRINCHADOR GRANDE CLASICO     
31816,MUEBLE SUELTO                 ,BUFFETS/TRINCHADOR            ,TRINCHADOR GRANDE CONTEMPO    
32211,MUEBLE SUELTO                 ,SILLAS P/COMEDOR SUELTAS      ,SILLA P/COMEDOR MARKETPLACE   
33438,MUEBLE SUELTO                 ,ROPEROS                       ,ROPEROS MARKETPLACE           
33860,MUEBLE SUELTO                 ,ALMACENAMIENTO                ,MUEBLE DIVISOR                
34219,MUEBLE SUELTO                 ,COCINAS                       ,COCINAS MARKETPLACE           
34304,MUEBLE SUELTO                 ,COCINAS MODULARES             ,ALACENA SUPERIOR 90 CLASICO   
34308,MUEBLE SUELTO                 ,COCINAS MODULARES             ,ALACENA SUPERIOR 70 CLASICO   
34310,MUEBLE SUELTO                 ,COCINAS MODULARES             ,ALACENA SUPERIOR 40 CONTEMPORA
34312,MUEBLE SUELTO                 ,COCINAS MODULARES             ,ALACENA SUPERIOR 40 CLASICO   
34314,MUEBLE SUELTO                 ,COCINAS MODULARES             ,SOBRECAMPANA                  
34315,MUEBLE SUELTO                 ,COCINAS MODULARES             ,ALACENA ESQUINERA             
34320,MUEBLE SUELTO                 ,COCINAS MODULARES             ,BASE 90 CLASICO               
34324,MUEBLE SUELTO                 ,COCINAS MODULARES             ,BASE 70 CLASICO               
34326,MUEBLE SUELTO                 ,COCINAS MODULARES             ,BASE 40 CONTEMPORANEO         
34328,MUEBLE SUELTO                 ,COCINAS MODULARES             ,BASE 40 CLASICO               
34801,MUEBLE SUELTO                 ,ALACENA SUELTA P/ COCINA      ,ALACENA  BASICA               
34816,MUEBLE SUELTO                 ,ALACENA SUELTA P/ COCINA      ,ALACENA MULTIFUNCIONAL MADERA 
36901,MUEBLE SUELTO                 ,REPISAS Y PERCHEROS           ,REPISAS                       
40108,"SALAS, RECAMARAS, COMEDORES   ",SALAS                         ,2 2 TRADICIONAL               
40109,"SALAS, RECAMARAS, COMEDORES   ",SALAS                         ,2 2 CONTEMPORANEO             
40111,"SALAS, RECAMARAS, COMEDORES   ",SALAS                         ,321 TRADICIONAL               
40113,"SALAS, RECAMARAS, COMEDORES   ",SALAS                         ,3 2 CONTEMPORANEA             
40116,"SALAS, RECAMARAS, COMEDORES   ",SALAS                         ,ESQUINERA/L CLASICA           
40117,"SALAS, RECAMARAS, COMEDORES   ",SALAS                         ,321 VINIL                     
40145,"SALAS, RECAMARAS, COMEDORES   ",SALAS                         ,ESQUINERAS SUPERIORES         
40505,"SALAS, RECAMARAS, COMEDORES   ",COMPLEMENTOS PARA SALA        ,COMPLEMENTOS MARKETPLACE      
41510,"SALAS, RECAMARAS, COMEDORES   ",SALA DESPIEZADA               ,SILLON INDIVIDUAL SUELTO      
41511,"SALAS, RECAMARAS, COMEDORES   ",SALA DESPIEZADA               ,LOVE SEAT SUELTO              
41512,"SALAS, RECAMARAS, COMEDORES   ",SALA DESPIEZADA               ,SOFA SUELTO                   
43002,"SALAS, RECAMARAS, COMEDORES   ",SILLONES RECLINABLES          ,RECLINABLE CON OTTOMAN        
44012,"SALAS, RECAMARAS, COMEDORES   ",MESAS SALAS                   ,MESAS MARKETPLACE             
46314,"SALAS, RECAMARAS, COMEDORES   ",MUEBLES PARA TV               ,CENTRO DE ENTRET.  VARIANTE   
46505,"SALAS, RECAMARAS, COMEDORES   ",PIEZAS SUELTAS DE RECAMARAS   ,PORTA LUNA DESPIEZADA         
46506,"SALAS, RECAMARAS, COMEDORES   ",PIEZAS SUELTAS DE RECAMARAS   ,CABECERA DESPIEZADA           
48102,"SALAS, RECAMARAS, COMEDORES   ",PIEZAS SUELTAS DE COMEDOR     ,BUFETERAS METAL               
48103,"SALAS, RECAMARAS, COMEDORES   ",PIEZAS SUELTAS DE COMEDOR     ,BUFETERAS RUSTICAS            
50348,BICICLETAS/BEBES/AUTOMOTRIZ   ,JUGUETES                      ,LONGBOARDS                    
53250,BICICLETAS/BEBES/AUTOMOTRIZ   ,HERRAMIENTAS ELECTRICAS       ,VARIOS HERRAMI ELECT.         
53522,BICICLETAS/BEBES/AUTOMOTRIZ   ,FOCOS                         ,FOCOS INTELIGENTES            
55001,BICICLETAS/BEBES/AUTOMOTRIZ   ,MARKETPLACE                   ,AUTOMOTRIZ                    
55002,BICICLETAS/BEBES/AUTOMOTRIZ   ,MARKETPLACE                   ,PRODUCTOS PARA NIÑOS Y BEBES  
55003,BICICLETAS/BEBES/AUTOMOTRIZ   ,MARKETPLACE                   ,DEPORTES Y AIRE LIBRE         
56303,BICICLETAS/BEBES/AUTOMOTRIZ   ,FERRETERIA                    ,MATERIAL MARKETPLACE          
56404,BICICLETAS/BEBES/AUTOMOTRIZ   ,PLOMERIA                      ,PLOMERIA MARKETPLACE          
63545,LINEA BLANCA                  ,CALENTADORES DE AGUA          ,ACCESORIOS CALENT DE AGUA     
64030,LINEA BLANCA                  ,CALEFACTORES DE AMBIENTE      ,CALEFACTORES GAS .COM         
64035,LINEA BLANCA                  ,CALEFACTORES DE AMBIENTE      ,CALEFACTORES ELECTRICOS .COM  
66561,LINEA BLANCA                  ,REFRIGERADORES                ,REPUESTOS Y ACCS MARKETPLACE  
67071,LINEA BLANCA                  ,LAVADORAS                     ,REPUESTOS Y ACCS MARKETPLACE  
70305,RELOJERIA                     ,RELOJ NIÑOS                   ,METAL ANALOGO EXT PLAST NINA  
70306,RELOJERIA                     ,RELOJ NIÑOS                   ,METAL ANALOGO EXT PLAST NINO  
70307,RELOJERIA                     ,RELOJ NIÑOS                   ,PLASTICO DIGITAL EXTPLAST NINA
70308,RELOJERIA                     ,RELOJ NIÑOS                   ,PLASTICO DIGITAL EXTPLAST NINO
70309,RELOJERIA                     ,RELOJ NIÑOS                   ,PLASTICO ANALOGO EXT TELA NINA
70310,RELOJERIA                     ,RELOJ NIÑOS                   ,PLASTICO ANALOGO EXT TELA NINO
80403,JOYERIA                       ,ACCESORIOS                    ,ACCESORIOS BODA               
80420,JOYERIA                       ,ACCESORIOS                    ,SETS BODA                     
80907,JOYERIA                       ,SETS ORO                      ,DIJE CON ARETES 10K           
80908,JOYERIA                       ,SETS ORO                      ,DIJE CON ARETES 14K           
81001,JOYERIA                       ,ARETES ORO DIAMANTE           ,BROQUEL 14K DIAMANTE          
82807,JOYERIA                       ,JUEGOS ACERO INOXIDABLE       ,ARETES CON DIJE               
86004,JOYERIA                       ,JOYERIA FINA                  ,JOYERIA FINA MARKETPLACE      
86301,JOYERIA                       ,ARETES JOYERIA FINA           ,BROQUEL ADRIANNE PICARD       
86302,JOYERIA                       ,ARETES JOYERIA FINA           ,ARETES ADRIANNE PICARD        
86303,JOYERIA                       ,ARETES JOYERIA FINA           ,ARRACADA ADRIANNE PICARD      
86304,JOYERIA                       ,ARETES JOYERIA FINA           ,COQUETA ADRIANNE PICARD       
86601,JOYERIA                       ,PULSERAS JOYERIA FINA         ,ESCLAVA ADRIANNE PICARD       
86602,JOYERIA                       ,PULSERAS JOYERIA FINA         ,PULSERA ADRIANNE PICARD       
94501,OPTICA                        ,MARKETPLACE                   ,SALUD Y BELLEZA               
96801,OPTICA                        ,PAQUETES OFTALMICOS           ,PAQUETE OFTALMICO CR-39       
96802,OPTICA                        ,PAQUETES OFTALMICOS           ,PAQUETE OFTALMICO POLICARBONAT
98501,OPTICA                        ,LENTE SOLAR E-COMMERCE        ,LENTE SOLAR DAMA              
98502,OPTICA                        ,LENTE SOLAR E-COMMERCE        ,LENTE SOLAR CABALLERO         
40112,"SALAS, RECAMARAS, COMEDORES   ",SALAS                         ,321 CONTEMPORANEO             
80791,JOYERIA                       ,CADENAS ORO                   ,CADENAS 10K EXCLUSIVOS .COM   
20220,ELECTRONICA                   ,AUTO STEREOS                  ,CON CD                        
20407,ELECTRONICA                   ,AUDIO                         ,DOCKS Y BOCINAS               
22120,ELECTRONICA                   ,BATERIAS                      ,BATERIAS RECARGABLES          
24105,ELECTRONICA                   ,ACCESORIOS DE VIDEOJUEGOS     ,CONTROLES XBOX                
24120,ELECTRONICA                   ,ACCESORIOS DE VIDEOJUEGOS     ,ACCESORIOS DE XBOX            
24211,ELECTRONICA                   ,VIDEO JUEGOS                  ,XBOX ONE                      
63010,LINEA BLANCA                  ,VENTILADORES                  ,PEDESTAL PLASTICO             
64010,LINEA BLANCA                  ,CALEFACTORES DE AMBIENTE      ,CALEFACTOR ELECTRICO          
64510,LINEA BLANCA                  ,ESTUFAS                       ,GABINETE                      
64515,LINEA BLANCA                  ,ESTUFAS                       ,ESTUFAS DE 20                 
64520,LINEA BLANCA                  ,ESTUFAS                       ,ESTUFAS DE 30                 
65525,LINEA BLANCA                  ,CAMPANAS                      ,CAMPANAS 30                   
66015,LINEA BLANCA                  ,ESTUFAS DE MESA               ,4 QUEMADORES                  
66545,LINEA BLANCA                  ,REFRIGERADORES                ,CONGELADOR                    
67015,LINEA BLANCA                  ,LAVADORAS                     ,AUTOMATICA TRADICIONAL        
80120,JOYERIA                       ,ANILLOS DAMA ORO              ,ANILLO NIÑA 10K               
80121,JOYERIA                       ,ANILLOS DAMA ORO              ,ANILLO DAMA 10K               
80124,JOYERIA                       ,ANILLOS DAMA ORO              ,ANILLO NIÑA 14K               
80125,JOYERIA                       ,ANILLOS DAMA ORO              ,ANILLO DAMA 14K               
80126,JOYERIA                       ,ANILLOS DAMA ORO              ,ANILLO DAMA 14K REGALOS ELLA  
80127,JOYERIA                       ,ANILLOS DAMA ORO              ,ANILLO DAMA 14K BODA          
80220,JOYERIA                       ,ANILLOS CABALLERO ORO         ,ANILLO CABALLERO 10K REGALOS E
80221,JOYERIA                       ,ANILLOS CABALLERO ORO         ,ANILLO CABALLERO 14K REGALOS E
80522,JOYERIA                       ,ARETES ORO                    ,BROQUEL 10K                   
80523,JOYERIA                       ,ARETES ORO                    ,BROQUEL 10K                   
80524,JOYERIA                       ,ARETES ORO                    ,ARETES 10K                    
80525,JOYERIA                       ,ARETES ORO                    ,ARETES 10K                    
80527,JOYERIA                       ,ARETES ORO                    ,ARRACADA 10K                  
80528,JOYERIA                       ,ARETES ORO                    ,ARRACADA 10K                  
80532,JOYERIA                       ,ARETES ORO                    ,BROQUEL 14K                   
80533,JOYERIA                       ,ARETES ORO                    ,BROQUEL 14K REGALOS ELLA      
80534,JOYERIA                       ,ARETES ORO                    ,ARETES 14K                    
80535,JOYERIA                       ,ARETES ORO                    ,ARETES 14K                    
80536,JOYERIA                       ,ARETES ORO                    ,ARETES 14K REGALOS ELLA       
80537,JOYERIA                       ,ARETES ORO                    ,ARRACADA 14K                  
80538,JOYERIA                       ,ARETES ORO                    ,ARRACADA 14K                  
80539,JOYERIA                       ,ARETES ORO                    ,ARRACADA 14K REGALOS ELLA     
80620,JOYERIA                       ,PENDANTIF ORO                 ,PENDANTIF 10K INFANTIL        
80621,JOYERIA                       ,PENDANTIF ORO                 ,PENDANTIF 10K                 
80622,JOYERIA                       ,PENDANTIF ORO                 ,PENDANTIF 10K                 
80624,JOYERIA                       ,PENDANTIF ORO                 ,PENDANTIF 10K                 
80625,JOYERIA                       ,PENDANTIF ORO                 ,PENDANTIF 14K INFANTIL        
80626,JOYERIA                       ,PENDANTIF ORO                 ,PENDANTIF 14K                 
80627,JOYERIA                       ,PENDANTIF ORO                 ,PENDANTIF 14K                 
80628,JOYERIA                       ,PENDANTIF ORO                 ,PENDANTIF 14K REGALOS         
80629,JOYERIA                       ,PENDANTIF ORO                 ,PENDANTIF 14K                 
80710,JOYERIA                       ,CADENAS ORO                   ,CADENA 10K INFANTIL           
80711,JOYERIA                       ,CADENAS ORO                   ,CADENA 10K 1ERA COMUNION      
80712,JOYERIA                       ,CADENAS ORO                   ,CADENA 10K XV AÑOS            
80714,JOYERIA                       ,CADENAS ORO                   ,CADENA 10K                    
80715,JOYERIA                       ,CADENAS ORO                   ,CADENA 14K INFANTIL           
80716,JOYERIA                       ,CADENAS ORO                   ,CADENA 14K                    
80717,JOYERIA                       ,CADENAS ORO                   ,CADENA 14K                    
80718,JOYERIA                       ,CADENAS ORO                   ,CADENA 14K REGALOS            
80719,JOYERIA                       ,CADENAS ORO                   ,CADENA 14K                    
80720,JOYERIA                       ,CADENAS ORO                   ,COLLAR 10K INFANTIL           
80721,JOYERIA                       ,CADENAS ORO                   ,COLLAR 10K                    
80722,JOYERIA                       ,CADENAS ORO                   ,COLLAR 10K                    
80724,JOYERIA                       ,CADENAS ORO                   ,COLLAR 14K BAUTIZO            
80725,JOYERIA                       ,CADENAS ORO                   ,COLLAR 14K                    
80726,JOYERIA                       ,CADENAS ORO                   ,COLLAR 14K XV AÑOS            
80727,JOYERIA                       ,CADENAS ORO                   ,COLLAR 14K REGALOS ELLA       
80820,JOYERIA                       ,PULSERAS ORO                  ,PULSERA 10K INFANTIL          
80821,JOYERIA                       ,PULSERAS ORO                  ,PULSERA 10K                   
80822,JOYERIA                       ,PULSERAS ORO                  ,PULSERA 10K                   
80824,JOYERIA                       ,PULSERAS ORO                  ,PULSERA 10K                   
80825,JOYERIA                       ,PULSERAS ORO                  ,PULSERA 14 KINFANTIL          
80826,JOYERIA                       ,PULSERAS ORO                  ,PULSERA 14K                   
80827,JOYERIA                       ,PULSERAS ORO                  ,PULSERA 14K                   
80828,JOYERIA                       ,PULSERAS ORO                  ,PULSERA 14K REGALOS ELLA      
80829,JOYERIA                       ,PULSERAS ORO                  ,PULSERA 14K                   
80920,JOYERIA                       ,SETS ORO                      ,SET BROQUEL 10K               
80921,JOYERIA                       ,SETS ORO                      ,SET BROQUEL 10K               
80922,JOYERIA                       ,SETS ORO                      ,SET BROQUEL 10K REGALOS ELLA  
80923,JOYERIA                       ,SETS ORO                      ,SET 14K                       
80924,JOYERIA                       ,SETS ORO                      ,SET 14K                       
80925,JOYERIA                       ,SETS ORO                      ,SET 14K REGALOS ELLA          
80926,JOYERIA                       ,SETS ORO                      ,SET ARETES 10K REGALOS ELLA   
84421,JOYERIA                       ,PENDANTIF PLATA               ,PENDANTIF PL REGALOS EL       
26810,ELECTRONICA                   ,COPPEL.COM                    ,REGALOS                       
32814,MUEBLE SUELTO                 ,JUEGO DE JARDIN               ,TOLDO / SOMBRILLA             
32816,MUEBLE SUELTO                 ,JUEGO DE JARDIN               ,BANCA / COLUMPIO              
33021,MUEBLE SUELTO                 ,JARDIN                        ,FOGONES BAJA                  
46006,"SALAS, RECAMARAS, COMEDORES   ",RECAMARAS                     ,CABECERA DESPIEZADA           
47101,"SALAS, RECAMARAS, COMEDORES   ",MARKETPLACE                   ,HOGAR Y JARDIN                
62065,LINEA BLANCA                  ,AIRES ACONDICIONADOS          ,AIRES ACONDICIONADOS .COM     
62070,LINEA BLANCA                  ,AIRES ACONDICIONADOS          ,MINISPLIT .COM                
62075,LINEA BLANCA                  ,AIRES ACONDICIONADOS          ,AIRE ACONDICIONADO VENTANA.COM
62080,LINEA BLANCA                  ,AIRES ACONDICIONADOS          ,AIRES PORTATILES .COM         
62540,LINEA BLANCA                  ,COOLER                        ,COOLERS PORTATILES .COM       
62545,LINEA BLANCA                  ,COOLER                        ,COOLERS VENTANA .COM          
62550,LINEA BLANCA                  ,COOLER                        ,COOLERS DUCTO .COM            
63055,LINEA BLANCA                  ,VENTILADORES                  ,VENTILADORES PISO .COM        
63060,LINEA BLANCA                  ,VENTILADORES                  ,VENTILADORES PEDESTAL .COM    
63065,LINEA BLANCA                  ,VENTILADORES                  ,VENTILADORES MESA .COM        
63070,LINEA BLANCA                  ,VENTILADORES                  ,VENTILADORES TECHO .COM       
64541,LINEA BLANCA                  ,ESTUFAS                       ,ESTUFAS DE EMPOTRE.COM        
65540,LINEA BLANCA                  ,CAMPANAS                      ,CAMPANAS DE PARED .COM        
65541,LINEA BLANCA                  ,CAMPANAS                      ,CAMPANAS DECORATIVAS .COM     
65545,LINEA BLANCA                  ,CAMPANAS                      ,PARRILLAS DE GAS .COM BAJA    
65546,LINEA BLANCA                  ,CAMPANAS                      ,PARRILLAS ELECTRICAS.COM BAJA 
66555,LINEA BLANCA                  ,REFRIGERADORES                ,TOP MOUNT.COM                 
67055,LINEA BLANCA                  ,LAVADORAS                     ,LAVASECADORAS COPPEL.COM      
67060,LINEA BLANCA                  ,LAVADORAS                     ,SECADORAS.COM                 
67070,LINEA BLANCA                  ,LAVADORAS                     ,CENTRIFUGAS.COM               
98503,OPTICA                        ,LENTE SOLAR E-COMMERCE        ,LENTE SOLAR UNISEX            
22315,ELECTRONICA                   ,COMPUTADORAS                  ,LAPTOP                        
22320,ELECTRONICA                   ,COMPUTADORAS                  ,HIBRIDAS                      
22325,ELECTRONICA                   ,COMPUTADORAS                  ,LAPTOP GAMER                  
22499,ELECTRONICA                   ,TELEFONOS CELULARES           ,PLANES TELCEL R4              
25402,ELECTRONICA                   ,CARGADORES                    ,ADAPTADORES DE PARED          
25403,ELECTRONICA                   ,CARGADORES                    ,ADAPTADOR DE AUTO             
25404,ELECTRONICA                   ,CARGADORES                    ,COMBO MICRO                   
25405,ELECTRONICA                   ,CARGADORES                    ,COMBO TIPO C                  
25406,ELECTRONICA                   ,CARGADORES                    ,COMBO LIGHTNING               
25407,ELECTRONICA                   ,CARGADORES                    ,INALAMBRICOS                  
25409,ELECTRONICA                   ,CARGADORES                    ,CABLES TIPO C                 
25410,ELECTRONICA                   ,CARGADORES                    ,CABLES LIGHTNING              
25411,ELECTRONICA                   ,CARGADORES                    ,CABLES ESPECIALES             
25415,ELECTRONICA                   ,CARGADORES                    ,POWERBANKS 6-10 MAH           
25416,ELECTRONICA                   ,CARGADORES                    ,POWERBANKS 11-20 MAH          
27217,ELECTRONICA                   ,ACCESORIOS UNIVERSALES        ,ANILLOS                       
27222,ELECTRONICA                   ,ACCESORIOS UNIVERSALES        ,PLUMAS                        
27301,ELECTRONICA                   ,ACCESORIOS CELULARES APPLE    ,CABLES Y CARGADORES           
27303,ELECTRONICA                   ,ACCESORIOS CELULARES APPLE    ,AIRPODS                       
27304,ELECTRONICA                   ,ACCESORIOS CELULARES APPLE    ,AIRTAG                        
27305,ELECTRONICA                   ,ACCESORIOS CELULARES APPLE    ,PROTECTORES                   
27306,ELECTRONICA                   ,ACCESORIOS CELULARES APPLE    ,CORREAS                       
28202,ELECTRONICA                   ,COLECCIONES                   ,PROTECTOR DE CELULAR          
28699,ELECTRONICA                   ,PROMOCIONES TYE               ,ARTICULOS DE REGALO           
29536,ELECTRONICA                   ,PROTECCION                    ,CABLES Y CARGADORES APPLE     
29537,ELECTRONICA                   ,PROTECCION                    ,APPLE WATCH                   
29538,ELECTRONICA                   ,PROTECCION                    ,AUDIFONOS APPLE               
29542,ELECTRONICA                   ,PROTECCION                    ,CARGA INALAMBRICA COPPEL.COM  
29543,ELECTRONICA                   ,PROTECCION                    ,CABLES COPPEL.COM             
29549,ELECTRONICA                   ,PROTECCION                    ,PROTECTORES APPLE COPPEL.COM  
29550,ELECTRONICA                   ,PROTECCION                    ,CORREAS APPLE WATCH COPPEL.COM
29551,ELECTRONICA                   ,PROTECCION                    ,CABL Y CARGAD APPLE COPPEL.COM
29552,ELECTRONICA                   ,PROTECCION                    ,MANOS LIBRES COPPEL.COM       
29554,ELECTRONICA                   ,PROTECCION                    ,POWER BANKS COPPEL.COM        
29555,ELECTRONICA                   ,PROTECCION                    ,PROT PANTALLA COPPEL.COM      
29556,ELECTRONICA                   ,PROTECCION                    ,SELFIE STICK COPPEL.COM       
29557,ELECTRONICA                   ,PROTECCION                    ,CARGADORES COPPEL.COM         
29558,ELECTRONICA                   ,PROTECCION                    ,ACCESORIOS WATCH COPPEL.COM   
29559,ELECTRONICA                   ,PROTECCION                    ,ARO DE LUZ                    
29560,ELECTRONICA                   ,PROTECCION                    ,BOCINAS COPPEL.COM            
29564,ELECTRONICA                   ,PROTECCION                    ,IMPRESORAS PORTATILES         
29566,ELECTRONICA                   ,PROTECCION                    ,TECLADOS                      
29567,ELECTRONICA                   ,PROTECCION                    ,MICROFONOS                    
29568,ELECTRONICA                   ,PROTECCION                    ,AMPLIFICADOR DE PANTALLA      
29569,ELECTRONICA                   ,PROTECCION                    ,ACCESORIOS GAMER              
29570,ELECTRONICA                   ,PROTECCION                    ,PROTECTORES IPHONE            
29571,ELECTRONICA                   ,PROTECCION                    ,FUNDA CONTRA AGUA             
29572,ELECTRONICA                   ,PROTECCION                    ,COME CABLES                   
29573,ELECTRONICA                   ,PROTECCION                    ,CARGADOR PARA AUTO            
29574,ELECTRONICA                   ,PROTECCION                    ,ESTACION DE CARGA             
29575,ELECTRONICA                   ,PROTECCION                    ,TRIPIE                        
29576,ELECTRONICA                   ,PROTECCION                    ,SOPORTES PARA AUTO            
29999,ELECTRONICA                   ,PROMOCIONES                   ,ARTICULOS DEL SORTEO          
31419,MUEBLE SUELTO                 ,MUEBLES INFANTILES            ,JGO. MESA INFANTIL DESPIEZADO 
51135,BICICLETAS/BEBES/AUTOMOTRIZ   ,ACCESORIOS BICICLETAS         ,HIDRATACION ANFORAS Y MOCHILAS
51150,BICICLETAS/BEBES/AUTOMOTRIZ   ,ACCESORIOS BICICLETAS         ,LLANTAS Y KIT DE HERRAMIENTAS 
58501,BICICLETAS/BEBES/AUTOMOTRIZ   ,LLANTAS MOTOCICLETA           ,LLANTA FRONTAL                
58610,BICICLETAS/BEBES/AUTOMOTRIZ   ,GUANTES                       ,GUANTES TELA LARGOS           
68510,LINEA BLANCA                  ,VARIOS CLIMA                  ,VARIOS                        
79999,RELOJERIA                     ,OFERTAS                       ,OFERTAS                       
82691,JOYERIA                       ,CADENAS ACERO INOXIDABLE      ,CADENA AI CAB EXCLUSIVO.COM   
82791,JOYERIA                       ,PULSERAS ACERO INOXIDABLE     ,PULSERA AI CAB EXCLUSIVOS.COM 
83191,JOYERIA                       ,BISUTERA FINA                 ,ARETES BF EXCLUSIVOS.COM      
83192,JOYERIA                       ,BISUTERA FINA                 ,CADENAS BF EXCLUSIVOS.COM     
83193,JOYERIA                       ,BISUTERA FINA                 ,PULSERAS BF EXCLUSIVOS.COM    
84021,JOYERIA                       ,ANILLO DAMA PLATA             ,ANILLO DAMA PL BODA           
84091,JOYERIA                       ,ANILLO DAMA PLATA             ,ANILLOS PL BODA EXCLUSIVOS .CO
84523,JOYERIA                       ,CADENAS PLATA                 ,CADENAS PLCABALLERO           
84591,JOYERIA                       ,CADENAS PLATA                 ,CADENAS PL CAB EXCLUSIVOS     
84691,JOYERIA                       ,PULSERAS PLATA                ,PULSERA PL CAB EXCLUSIVOS.COM 
86101,JOYERIA                       ,ANILLOS DAMA JOYERIA FINA     ,ANILLO DAMA SOLITARIO JF      
86102,JOYERIA                       ,ANILLOS DAMA JOYERIA FINA     ,ANILLO DAMA COCTEL JF         
86103,JOYERIA                       ,ANILLOS DAMA JOYERIA FINA     ,ANILLO DAMA LISO JF           
86104,JOYERIA                       ,ANILLOS DAMA JOYERIA FINA     ,ANILLO NIÑA JF                
86403,JOYERIA                       ,PENDANTIF JOYERIA FINA        ,CRUZ JF                       
86501,JOYERIA                       ,CADENAS JOYERIA FINA          ,CADENA ADRIANNE PICARD        
86603,JOYERIA                       ,PULSERAS JOYERIA FINA         ,ESCLAVA NIÑO JF               
86604,JOYERIA                       ,PULSERAS JOYERIA FINA         ,SEMANARIO JF                  
86701,JOYERIA                       ,SETS JOYERIA FINA             ,SET ANILLO CON ARETES JF      
86702,JOYERIA                       ,SETS JOYERIA FINA             ,SET COLLAR CON ARETES JF      
86703,JOYERIA                       ,SETS JOYERIA FINA             ,SET BROQUEL CON DIJE JF       
87001,JOYERIA                       ,ACCESORIOS DE JOYERIA         ,FRANELAS                      
87002,JOYERIA                       ,ACCESORIOS DE JOYERIA         ,NAVAJAS FINAS                 
87003,JOYERIA                       ,ACCESORIOS DE JOYERIA         ,LLAVEROS FINOS                
87004,JOYERIA                       ,ACCESORIOS DE JOYERIA         ,ACCESORIOS DE BODA            
87090,JOYERIA                       ,ACCESORIOS DE JOYERIA         ,NAVAJAS FINAS EXCLUSIVAS.COM  
87092,JOYERIA                       ,ACCESORIOS DE JOYERIA         ,ACCESORIOS DE BODA EXCLUSIVOS 
89999,JOYERIA                       ,OFERTAS                       ,ESTUCHES DE REGALO            
98504,OPTICA                        ,LENTE SOLAR E-COMMERCE        ,LENTE OFTALMICO               
99999,OPTICA                        ,MERCANCIA EN CONSIGNACION     ,REGALOS                       
33018,MUEBLE SUELTO                 ,JARDIN                        ,COLUMPIO BAJA                 
43004,"SALAS, RECAMARAS, COMEDORES   ",SILLONES RECLINABLES          ,SILLON RECLINABLE CON TABURETE
44011,"SALAS, RECAMARAS, COMEDORES   ",MESAS SALAS                   ,MESA LATERAL CLASICA          
50331,BICICLETAS/BEBES/AUTOMOTRIZ   ,JUGUETES                      ,HELICOPTEROS R/C              
50625,BICICLETAS/BEBES/AUTOMOTRIZ   ,LLANTAS                       ,LLANTAS .COM ESPECIAL         
51101,BICICLETAS/BEBES/AUTOMOTRIZ   ,ACCESORIOS BICICLETAS         ,LUCES                         
51110,BICICLETAS/BEBES/AUTOMOTRIZ   ,ACCESORIOS BICICLETAS         ,CASCO NIÑA                    
51115,BICICLETAS/BEBES/AUTOMOTRIZ   ,ACCESORIOS BICICLETAS         ,BOMBA DE AIRE                 
51506,BICICLETAS/BEBES/AUTOMOTRIZ   ,BICICLETA ADULTO              ,RIN 24 MTB DAMA               
51511,BICICLETAS/BEBES/AUTOMOTRIZ   ,BICICLETA ADULTO              ,RIN 26 MTB DOBLE SUSP CABALLER
77401,RELOJERIA                     ,VITAMINAS                     ,VITAMINAS A-Z                 
22909,ELECTRONICA                   ,CHIPS CELULARES               ,NANOSIM LTE MOVISTAR          
23206,ELECTRONICA                   ,TABLETS                       ,3G TELCEL                     
23207,ELECTRONICA                   ,TABLETS                       ,3G MOVISTAR                   
23208,ELECTRONICA                   ,TABLETS                       ,3G UNEFON                     
25035,ELECTRONICA                   ,BARRAS DE SONIDO              ,BARRAS CON SUBWOOFER          
26506,ELECTRONICA                   ,SMART HOME                    ,CONECTIVIDAD                  
28208,ELECTRONICA                   ,COLECCIONES                   ,SELFIE-AUTORETRATO            
28209,ELECTRONICA                   ,COLECCIONES                   ,PROTECTOR DE PANTALLA DE VIDRI
28210,ELECTRONICA                   ,COLECCIONES                   ,CARGA INALAMBRICA             
28211,ELECTRONICA                   ,COLECCIONES                   ,AROS DE LUZ                   
28601,ELECTRONICA                   ,PROMOCIONES TYE               ,COMPRAS ESPECIALES SIN DESCUEN
30403,MUEBLE SUELTO                 ,CAMAS                         ,CAMAS MARKETPLACE             
36703,MUEBLE SUELTO                 ,CLOSET Y ACCESORIOS           ,CLOSET TUBULAR                
36902,MUEBLE SUELTO                 ,REPISAS Y PERCHEROS           ,PERCHEROS                     
37004,MUEBLE SUELTO                 ,ESTANTES Y GABINETES          ,GANCHOS ADHESIVOS             
56202,BICICLETAS/BEBES/AUTOMOTRIZ   ,MATERIAL ELECTRICO            ,APAGADORES Y CONECTORES SMART 
56203,BICICLETAS/BEBES/AUTOMOTRIZ   ,MATERIAL ELECTRICO            ,CABLES ELECTRICOS             
56704,BICICLETAS/BEBES/AUTOMOTRIZ   ,PUERTAS                       ,PUERTAS EXTERIORES            
58564,BICICLETAS/BEBES/AUTOMOTRIZ   ,LLANTAS MOTOCICLETA           ,LLANTAS MARKETPLACE           
63555,LINEA BLANCA                  ,CALENTADORES DE AGUA          ,ACCESORIOS CALENTADORES       
64542,LINEA BLANCA                  ,ESTUFAS                       ,REPUESTOS Y ACCS MARKETPLACE  
65547,LINEA BLANCA                  ,CAMPANAS                      ,REPUESTOS Y ACCS MARKETPLACE  
65625,LINEA BLANCA                  ,PARRILLAS                     ,REPUESTOS Y ACCS MARKETPLACE  
80927,JOYERIA                       ,SETS ORO                      ,SET ARETES 14K REGALOS ELLA   
82094,JOYERIA                       ,ACERO INOXIDABLE              ,SET AI EXCLUSIVOS.COM         
82120,JOYERIA                       ,ANILLOS CABALLERO ACERO INOXID,ANILLO AI CABALLERO REGALOS EL
82420,JOYERIA                       ,ARETES ACERO INOXIDABLE       ,BROQUEL AI REGALOS ELLA       
82421,JOYERIA                       ,ARETES ACERO INOXIDABLE       ,ARETES AI REGALOS ELLA        
82423,JOYERIA                       ,ARETES ACERO INOXIDABLE       ,BROQUEL AI JLO                
82426,JOYERIA                       ,ARETES ACERO INOXIDABLE       ,BROQUEL AI THINNER            
82427,JOYERIA                       ,ARETES ACERO INOXIDABLE       ,ARETES AI THINNER             
82521,JOYERIA                       ,PENDANTIF ACERO INOXIDABLE    ,PENDANTIF AI REGALOS EL       
82622,JOYERIA                       ,CADENAS ACERO INOXIDABLE      ,CADENA AI JLO                 
82724,JOYERIA                       ,PULSERAS ACERO INOXIDABLE     ,PULSERA AI CABALLERO THINNER  
82820,JOYERIA                       ,JUEGOS ACERO INOXIDABLE       ,SET AI REGALOS ELLA           
82821,JOYERIA                       ,JUEGOS ACERO INOXIDABLE       ,SET AI REGALOS EL             
82822,JOYERIA                       ,JUEGOS ACERO INOXIDABLE       ,SET AI JLO                    
82823,JOYERIA                       ,JUEGOS ACERO INOXIDABLE       ,SET AI THINNER                
84120,JOYERIA                       ,ANILLO CABALLERO COCTEL PLATA ,ANILLO PL CABALLERO REGALOS EL
84521,JOYERIA                       ,CADENAS PLATA                 ,CADENA PL REGALOS EL          
84621,JOYERIA                       ,PULSERAS PLATA                ,PULSERA PL REGALOS EL         
84720,JOYERIA                       ,JUEGOS PLATA                  ,SET PL AN/AR REGALOS ELLA     
86120,JOYERIA                       ,ANILLOS DAMA JOYERIA FINA     ,ANILLO DAMA STEVE MADDEN      
86121,JOYERIA                       ,ANILLOS DAMA JOYERIA FINA     ,ANILLO DAMA MOSSIMO           
86122,JOYERIA                       ,ANILLOS DAMA JOYERIA FINA     ,ANILLO DAMA CARRE             
86123,JOYERIA                       ,ANILLOS DAMA JOYERIA FINA     ,ANILLO DAMA EMANUEL UNGARO    
86320,JOYERIA                       ,ARETES JOYERIA FINA           ,ARETES STEVE MADDEN           
86321,JOYERIA                       ,ARETES JOYERIA FINA           ,ARETES MOSSIMO                
86322,JOYERIA                       ,ARETES JOYERIA FINA           ,ARETES CARRE                  
86323,JOYERIA                       ,ARETES JOYERIA FINA           ,ARETES EMANUEL UNGARO         
86401,JOYERIA                       ,PENDANTIF JOYERIA FINA        ,MEDALLA JF                    
86402,JOYERIA                       ,PENDANTIF JOYERIA FINA        ,DIJE  JF                      
86504,JOYERIA                       ,CADENAS JOYERIA FINA          ,ROSARIO JF                    
86520,JOYERIA                       ,CADENAS JOYERIA FINA          ,COLLAR STEVE MADDEN           
86521,JOYERIA                       ,CADENAS JOYERIA FINA          ,COLLAR MOSSIMO                
86522,JOYERIA                       ,CADENAS JOYERIA FINA          ,COLLAR CARRE                  
86523,JOYERIA                       ,CADENAS JOYERIA FINA          ,COLLAR EMANUEL UNGARO         
86524,JOYERIA                       ,CADENAS JOYERIA FINA          ,COLLAR VATICAN                
86605,JOYERIA                       ,PULSERAS JOYERIA FINA         ,ARO JF                        
86620,JOYERIA                       ,PULSERAS JOYERIA FINA         ,PULSERA STEVE MADDEN          
86622,JOYERIA                       ,PULSERAS JOYERIA FINA         ,PULSERA CARRE                 
86720,JOYERIA                       ,SETS JOYERIA FINA             ,SET CO/AR STEVE MADDEN        
86721,JOYERIA                       ,SETS JOYERIA FINA             ,SET CO/AR MOSSIMO             
86722,JOYERIA                       ,SETS JOYERIA FINA             ,SET CO/AR CARRE               
86723,JOYERIA                       ,SETS JOYERIA FINA             ,SET CO/AR EMANUEL UNGARO      
86724,JOYERIA                       ,SETS JOYERIA FINA             ,SET CO/AR VATICAN             
98003,OPTICA                        ,LENTES DE CONTACTO            ,LENTES DE CONTACTO FANTASIA   
82004,JOYERIA                       ,ACERO INOXIDABLE              ,PENDANTIF AI                  
82091,JOYERIA                       ,ACERO INOXIDABLE              ,ARETES AI EXCLUSIVOS.COM      
82092,JOYERIA                       ,ACERO INOXIDABLE              ,CADENAS AI EXCLUSIVOS.COM     
82093,JOYERIA                       ,ACERO INOXIDABLE              ,PULSERAS AI EXCLUSIVOS.COM    
82121,JOYERIA                       ,ANILLOS CABALLERO ACERO INOXID,ANILLO AI CABALLERO THINNER   
82422,JOYERIA                       ,ARETES ACERO INOXIDABLE       ,ARRACADA AI REGALOS ELLA      
82424,JOYERIA                       ,ARETES ACERO INOXIDABLE       ,ARETES AI JLO                 
82425,JOYERIA                       ,ARETES ACERO INOXIDABLE       ,ARRACADA AI JLO               
82428,JOYERIA                       ,ARETES ACERO INOXIDABLE       ,ARRACADA AI THINNER           
82520,JOYERIA                       ,PENDANTIF ACERO INOXIDABLE    ,PENDANTIF AI REGALOS ELLA     
82620,JOYERIA                       ,CADENAS ACERO INOXIDABLE      ,CADENA AI REGALOS ELLA        
82621,JOYERIA                       ,CADENAS ACERO INOXIDABLE      ,CADENA AI REGALOS EL          
82623,JOYERIA                       ,CADENAS ACERO INOXIDABLE      ,CADENA AI DAMA THINNER        
82624,JOYERIA                       ,CADENAS ACERO INOXIDABLE      ,CADENA AI CABALLERO THINNER   
82720,JOYERIA                       ,PULSERAS ACERO INOXIDABLE     ,PULSERA AI REGALOS ELLA       
82721,JOYERIA                       ,PULSERAS ACERO INOXIDABLE     ,PULSERA AI REGALOS EL         
82722,JOYERIA                       ,PULSERAS ACERO INOXIDABLE     ,PULSERA AI JLO                
82723,JOYERIA                       ,PULSERAS ACERO INOXIDABLE     ,PULSERA AI DAMA THINNER       
84620,JOYERIA                       ,PULSERAS PLATA                ,PULSERA PL REGALOS ELLA       
86502,JOYERIA                       ,CADENAS JOYERIA FINA          ,COLLAR ADRIANNE PICARD        
86621,JOYERIA                       ,PULSERAS JOYERIA FINA         ,PULSERA MOSSIMO               
86623,JOYERIA                       ,PULSERAS JOYERIA FINA         ,PULSERA EMANUEL UNGARO        
86624,JOYERIA                       ,PULSERAS JOYERIA FINA         ,PULSERA VATICAN               
20107,ELECTRONICA                   ,AMPLIFICADORES CAR AUDIO      ,KIT DE INSTALACION            
20108,ELECTRONICA                   ,AMPLIFICADORES CAR AUDIO      ,AMPLIFICADORES COPPEL.COM     
20215,ELECTRONICA                   ,AUTO STEREOS                  ,SIN MECANISMO                 
20225,ELECTRONICA                   ,AUTO STEREOS                  ,MULTIMEDIA                    
20230,ELECTRONICA                   ,AUTO STEREOS                  ,PAQUETE SIN MECANISMO         
20235,ELECTRONICA                   ,AUTO STEREOS                  ,PAQUETE CON CD                
20240,ELECTRONICA                   ,AUTO STEREOS                  ,PAQUETE MULTIMEDIA            
20241,ELECTRONICA                   ,AUTO STEREOS                  ,EXCLUSIVOS COPPEL.COM         
20310,ELECTRONICA                   ,BOCINA CAR AUDIO              ,BOCINA EMPOTRAR 6.5           
20315,ELECTRONICA                   ,BOCINA CAR AUDIO              ,SET DE MEDIOS                 
20320,ELECTRONICA                   ,BOCINA CAR AUDIO              ,BOCINA EMPOTRAR 6X9           
20330,ELECTRONICA                   ,BOCINA CAR AUDIO              ,BOCINA BAJO                   
20340,ELECTRONICA                   ,BOCINA CAR AUDIO              ,EXCLUSIVO COPPEL.COM          
20411,ELECTRONICA                   ,AUDIO                         ,BAFLES 10-12                  
20416,ELECTRONICA                   ,AUDIO                         ,TORNAMESAS                    
20417,ELECTRONICA                   ,AUDIO                         ,ALTAVOCES COMBO               
20418,ELECTRONICA                   ,AUDIO                         ,ALTAVOCES OTROS               
20420,ELECTRONICA                   ,AUDIO                         ,EXCLUSIVOS COPPEL.COM         
20490,ELECTRONICA                   ,AUDIO                         ,EXCLUSIVOS DE COPPEL.COM      
20510,ELECTRONICA                   ,RADIOGRABADORAS               ,EXCLUSIVOS.COM                
20710,ELECTRONICA                   ,RADIOS                        ,EXCLUSIVOS.COM                
20810,ELECTRONICA                   ,REGULADORES Y SUPRESORES      ,SUPRESORES DE PICOS           
21050,ELECTRONICA                   ,TELEVISOR COLOR               ,TELEVISOR LCD  40 - 47        
21053,ELECTRONICA                   ,TELEVISOR COLOR               ,TELEVISOR LED 14 - 16         
21055,ELECTRONICA                   ,TELEVISOR COLOR               ,TELEVISOR LED  19 - 24        
21075,ELECTRONICA                   ,TELEVISOR COLOR               ,TELEVISOR LED DE 50 - 60      
21080,ELECTRONICA                   ,TELEVISOR COLOR               ,TELEVISOR LED 70 -80          
21085,ELECTRONICA                   ,TELEVISOR COLOR               ,TELEVISOR LED 4K              
21091,ELECTRONICA                   ,TELEVISOR COLOR               ,TELEVISOR LED 70-75 4K        
21208,ELECTRONICA                   ,INSTRUMENTOS MUSICALES        ,GUITARRAS ELECTRICAS          
21210,ELECTRONICA                   ,INSTRUMENTOS MUSICALES        ,CONSOLAS DJ                   
21230,ELECTRONICA                   ,INSTRUMENTOS MUSICALES        ,EXCLUSIVOS COPPEL .COM        
21504,ELECTRONICA                   ,CAMARA FOTOGRAFICA            ,CAMARAS FUNCIONES ESPECIALES  
21505,ELECTRONICA                   ,CAMARA FOTOGRAFICA            ,CAMARAS PROFESIONALES         
21610,ELECTRONICA                   ,DVD                           ,DVD EXCLUSIVOS COPPEL.COM     
21630,ELECTRONICA                   ,DVD                           ,REPRODUCTOR DVD PORTATIL      
21910,ELECTRONICA                   ,ACCESORIOS TV                 ,ANTENA SATELITAL              
21920,ELECTRONICA                   ,ACCESORIOS TV                 ,CABLES HDMI                   
21930,ELECTRONICA                   ,ACCESORIOS TV                 ,CABLES RCA                    
21940,ELECTRONICA                   ,ACCESORIOS TV                 ,CABLES VARIOS                 
21950,ELECTRONICA                   ,ACCESORIOS TV                 ,ACCESORIOS  VARIOS            
21960,ELECTRONICA                   ,ACCESORIOS TV                 ,ADAPTADORES DE TELEVISION     
21970,ELECTRONICA                   ,ACCESORIOS TV                 ,CAJAS CONVERTIDORAS           
21980,ELECTRONICA                   ,ACCESORIOS TV                 ,ASISTENTES DE VOZ             
21990,ELECTRONICA                   ,ACCESORIOS TV                 ,EXCLUSIVOS COPPEL.COM         
22008,ELECTRONICA                   ,CONSOLAS DE VIDEOJUEGOS       ,"WII, SWITCH, NES              "
22009,ELECTRONICA                   ,CONSOLAS DE VIDEOJUEGOS       ,NINTENDO PORTATILES           
22011,ELECTRONICA                   ,CONSOLAS DE VIDEOJUEGOS       ,PS5                           
22020,ELECTRONICA                   ,CONSOLAS DE VIDEOJUEGOS       ,CONSOLAS VARIAS               
22025,ELECTRONICA                   ,CONSOLAS DE VIDEOJUEGOS       ,CONSOLAS COPPEL.COM           
22150,ELECTRONICA                   ,BATERIAS                      ,EXCLUSIVOS.COM                
22211,ELECTRONICA                   ,TELEFONOS                     ,BASICO OFICINA                
22213,ELECTRONICA                   ,TELEFONOS                     ,BASICO GONDOLA                
22215,ELECTRONICA                   ,TELEFONOS                     ,INALAMBRICO                   
22217,ELECTRONICA                   ,TELEFONOS                     ,INALAMBRICO CON EXTENSIONES   
22219,ELECTRONICA                   ,TELEFONOS                     ,CON CONTESTADOR               
22221,ELECTRONICA                   ,TELEFONOS                     ,CONTESTADORA CON EXTENSION    
22350,ELECTRONICA                   ,COMPUTADORAS                  ,MAC                           
22910,ELECTRONICA                   ,CHIPS CELULARES               ,SIM REDI TELEFONIA LIGUE      
22912,ELECTRONICA                   ,CHIPS CELULARES               ,SIM REDI MIFI LIGUE           
23201,ELECTRONICA                   ,TABLETS                       ,IPAD MINI 7.9                 
23203,ELECTRONICA                   ,TABLETS                       ,IPAD CELULAR                  
23205,ELECTRONICA                   ,TABLETS                       ,3G ABIERTAS                   
23250,ELECTRONICA                   ,TABLETS                       ,TABLET 7 3G                   
23901,ELECTRONICA                   ,ACCESORIOS PARA TABLET        ,FUNDAS PARA IPAD              
23905,ELECTRONICA                   ,ACCESORIOS PARA TABLET        ,ACCESORIOS PARA IPAD          
23910,ELECTRONICA                   ,ACCESORIOS PARA TABLET        ,FUNDAS PARA TABLETS           
23915,ELECTRONICA                   ,ACCESORIOS PARA TABLET        ,MICAS                         
23920,ELECTRONICA                   ,ACCESORIOS PARA TABLET        ,STYLUS                        
23925,ELECTRONICA                   ,ACCESORIOS PARA TABLET        ,CARGADORES                    
23930,ELECTRONICA                   ,ACCESORIOS PARA TABLET        ,TECLADOS                      
23950,ELECTRONICA                   ,ACCESORIOS PARA TABLET        ,ACCESORIOS PARA TABLETS VARIOS
24101,ELECTRONICA                   ,ACCESORIOS DE VIDEOJUEGOS     ,CONTROLES PLAYSTATION         
24110,ELECTRONICA                   ,ACCESORIOS DE VIDEOJUEGOS     ,CONTROLES NINTENDO            
24125,ELECTRONICA                   ,ACCESORIOS DE VIDEOJUEGOS     ,ACCESORIOS DE NINTENDO        
24155,ELECTRONICA                   ,ACCESORIOS DE VIDEOJUEGOS     ,ACCESORIOS DE VJ COPPEL.COM   
24210,ELECTRONICA                   ,VIDEO JUEGOS                  ,PS4                           
24213,ELECTRONICA                   ,VIDEO JUEGOS                  ,PS5                           
24214,ELECTRONICA                   ,VIDEO JUEGOS                  ,XBOX SERIE X                  
24215,ELECTRONICA                   ,VIDEO JUEGOS                  ,VIDEOJUEGOS COPPEL.COM        
24301,ELECTRONICA                   ,ACCESORIOS DE COMPUTACION     ,MOUSE ALAMBRICO               
24305,ELECTRONICA                   ,ACCESORIOS DE COMPUTACION     ,MOUSE INALAMBRICO             
24310,ELECTRONICA                   ,ACCESORIOS DE COMPUTACION     ,TECLADOS ALAMBRICOS           
24320,ELECTRONICA                   ,ACCESORIOS DE COMPUTACION     ,COMBOS                        
24325,ELECTRONICA                   ,ACCESORIOS DE COMPUTACION     ,BOCINAS SIN SUBWOOFER         
24330,ELECTRONICA                   ,ACCESORIOS DE COMPUTACION     ,BOCINAS CON SUBWOOFER         
24335,ELECTRONICA                   ,ACCESORIOS DE COMPUTACION     ,WEB CAM                       
24340,ELECTRONICA                   ,ACCESORIOS DE COMPUTACION     ,DISCOS DUROS                  
24345,ELECTRONICA                   ,ACCESORIOS DE COMPUTACION     ,MONITORES                     
24350,ELECTRONICA                   ,ACCESORIOS DE COMPUTACION     ,PROYECTORES                   
24385,ELECTRONICA                   ,ACCESORIOS DE COMPUTACION     ,DIADEMAS                      
24401,ELECTRONICA                   ,AUDIFONOS                     ,IN EAR                        
24450,ELECTRONICA                   ,AUDIFONOS                     ,DIADEMA                       
24510,ELECTRONICA                   ,IMPRESION                     ,CARTUCHOS DE TINTA            
24725,ELECTRONICA                   ,TARJETAS DE CONTENIDO         ,XBOX                          
24730,ELECTRONICA                   ,TARJETAS DE CONTENIDO         ,OFFICE                        
25001,ELECTRONICA                   ,BARRAS DE SONIDO              ,HT CON DVD                    
25020,ELECTRONICA                   ,BARRAS DE SONIDO              ,HT CON BLU-RAY                
25101,ELECTRONICA                   ,BLU - RAY                     ,BLU-RAY BASICO                
25110,ELECTRONICA                   ,BLU - RAY                     ,BLU-RAY SMART                 
25120,ELECTRONICA                   ,BLU - RAY                     ,BLU-RAY 3D                    
25130,ELECTRONICA                   ,BLU - RAY                     ,BLU-RAY 4K                    
25140,ELECTRONICA                   ,BLU - RAY                     ,BLU-RAY COPPEL.COM            
25230,ELECTRONICA                   ,SOPORTES                      ,EXCLUSIVOS COPPEL.COM         
25301,ELECTRONICA                   ,BOCINAS BLUETOOTH             ,BOCINAS MINI                  
25302,ELECTRONICA                   ,BOCINAS BLUETOOTH             ,BOOMBOX                       
25304,ELECTRONICA                   ,BOCINAS BLUETOOTH             ,MINI BAFLE                    
25305,ELECTRONICA                   ,BOCINAS BLUETOOTH             ,EXCLUSIVOS COPPEL.COM         
25604,ELECTRONICA                   ,GADGETS                       ,LECTOR DE TARJETA             
25610,ELECTRONICA                   ,GADGETS                       ,GADGETS COPPEL.COM            
25720,ELECTRONICA                   ,WEARABLES                     ,WEARABLES COPPEL.COM          
26305,ELECTRONICA                   ,DISPOSITIVOS STREAMING        ,GOOGLE                        
26310,ELECTRONICA                   ,DISPOSITIVOS STREAMING        ,FIRE TV AMAZON                
26315,ELECTRONICA                   ,DISPOSITIVOS STREAMING        ,APPLE TV                      
26320,ELECTRONICA                   ,DISPOSITIVOS STREAMING        ,MI XIAOMI                     
26325,ELECTRONICA                   ,DISPOSITIVOS STREAMING        ,OTROS                         
26330,ELECTRONICA                   ,DISPOSITIVOS STREAMING        ,EXCLUSIVOS COPPEL.COM         
26405,ELECTRONICA                   ,ASISTENTE DE VOZ              ,GOOGLE                        
26410,ELECTRONICA                   ,ASISTENTE DE VOZ              ,APPLE                         
26415,ELECTRONICA                   ,ASISTENTE DE VOZ              ,XIAOMI                        
26430,ELECTRONICA                   ,ASISTENTE DE VOZ              ,EXCLUSIVO COPPEL.COM          
26501,ELECTRONICA                   ,SMART HOME                    ,SMART HOME                    
26505,ELECTRONICA                   ,SMART HOME                    ,CONTACTO/SENSOR INTELIGENTE   
26560,ELECTRONICA                   ,SMART HOME                    ,ADAPTADORES DE TELEVISION     
26580,ELECTRONICA                   ,SMART HOME                    ,ASISTENTES DE VOZ             
26581,ELECTRONICA                   ,SMART HOME                    ,EXCLUSIVOS ECOMMERCE          
26590,ELECTRONICA                   ,SMART HOME                    ,EXCLUSIVOS COPPEL.COM         
26610,ELECTRONICA                   ,ACCESORIOS CAR AUDIO          ,EXCLUSIVOS.COM                
27901,ELECTRONICA                   ,TABLETS                       ,TABLETS PARA NIÑOS            
28203,ELECTRONICA                   ,COLECCIONES                   ,CARGADOR                      
28204,ELECTRONICA                   ,COLECCIONES                   ,ANILLOS                       
28205,ELECTRONICA                   ,COLECCIONES                   ,FUNDAS Y CARCASAS PARA IPHONE 
28206,ELECTRONICA                   ,COLECCIONES                   ,ACCESORIOS AIRPODS            
28207,ELECTRONICA                   ,COLECCIONES                   ,MICROFONO                     
28212,ELECTRONICA                   ,COLECCIONES                   ,SOPORTES                      
28213,ELECTRONICA                   ,COLECCIONES                   ,CABLES                        
28701,ELECTRONICA                   ,PROYECTORES                   ,PROYECTORES                   
29527,ELECTRONICA                   ,PROTECCION                    ,PROTECTOR DE PANTALLA VIDRIO  
29528,ELECTRONICA                   ,PROTECCION                    ,SELFIE - AUTORETRATO          
29610,ELECTRONICA                   ,ACCESORIOS CAMARAS            ,ESTUCHES ESPECIALES           
29615,ELECTRONICA                   ,ACCESORIOS CAMARAS            ,ACCESORIOS PARA CAMARA VARIOS 
31630,MUEBLE SUELTO                 ,COMEDORES                     ,MESA PARA COMEDOR             
33011,MUEBLE SUELTO                 ,JARDIN                        ,MESA PLEGABLE BAJA            
33020,MUEBLE SUELTO                 ,JARDIN                        ,HAMACAS BAJA                  
34302,MUEBLE SUELTO                 ,COCINAS MODULARES             ,ALACENA SUPERIOR 90           
34306,MUEBLE SUELTO                 ,COCINAS MODULARES             ,ALACENA SUPERIOR 70           
34318,MUEBLE SUELTO                 ,COCINAS MODULARES             ,BASE 90                       
34322,MUEBLE SUELTO                 ,COCINAS MODULARES             ,BASE 70                       
36504,MUEBLE SUELTO                 ,BAÑO                          ,GABINETES / BOTIQUINES        
37102,MUEBLE SUELTO                 ,ORGANIZACION DE COCINA        ,ORGANIZADORES DE TARJA        
37104,MUEBLE SUELTO                 ,ORGANIZACION DE COCINA        ,CARRITOS DE SERVICIO          
37203,MUEBLE SUELTO                 ,ORGANIZACION DE OFICINA       ,ORGANIZADORES DE PARED        
37204,MUEBLE SUELTO                 ,ORGANIZACION DE OFICINA       ,MUEBLE ORGANIZADOR DE OFICINA 
40105,"SALAS, RECAMARAS, COMEDORES   ",SALAS                         ,LOVESEAT CLASICO              
50370,BICICLETAS/BEBES/AUTOMOTRIZ   ,JUGUETES                      ,EXCLUSIVOS COPPEL.COM         
50707,BICICLETAS/BEBES/AUTOMOTRIZ   ,ACUMULADORES                  ,BATERIAS MOTOS                
51220,BICICLETAS/BEBES/AUTOMOTRIZ   ,SALUD Y BIENESTAR             ,EXCLUSIVOS COPPEL.COM         
56001,BICICLETAS/BEBES/AUTOMOTRIZ   ,BAÑOS                         ,SANITARIOS                    
56004,BICICLETAS/BEBES/AUTOMOTRIZ   ,BAÑOS                         ,GRIFERIA PARA COCINA          
56005,BICICLETAS/BEBES/AUTOMOTRIZ   ,BAÑOS                         ,ACCESORIOS PARA BAÑO          
56101,BICICLETAS/BEBES/AUTOMOTRIZ   ,PINTURA                       ,PINTURA                       
56102,BICICLETAS/BEBES/AUTOMOTRIZ   ,PINTURA                       ,IMPERMEABILIZANTE             
56104,BICICLETAS/BEBES/AUTOMOTRIZ   ,PINTURA                       ,SELLADORES                    
56201,BICICLETAS/BEBES/AUTOMOTRIZ   ,MATERIAL ELECTRICO            ,APAGADORES Y CONECTORES       
56301,BICICLETAS/BEBES/AUTOMOTRIZ   ,FERRETERIA                    ,CERRADURAS                    
62015,LINEA BLANCA                  ,AIRES ACONDICIONADOS          ,VENTANA 1 TON 110V            
62020,LINEA BLANCA                  ,AIRES ACONDICIONADOS          ,VENTANA 1 TON 220V            
62025,LINEA BLANCA                  ,AIRES ACONDICIONADOS          ,VENTANA 1.5 TON 220V          
62030,LINEA BLANCA                  ,AIRES ACONDICIONADOS          ,VENTANA 2 TON 220V            
62035,LINEA BLANCA                  ,AIRES ACONDICIONADOS          ,MINISPLIT 1 TON 110V          
62036,LINEA BLANCA                  ,AIRES ACONDICIONADOS          ,INVERTER 1 TON 110-220 V      
62040,LINEA BLANCA                  ,AIRES ACONDICIONADOS          ,MINISPLIT 1 TON 220V          
62045,LINEA BLANCA                  ,AIRES ACONDICIONADOS          ,MINISPLIT 1.5 TON 220V        
62046,LINEA BLANCA                  ,AIRES ACONDICIONADOS          ,INVERTER 1.5-2 TON 220V       
62050,LINEA BLANCA                  ,AIRES ACONDICIONADOS          ,MINISPLIT 2 TON 220V          
62055,LINEA BLANCA                  ,AIRES ACONDICIONADOS          ,PORTATILES                    
62061,LINEA BLANCA                  ,AIRES ACONDICIONADOS          ,INVERTER FRIO/CALOR           
62510,LINEA BLANCA                  ,COOLER                        ,PORTATIL/PLASTICO             
62515,LINEA BLANCA                  ,COOLER                        ,PORTATIL METALICO             
62520,LINEA BLANCA                  ,COOLER                        ,VENTANA                       
62525,LINEA BLANCA                  ,COOLER                        ,DUCTO HORIZONTAL              
62530,LINEA BLANCA                  ,COOLER                        ,DUCTO VERTICAL                
62535,LINEA BLANCA                  ,COOLER                        ,COOLERS COPPEL.COM            
63015,LINEA BLANCA                  ,VENTILADORES                  ,PEDESTAL METALICO             
63020,LINEA BLANCA                  ,VENTILADORES                  ,TORRE                         
63025,LINEA BLANCA                  ,VENTILADORES                  ,MESA                          
63030,LINEA BLANCA                  ,VENTILADORES                  ,PISO PLASTICO                 
63035,LINEA BLANCA                  ,VENTILADORES                  ,PISO METALICO                 
63040,LINEA BLANCA                  ,VENTILADORES                  ,TECHO BASICO                  
63045,LINEA BLANCA                  ,VENTILADORES                  ,TECHO DECORATIVO              
63050,LINEA BLANCA                  ,VENTILADORES                  ,VENTILADORES COPPEL.COM       
63510,LINEA BLANCA                  ,CALENTADORES DE AGUA          ,DEPOSITO LP                   
63515,LINEA BLANCA                  ,CALENTADORES DE AGUA          ,DEPOSITO ELECTRICO            
63520,LINEA BLANCA                  ,CALENTADORES DE AGUA          ,DEPOSITO NATURAL              
63525,LINEA BLANCA                  ,CALENTADORES DE AGUA          ,ALTA RECUPERACION LP          
63535,LINEA BLANCA                  ,CALENTADORES DE AGUA          ,INSTANTANEO LP                
63540,LINEA BLANCA                  ,CALENTADORES DE AGUA          ,INSTANTANEO NATURAL           
63550,LINEA BLANCA                  ,CALENTADORES DE AGUA          ,CALENTADORES DE AGUA .COM     
63560,LINEA BLANCA                  ,CALENTADORES DE AGUA          ,CALENTADORES DE PASO .COM     
63565,LINEA BLANCA                  ,CALENTADORES DE AGUA          ,CALENTADORES INSTANTANEOS .COM
63570,LINEA BLANCA                  ,CALENTADORES DE AGUA          ,CALENTADORES DEPOSITO .COM    
63575,LINEA BLANCA                  ,CALENTADORES DE AGUA          ,CALENTADORES ELECTRICOS .COM  
63580,LINEA BLANCA                  ,CALENTADORES DE AGUA          ,CALENTADORES SOLARES .COM     
64015,LINEA BLANCA                  ,CALEFACTORES DE AMBIENTE      ,CALEFACTOR LP                 
64020,LINEA BLANCA                  ,CALEFACTORES DE AMBIENTE      ,CALEFACTOR NATURAL            
64525,LINEA BLANCA                  ,ESTUFAS                       ,EXHIBICION DE ESTUFAS         
64535,LINEA BLANCA                  ,ESTUFAS                       ,ESTUFAS DE EMPOTRE 30         
65010,LINEA BLANCA                  ,MICROONDAS                    ,.7 PIES Y MENORES             
65510,LINEA BLANCA                  ,CAMPANAS                      ,PARRILLAS EMPOTRE BAJA        
65515,LINEA BLANCA                  ,CAMPANAS                      ,HORNO EMPOTRE .COM BAJA       
65520,LINEA BLANCA                  ,CAMPANAS                      ,CAMPANAS 20                   
65535,LINEA BLANCA                  ,CAMPANAS                      ,CAMPANAS DECORATIVAS          
65610,LINEA BLANCA                  ,PARRILLAS                     ,PARRILLAS EMPOTRE             
65620,LINEA BLANCA                  ,PARRILLAS                     ,PARRILLAS ELECTRICAS .COM     
65710,LINEA BLANCA                  ,OTROS EMPOTRE                 ,HORNOS EMPOTRE .COM           
65715,LINEA BLANCA                  ,OTROS EMPOTRE                 ,LAVAVAJILLAS .COM             
65720,LINEA BLANCA                  ,OTROS EMPOTRE                 ,COMBOS .COM                   
66020,LINEA BLANCA                  ,ESTUFAS DE MESA               ,5 QUEMADORES O MAS            
66025,LINEA BLANCA                  ,ESTUFAS DE MESA               ,ESTUFAS DE MESA .COM          
66515,LINEA BLANCA                  ,REFRIGERADORES                ,SEMIAUTOMATICO                
66516,LINEA BLANCA                  ,REFRIGERADORES                ,SEMIAUTOMATICO 2 PUERTAS      
66520,LINEA BLANCA                  ,REFRIGERADORES                ,8-10 PIES                     
66525,LINEA BLANCA                  ,REFRIGERADORES                ,11-14 PIES                    
66530,LINEA BLANCA                  ,REFRIGERADORES                ,15-19 PIES                    
66535,LINEA BLANCA                  ,REFRIGERADORES                ,FRENCH DOOR                   
66540,LINEA BLANCA                  ,REFRIGERADORES                ,SIDE BY SIDE                  
66546,LINEA BLANCA                  ,REFRIGERADORES                ,BOTTOM MOUNT                  
66550,LINEA BLANCA                  ,REFRIGERADORES                ,COMERCIALES                   
66556,LINEA BLANCA                  ,REFRIGERADORES                ,FRIGOBARES COPPEL.COM         
66558,LINEA BLANCA                  ,REFRIGERADORES                ,CAVAS DE VINO COPPEL.COM      
66559,LINEA BLANCA                  ,REFRIGERADORES                ,FRENCH DOOR .COM              
66560,LINEA BLANCA                  ,REFRIGERADORES                ,SIDE BY SIDE .COM             
66565,LINEA BLANCA                  ,REFRIGERADORES                ,BOTTOM MOUNT COPPEL.COM       
67010,LINEA BLANCA                  ,LAVADORAS                     ,TINA REDONDA                  
67020,LINEA BLANCA                  ,LAVADORAS                     ,AUTOMATICA DIGITALES          
67025,LINEA BLANCA                  ,LAVADORAS                     ,DOBLE TINA                    
67030,LINEA BLANCA                  ,LAVADORAS                     ,CENTRIFUGA                    
67040,LINEA BLANCA                  ,LAVADORAS                     ,CENTRO DE LAVADO              
67045,LINEA BLANCA                  ,LAVADORAS                     ,CARGA FRONTAL 16 KG O MAYORES 
67065,LINEA BLANCA                  ,LAVADORAS                     ,CENTRO DE LAVADO COPPEL.COM   
67525,LINEA BLANCA                  ,ENFRIADORES                   ,ENFRIADORES DE PISO TOP LOAD  
67530,LINEA BLANCA                  ,ENFRIADORES                   ,ENFRIADORES PISO BOTTOM LOAD  
68010,LINEA BLANCA                  ,CILINDROS DE GAS              ,CILINDROS DE GAS              
68015,LINEA BLANCA                  ,CILINDROS DE GAS              ,CILINDROS DE GAS .COM         
68657,LINEA BLANCA                  ,CONGELADORES                  ,CONGELADORES COPPEL.COM       
77001,RELOJERIA                     ,DEPORTIVOS                    ,PROTEINAS                     
77003,RELOJERIA                     ,DEPORTIVOS                    ,PRE Y POST WORKOUT            
77402,RELOJERIA                     ,VITAMINAS                     ,MULTIVITAMINICOS              
19999,DOMESTICOS                    ,OFERTAS                       ,REGALOS VARIOS                
22920,ELECTRONICA                   ,CHIPS CELULARES               ,SIM CARD MOVISTAR             
22923,ELECTRONICA                   ,CHIPS CELULARES               ,MOVILINEA                     
24802,ELECTRONICA                   ,TELEFONOS LIBRES              ,CELULARES MARCAS LIBRES       
24811,ELECTRONICA                   ,TELEFONOS LIBRES              ,CELULARES ONLINE              
27268,ELECTRONICA                   ,ACCESORIOS UNIVERSALES        ,AMPLIFICADOR DE PANTALLA      
27269,ELECTRONICA                   ,ACCESORIOS UNIVERSALES        ,ACCESORIOS GAMER              
27276,ELECTRONICA                   ,ACCESORIOS UNIVERSALES        ,SOPORTES PARA AUTO            
27278,ELECTRONICA                   ,ACCESORIOS UNIVERSALES        ,ESTABILZADORES                
53015,BICICLETAS/BEBES/AUTOMOTRIZ   ,ACCESORIOS AUT ELECTRICOS     ,CARGADORES Y ARRANCADORES BATE
80526,JOYERIA                       ,ARETES ORO                    ,ARETES 10K REGALOS ELLA       
83194,JOYERIA                       ,BISUTERA FINA                 ,SETS BF EXCLUSIVOS.COM        
10216,DOMESTICOS                    ,EXCLUSIVOS.COM CUIDADO PERSONA,ALACIADORAS                   
10218,DOMESTICOS                    ,EXCLUSIVOS.COM CUIDADO PERSONA,DEPILADORAS                   
10219,DOMESTICOS                    ,EXCLUSIVOS.COM CUIDADO PERSONA,TENAZAS                       
10221,DOMESTICOS                    ,EXCLUSIVOS.COM CUIDADO PERSONA,CEPILLOS DE AIRE              
10223,DOMESTICOS                    ,EXCLUSIVOS.COM CUIDADO PERSONA,RASURADORAS                   
10224,DOMESTICOS                    ,EXCLUSIVOS.COM CUIDADO PERSONA,JUEGOS DE PELUQUERIA          
10225,DOMESTICOS                    ,EXCLUSIVOS.COM CUIDADO PERSONA,RECORTADORES                  
10301,DOMESTICOS                    ,EXCLUSIVOS.COM ELECTRODOMESTIC,LICUADORAS                    
10302,DOMESTICOS                    ,EXCLUSIVOS.COM ELECTRODOMESTIC,BATIDORAS                     
10303,DOMESTICOS                    ,EXCLUSIVOS.COM ELECTRODOMESTIC,CAFETERAS                     
10305,DOMESTICOS                    ,EXCLUSIVOS.COM ELECTRODOMESTIC,PRODUCTOS DE PAN              
10306,DOMESTICOS                    ,EXCLUSIVOS.COM ELECTRODOMESTIC,"PARRILLAS, FREIDORAS, ETC     "
10307,DOMESTICOS                    ,EXCLUSIVOS.COM ELECTRODOMESTIC,PLANCHAS                      
10308,DOMESTICOS                    ,EXCLUSIVOS.COM ELECTRODOMESTIC,ESPECIALIDADES MARKETPLACE    
10309,DOMESTICOS                    ,EXCLUSIVOS.COM ELECTRODOMESTIC,REPUESTOS Y ACCS MARKETPLACE  
10332,DOMESTICOS                    ,EXCLUSIVOS.COM ELECTRODOMESTIC,ASADORES                      
10333,DOMESTICOS                    ,EXCLUSIVOS.COM ELECTRODOMESTIC,TETERAS Y HERVIDORES ELECTRICO
10429,DOMESTICOS                    ,EXCLUSIVOS.COM EQUIPAJE       ,EQUIPAJE DE VIAJE             
10430,DOMESTICOS                    ,EXCLUSIVOS.COM EQUIPAJE       ,EQUIPAJE DE COMPUTO           
12101,DOMESTICOS                    ,LICUADORAS                    ,LICUADORAS                    
12102,DOMESTICOS                    ,LICUADORAS                    ,EXCLUSIVO COPPEL.COM          
12103,DOMESTICOS                    ,LICUADORAS                    ,ACCESORIOS DE LICUADORAS      
12404,DOMESTICOS                    ,BATIDORAS                     ,BATIDORA PEDESTAL             
12405,DOMESTICOS                    ,BATIDORAS                     ,BATIDORA FUENTE DE SODAS      
12406,DOMESTICOS                    ,BATIDORAS                     ,MULTIPRACTICOS                
12407,DOMESTICOS                    ,BATIDORAS                     ,EXCLUSIVOS COPPEL.COM         
12701,DOMESTICOS                    ,CAFETERAS                     ,CAFETERAS                     
12702,DOMESTICOS                    ,CAFETERAS                     ,PERCOLADORAS                  
12703,DOMESTICOS                    ,CAFETERAS                     ,TETERAS                       
12704,DOMESTICOS                    ,CAFETERAS                     ,ESPRESSO Y ESPECIALIDADES     
12705,DOMESTICOS                    ,CAFETERAS                     ,HERVIDOR ELECTRICO            
12706,DOMESTICOS                    ,CAFETERAS                     ,EXCLUSIVOS COPPEL.COM         
12905,DOMESTICOS                    ,"TETERAS, HERVIDORES           ",EXCLUSIVOS COPPEL.COM         
13001,DOMESTICOS                    ,PROC. LIQUIDOS                ,EXTRACTOR                     
13002,DOMESTICOS                    ,PROC. LIQUIDOS                ,EXPRIMIDOR                    
13302,DOMESTICOS                    ,PROC. PAN                     ,HORNO ELECTRICO               
13501,DOMESTICOS                    ,FREIDORAS                     ,FREIDORAS DE AIRE             
13502,DOMESTICOS                    ,FREIDORAS                     ,HORNOS FREIDORA               
13503,DOMESTICOS                    ,FREIDORAS                     ,FREIDORAS EXCLUSIVAS .COM     
13602,DOMESTICOS                    ,PARRILLAS Y OLLAS ELECTRICAS  ,FREIDORAS                     
13603,DOMESTICOS                    ,PARRILLAS Y OLLAS ELECTRICAS  ,OLLA ELECTRICA                
13604,DOMESTICOS                    ,PARRILLAS Y OLLAS ELECTRICAS  ,ARROCERA                      
13605,DOMESTICOS                    ,PARRILLAS Y OLLAS ELECTRICAS  ,VAPORERAS                     
13606,DOMESTICOS                    ,PARRILLAS Y OLLAS ELECTRICAS  ,SARTEN ELECTRICO              
13607,DOMESTICOS                    ,PARRILLAS Y OLLAS ELECTRICAS  ,ASADORES                      
13901,DOMESTICOS                    ,"ABRELATAS, CUCHILLO           ",ABRELATAS                     
13902,DOMESTICOS                    ,"ABRELATAS, CUCHILLO           ",CUCHILLO ELECTRICO            
13903,DOMESTICOS                    ,"ABRELATAS, CUCHILLO           ",CUCHILLOS MARKETPLACE         
14205,DOMESTICOS                    ,BATERIAS DE COCINA            ,EXCLUSIVO COPPEL.COM          
14407,DOMESTICOS                    ,PREPARACION DE ALIMENTO       ,COLADORES BOWL                
14501,DOMESTICOS                    ,ACCESORIOS DE COCINA          ,JUEGOS DE CUCHILLOS           
14502,DOMESTICOS                    ,ACCESORIOS DE COCINA          ,UTENSILIOS                    
14503,DOMESTICOS                    ,ACCESORIOS DE COCINA          ,CUBIERTOS                     
14504,DOMESTICOS                    ,ACCESORIOS DE COCINA          ,PREPARACION DE ALIMENTOS      
14512,DOMESTICOS                    ,ACCESORIOS DE COCINA          ,UTENSILIOS VARIOS             
14807,DOMESTICOS                    ,OLLAS                         ,ARROCERAS                     
14808,DOMESTICOS                    ,OLLAS                         ,EXCLUSIVO COPPEL.COM          
14915,DOMESTICOS                    ,UTENSILIOS DE COCINA          ,EXCLUSIVO COPPEL.COM          
15103,DOMESTICOS                    ,SARTENES                      ,ARROCERAS                     
15401,DOMESTICOS                    ,ALMACENAMIENTO DE COCINA      ,RECIPIENTES                   
15402,DOMESTICOS                    ,ALMACENAMIENTO DE COCINA      ,REFRACTARIOS                  
15403,DOMESTICOS                    ,ALMACENAMIENTO DE COCINA      ,ACCESORIOS DE COCINA          
15404,DOMESTICOS                    ,ALMACENAMIENTO DE COCINA      ,HERMETICOS                    
15405,DOMESTICOS                    ,ALMACENAMIENTO DE COCINA      ,MESA                          
15406,DOMESTICOS                    ,ALMACENAMIENTO DE COCINA      ,MOLDES PARA HORNEAR           
15407,DOMESTICOS                    ,ALMACENAMIENTO DE COCINA      ,ESCURRIDORES Y ORGANIZADORES  
15501,DOMESTICOS                    ,CONTENEDORES                  ,CESTOS                        
15502,DOMESTICOS                    ,CONTENEDORES                  ,CESTOS P/ BASURA              
15503,DOMESTICOS                    ,CONTENEDORES                  ,CAJONERAS                     
15505,DOMESTICOS                    ,CONTENEDORES                  ,CAJAS ALMACENAMIENTO          
15506,DOMESTICOS                    ,CONTENEDORES                  ,EXCLUSIVOS COPPEL.COM         
15708,DOMESTICOS                    ,VAJILLAS                      ,EXCLUSIVO COPPEL.COM          
16025,DOMESTICOS                    ,VASOS                         ,JARRAS SUELTAS                
16801,DOMESTICOS                    ,LICENCIAS                     ,BOTELLAS HIDRATACION          
16901,DOMESTICOS                    ,FILTROS                       ,DISPENSADORES DE AGUA         
17201,DOMESTICOS                    ,BURROS DE PLANCHAR            ,TABLAS PARA PLANCHAR          
17204,DOMESTICOS                    ,BURROS DE PLANCHAR            ,EXCLUSIVOS COPPEL.COM         
18101,DOMESTICOS                    ,CUIDADO PERSONAL DAMAS        ,RASURADORAS                   
18104,DOMESTICOS                    ,CUIDADO PERSONAL DAMAS        ,JUEGOS DE PELUQUERIA          
18106,DOMESTICOS                    ,CUIDADO PERSONAL DAMAS        ,CEPILLO DENTAL                
18107,DOMESTICOS                    ,CUIDADO PERSONAL DAMAS        ,RECORTADOR DE VELLO           
18108,DOMESTICOS                    ,CUIDADO PERSONAL DAMAS        ,ESPEJOS                       
18112,DOMESTICOS                    ,CUIDADO PERSONAL DAMAS        ,BASCULAS                      
18402,DOMESTICOS                    ,EQUIPAJE DE VIAJE             ,MALETAS PORTATRAJE            
18408,DOMESTICOS                    ,EQUIPAJE DE VIAJE             ,MALETA VERTICAL               
18411,DOMESTICOS                    ,EQUIPAJE DE VIAJE             ,MOCHILAS PARA CAMPING         
18413,DOMESTICOS                    ,EQUIPAJE DE VIAJE             ,PAÑALERAS                     
18423,DOMESTICOS                    ,EQUIPAJE DE VIAJE             ,EQUIPAJE DE VIAJE MARKETPLACE 
18507,DOMESTICOS                    ,EQUIPAJE DE COMPUTO           ,EQUIPAJE DE COMPUTO MARKETPLAC
18603,DOMESTICOS                    ,PAÑALERAS                     ,PAÑALERAS MARKETPLACE         
18701,DOMESTICOS                    ,CALCULADORAS                  ,CALCULADORA BASICA            
18702,DOMESTICOS                    ,CALCULADORAS                  ,CALCULADORA CIENTIFICA        
18703,DOMESTICOS                    ,CALCULADORAS                  ,TRADUCTOR                     
18704,DOMESTICOS                    ,CALCULADORAS                  ,CALCULADORA ESCRITORIO S/PAPEL
18705,DOMESTICOS                    ,CALCULADORAS                  ,SUMADORA C/PAPEL              
18706,DOMESTICOS                    ,CALCULADORAS                  ,AGENDA                        
18707,DOMESTICOS                    ,CALCULADORAS                  ,CALCULADORAS EXCLUSIVAS .COM  
18922,DOMESTICOS                    ,MALETAS MARKETPLACE           ,MARKETPLACE                   
19001,DOMESTICOS                    ,REUTILIZABLES                 ,VARIOS                        
19002,DOMESTICOS                    ,REUTILIZABLES                 ,MQ. ESCRIBIR.ELEC.SENCILLA    
19003,DOMESTICOS                    ,REUTILIZABLES                 ,MQ. ESCRIBIR.ELEC.C/MEMORIA   
19301,DOMESTICOS                    ,PLANCHAS                      ,PLANCHA NORMAL                
19302,DOMESTICOS                    ,PLANCHAS                      ,PLANCHA VAPOR                 
19304,DOMESTICOS                    ,PLANCHAS                      ,PLANCHAS PORTATILES           
19305,DOMESTICOS                    ,PLANCHAS                      ,CENTRAL DE VAPOR              
19308,DOMESTICOS                    ,PLANCHAS                      ,PLANCHAS MARKETPLACE          
19408,DOMESTICOS                    ,PRODUCTOS EXCLUSIVOS .COM     ,BATERIAS DE COCINA            
19409,DOMESTICOS                    ,PRODUCTOS EXCLUSIVOS .COM     ,SARTENES                      
19414,DOMESTICOS                    ,PRODUCTOS EXCLUSIVOS .COM     ,REPOSTERIA                    
19426,DOMESTICOS                    ,PRODUCTOS EXCLUSIVOS .COM     ,ASPIRADORAS                   
19427,DOMESTICOS                    ,PRODUCTOS EXCLUSIVOS .COM     ,HIDROLAVADORAS                
19431,DOMESTICOS                    ,PRODUCTOS EXCLUSIVOS .COM     ,TERMOS Y HIELERAS             
19601,DOMESTICOS                    ,TENDEDEROS                    ,VARIOS                        
19602,DOMESTICOS                    ,TENDEDEROS                    ,RELOJ DE PARED                
19701,DOMESTICOS                    ,ACCESORIOS                    ,DE MQ DE ESCRIBIR             
19801,DOMESTICOS                    ,ARTICULOS VIANA               ,ELECTRODOMESTICOS             
19802,DOMESTICOS                    ,ARTICULOS VIANA               ,"COCINA SARTEN, BATERIA, CACERO"
19803,DOMESTICOS                    ,ARTICULOS VIANA               ,"MENAJE CUBIERTOS, VAJILLA,    "
19804,DOMESTICOS                    ,ARTICULOS VIANA               ,CUIDADO PERSONAL              
19805,DOMESTICOS                    ,ARTICULOS VIANA               ,"CUARTO LAVADO HIDRO, ASPIRADOR"
19806,DOMESTICOS                    ,ARTICULOS VIANA               ,OTROS ENSERES MENORES         
20408,ELECTRONICA                   ,AUDIO                         ,AUDIO VERTICAL PREMIUM        
20409,ELECTRONICA                   ,AUDIO                         ,BAFLES  6.5-8                 
20410,ELECTRONICA                   ,AUDIO                         ,BOCINA GRANDE                 
20414,ELECTRONICA                   ,AUDIO                         ,AUDIO VERTICAL OTROS          
20415,ELECTRONICA                   ,AUDIO                         ,ACCESORIOS DE AUDIO           
20422,ELECTRONICA                   ,AUDIO                         ,SISTEMA DE AUDIO PROFESIONAL  
21060,ELECTRONICA                   ,TELEVISOR COLOR               ,TELEVISOR LED  26 - 29        
21065,ELECTRONICA                   ,TELEVISOR COLOR               ,TELEVISOR LED  32 - 39        
21070,ELECTRONICA                   ,TELEVISOR COLOR               ,TELEVISOR LED  40 - 49        
21086,ELECTRONICA                   ,TELEVISOR COLOR               ,TELEVISOR LED 40-46 4K        
21087,ELECTRONICA                   ,TELEVISOR COLOR               ,TELEVISOR LED 47-50 4K        
21088,ELECTRONICA                   ,TELEVISOR COLOR               ,TELEVISOR LED 55-60 4K        
22425,ELECTRONICA                   ,TELEFONOS CELULARES           ,TELCEL R4                     
22449,ELECTRONICA                   ,TELEFONOS CELULARES           ,TELCEL R7                     
22525,ELECTRONICA                   ,CELULARES P/GARANTIA          ,OTROS                         
22844,ELECTRONICA                   ,RECARGAS DE TIEMPO AIRE       ,PAGO UNICO 2026               
22862,ELECTRONICA                   ,RECARGAS DE TIEMPO AIRE       ,VIRGIN                        
22865,ELECTRONICA                   ,RECARGAS DE TIEMPO AIRE       ,CINEPOLIS                     
22869,ELECTRONICA                   ,RECARGAS DE TIEMPO AIRE       ,ROBLOX                        
22878,ELECTRONICA                   ,RECARGAS DE TIEMPO AIRE       ,UBER                          
22879,ELECTRONICA                   ,RECARGAS DE TIEMPO AIRE       ,STARBUCKS                     
22886,ELECTRONICA                   ,RECARGAS DE TIEMPO AIRE       ,XBOX  ULTIMATE                
22887,ELECTRONICA                   ,RECARGAS DE TIEMPO AIRE       ,XBOX ESSENCIAL                
22888,ELECTRONICA                   ,RECARGAS DE TIEMPO AIRE       ,XBOX SALDO                    
22889,ELECTRONICA                   ,RECARGAS DE TIEMPO AIRE       ,OFFICE 365                    
22891,ELECTRONICA                   ,RECARGAS DE TIEMPO AIRE       ,GOOGLE PLAY SALDO             
22892,ELECTRONICA                   ,RECARGAS DE TIEMPO AIRE       ,SPOTIFY MEMBRESIA             
22893,ELECTRONICA                   ,RECARGAS DE TIEMPO AIRE       ,NINTENDO MEMBRESIA            
22894,ELECTRONICA                   ,RECARGAS DE TIEMPO AIRE       ,NINTENDO SALDO                
22895,ELECTRONICA                   ,RECARGAS DE TIEMPO AIRE       ,BLIZZARD SALDO                
22896,ELECTRONICA                   ,RECARGAS DE TIEMPO AIRE       ,PLAYSTATION SALDO             
22913,ELECTRONICA                   ,CHIPS CELULARES               ,CHIPS MARKETPLACE             
23220,ELECTRONICA                   ,TABLETS                       ,TABLET 7                      
23221,ELECTRONICA                   ,TABLETS                       ,TABLET 8                      
23222,ELECTRONICA                   ,TABLETS                       ,TABLET 9                      
23240,ELECTRONICA                   ,TABLETS                       ,TABLETS PARA NIÑOS            
23251,ELECTRONICA                   ,TABLETS                       ,TABLETS COPPEL.COM            
24315,ELECTRONICA                   ,ACCESORIOS DE COMPUTACION     ,TECLADOS INALAMBRICOS         
24416,ELECTRONICA                   ,AUDIFONOS                     ,TRUE WIRELESS BASICOS         
24455,ELECTRONICA                   ,AUDIFONOS                     ,DIADEMA BT                    
24704,ELECTRONICA                   ,TARJETAS DE CONTENIDO         ,PARAMOUNT                     
24706,ELECTRONICA                   ,TARJETAS DE CONTENIDO         ,AIRBNB                        
24707,ELECTRONICA                   ,TARJETAS DE CONTENIDO         ,BIAANI                        
24708,ELECTRONICA                   ,TARJETAS DE CONTENIDO         ,CADE SOLUCIONES               
24726,ELECTRONICA                   ,TARJETAS DE CONTENIDO         ,MICROSOFT                     
24760,ELECTRONICA                   ,TARJETAS DE CONTENIDO         ,RIOT VALORANT                 
24780,ELECTRONICA                   ,TARJETAS DE CONTENIDO         ,PARAMOUNT                     
24801,ELECTRONICA                   ,TELEFONOS LIBRES              ,CELULARES LIBRES              
25030,ELECTRONICA                   ,BARRAS DE SONIDO              ,BARRA DE SONIDO               
25040,ELECTRONICA                   ,BARRAS DE SONIDO              ,BARRA DE SONIDO COPPEL.COM    
25201,ELECTRONICA                   ,SOPORTES                      ,SOPORTES FIJOS                
25210,ELECTRONICA                   ,SOPORTES                      ,SOPORTES CON INCLINACION      
25220,ELECTRONICA                   ,SOPORTES                      ,SOPORTES CON BRAZO            
25414,ELECTRONICA                   ,CARGADORES                    ,POWERBANKS 1-5 MAH            
25418,ELECTRONICA                   ,CARGADORES                    ,POWERBANKS                    
26301,ELECTRONICA                   ,DISPOSITIVOS STREAMING        ,ROKU                          
27101,ELECTRONICA                   ,REDES                         ,EXPANSORES DE RANGO           
27105,ELECTRONICA                   ,REDES                         ,ROUTERS                       
27110,ELECTRONICA                   ,REDES                         ,MESH                          
27204,ELECTRONICA                   ,ACCESORIOS UNIVERSALES        ,MANOS LIBRES                  
27206,ELECTRONICA                   ,ACCESORIOS UNIVERSALES        ,EJERCICIO                     
27208,ELECTRONICA                   ,ACCESORIOS UNIVERSALES        ,BOCINAS                       
27211,ELECTRONICA                   ,ACCESORIOS UNIVERSALES        ,SOPORTES                      
27212,ELECTRONICA                   ,ACCESORIOS UNIVERSALES        ,LIMPIA PANTALLAS              
27219,ELECTRONICA                   ,ACCESORIOS UNIVERSALES        ,TARJETERO                     
27245,ELECTRONICA                   ,ACCESORIOS UNIVERSALES        ,DECORATIVOS                   
27246,ELECTRONICA                   ,ACCESORIOS UNIVERSALES        ,SELFIESTICK                   
27247,ELECTRONICA                   ,ACCESORIOS UNIVERSALES        ,PROTECTORES DE CAMARA         
27248,ELECTRONICA                   ,ACCESORIOS UNIVERSALES        ,ACCESORIOS AIRPODS            
27259,ELECTRONICA                   ,ACCESORIOS UNIVERSALES        ,ARO DE LUZ                    
27261,ELECTRONICA                   ,ACCESORIOS UNIVERSALES        ,ACCESORIOS WATCH              
27262,ELECTRONICA                   ,ACCESORIOS UNIVERSALES        ,CORREAS                       
27264,ELECTRONICA                   ,ACCESORIOS UNIVERSALES        ,IMPRESORAS PORTATILES         
27266,ELECTRONICA                   ,ACCESORIOS UNIVERSALES        ,TECLADOS                      
27267,ELECTRONICA                   ,ACCESORIOS UNIVERSALES        ,MICROFONOS                    
27302,ELECTRONICA                   ,ACCESORIOS CELULARES APPLE    ,APPLE WATCH                   
27501,ELECTRONICA                   ,AUDIO PERSONAL                ,TRUE WIRELESS PREMIUM         
27502,ELECTRONICA                   ,AUDIO PERSONAL                ,TRUE WIRELESS BASICOS         
27503,ELECTRONICA                   ,AUDIO PERSONAL                ,ALAMBRICOS                    
27603,ELECTRONICA                   ,WEARABLES                     ,SMARTWATCH                    
27604,ELECTRONICA                   ,WEARABLES                     ,ANILLOS                       
27605,ELECTRONICA                   ,WEARABLES                     ,MIFI / ROUTER                 
27904,ELECTRONICA                   ,TABLETS                       ,MIFI / ROUTER                 
28214,ELECTRONICA                   ,COLECCIONES                   ,SET DE ACCESORIOS             
28215,ELECTRONICA                   ,COLECCIONES                   ,CORREAS                       
28216,ELECTRONICA                   ,COLECCIONES                   ,ORGANIZADOR DE CABLES         
28218,ELECTRONICA                   ,COLECCIONES                   ,POWERBANKS                    
29562,ELECTRONICA                   ,PROTECCION                    ,VARIOS                        
29563,ELECTRONICA                   ,PROTECCION                    ,ARO DE LUZ COPPEL.COM         
29577,ELECTRONICA                   ,PROTECCION                    ,APPLE AIRTAG Y ACCESORIOS     
29578,ELECTRONICA                   ,PROTECCION                    ,ESTABILIZADORES               
29579,ELECTRONICA                   ,PROTECCION                    ,SOPORTES DE BICICLETA         
30306,MUEBLE SUELTO                 ,COLCHON CUNA                  ,CAMA CUNA                     
30310,MUEBLE SUELTO                 ,COLCHON CUNA                  ,CUNA VIAJERA                  
31305,MUEBLE SUELTO                 ,MUEBLE DE OFICINA         BAJA,ESCRITORIO                BAJA
31310,MUEBLE SUELTO                 ,MUEBLE DE OFICINA         BAJA,LIBRERO                   BAJA
31315,MUEBLE SUELTO                 ,MUEBLE DE OFICINA         BAJA,SILLA OFICINA             BAJA
31320,MUEBLE SUELTO                 ,MUEBLE DE OFICINA         BAJA,BANCO DE OFICINA          BAJA
33210,MUEBLE SUELTO                 ,MUEBLES DE OFICINA            ,ESCRITORIO MADERA             
33216,MUEBLE SUELTO                 ,MUEBLES DE OFICINA            ,PORTA CD                      
35403,MUEBLE SUELTO                 ,MUEBLES SALA ARMADO           ,BAUL/TABURETES ARMADO 1       
35601,MUEBLE SUELTO                 ,MUEBLES DE OFICINA ARMADO     ,ESCRITORIOS ARMADO            
35602,MUEBLE SUELTO                 ,MUEBLES DE OFICINA ARMADO     ,LIBREROS ARMADO               
35603,MUEBLE SUELTO                 ,MUEBLES DE OFICINA ARMADO     ,SILLAS DE OFICINA ARMADO      
35801,MUEBLE SUELTO                 ,MUEBLES DE JARDIN ARMADO      ,BISTRO ARMADO                 
37901,MUEBLE SUELTO                 ,ACS CUNAS                 BAJA,ACCESORIOS P/CUNAS        BAJA
37902,MUEBLE SUELTO                 ,ACS CUNAS                 BAJA,FUTONES                   BAJA
40104,"SALAS, RECAMARAS, COMEDORES   ",SALAS                         ,SILLON CLASICO                
44930,"SALAS, RECAMARAS, COMEDORES   ",PROYECTO ILUMINACION          ,LAMPARA DE PLAFONES           
44940,"SALAS, RECAMARAS, COMEDORES   ",PROYECTO ILUMINACION          ,LAMPARA EXTERIOR              
44945,"SALAS, RECAMARAS, COMEDORES   ",PROYECTO ILUMINACION          ,CANDIL CLASICO                
44946,"SALAS, RECAMARAS, COMEDORES   ",PROYECTO ILUMINACION          ,CANDIL CONTEMPORANEO          
45056,"SALAS, RECAMARAS, COMEDORES   ",ILUMINACION                   ,ILUMINACION MARKETPLACE       
46305,"SALAS, RECAMARAS, COMEDORES   ",MUEBLES PARA TV               ,CENTRO DE ENTRET CONTEMPO     
48301,"SALAS, RECAMARAS, COMEDORES   ",MQ COSER                      ,COSTURA RECTA                 
48310,"SALAS, RECAMARAS, COMEDORES   ",MQ COSER                      ,"FACILITA ZURCE,BORDA,PEGA BOT "
48315,"SALAS, RECAMARAS, COMEDORES   ",MQ COSER                      ,MECANICAS                     
48320,"SALAS, RECAMARAS, COMEDORES   ",MQ COSER                      ,MQUINAS DE COSER ESPECIALIZAD 
48325,"SALAS, RECAMARAS, COMEDORES   ",MQ COSER                      ,ACCESORIOS DE MQUINAS DE COSE 
49001,"SALAS, RECAMARAS, COMEDORES   ",DECORACION                    ,CUADRO RECAMARA CLASICO       
49002,"SALAS, RECAMARAS, COMEDORES   ",DECORACION                    ,CUADRO SALA                   
49003,"SALAS, RECAMARAS, COMEDORES   ",DECORACION                    ,CUADRO COMEDOR                
49004,"SALAS, RECAMARAS, COMEDORES   ",DECORACION                    ,FLOREROS                      
49005,"SALAS, RECAMARAS, COMEDORES   ",DECORACION                    ,EDREDONES Y COJINES           
49006,"SALAS, RECAMARAS, COMEDORES   ",DECORACION                    ,PORTARETRATOS Y PORTAVELAS    
49007,"SALAS, RECAMARAS, COMEDORES   ",DECORACION                    ,ESPIJAS                       
49008,"SALAS, RECAMARAS, COMEDORES   ",DECORACION                    ,ART. PEWTER                   
49009,"SALAS, RECAMARAS, COMEDORES   ",DECORACION                    ,REPISAS                       
49010,"SALAS, RECAMARAS, COMEDORES   ",DECORACION                    ,ARTICULOS NAVIDEÑOS           
49011,"SALAS, RECAMARAS, COMEDORES   ",DECORACION                    ,CUADROS RECAMARA MODERNO      
49012,"SALAS, RECAMARAS, COMEDORES   ",DECORACION                    ,CUADROS RECAMARA RUSTICO      
49015,"SALAS, RECAMARAS, COMEDORES   ",DECORACION                    ,CUADROS RECAMARA INFANTIL NIÑO
49020,"SALAS, RECAMARAS, COMEDORES   ",DECORACION                    ,CUADROS RECAMARA INFANTIL NIÑA
49025,"SALAS, RECAMARAS, COMEDORES   ",DECORACION                    ,CUADROS RECAMARA BABY         
49030,"SALAS, RECAMARAS, COMEDORES   ",DECORACION                    ,CUADROS COMEDOR CLASICO       
49035,"SALAS, RECAMARAS, COMEDORES   ",DECORACION                    ,CUADROS COMEDOR MODERNO       
49040,"SALAS, RECAMARAS, COMEDORES   ",DECORACION                    ,CUADROS COMEDOR RUSTICO       
49045,"SALAS, RECAMARAS, COMEDORES   ",DECORACION                    ,CUADROS SALA CLASICO          
49050,"SALAS, RECAMARAS, COMEDORES   ",DECORACION                    ,CUADROS SALA MODERNO          
49055,"SALAS, RECAMARAS, COMEDORES   ",DECORACION                    ,CUADROS SALA RUSTICO          
49060,"SALAS, RECAMARAS, COMEDORES   ",DECORACION                    ,ESPEJOS SALA MODERNO          
49065,"SALAS, RECAMARAS, COMEDORES   ",DECORACION                    ,ESPEJOS SALA CLASICO          
49070,"SALAS, RECAMARAS, COMEDORES   ",DECORACION                    ,ESPEJOS SALA RUSTICO          
49075,"SALAS, RECAMARAS, COMEDORES   ",DECORACION                    ,ESPEJO RECAMARA               
49080,"SALAS, RECAMARAS, COMEDORES   ",DECORACION                    ,ESPEJOS MODULABLES            
49081,"SALAS, RECAMARAS, COMEDORES   ",DECORACION                    ,DECORACION MARKETPLACE        
49801,"SALAS, RECAMARAS, COMEDORES   ","COMPLEM.VARIOS DE REC,SALA,COM",TAPETES                       
49802,"SALAS, RECAMARAS, COMEDORES   ","COMPLEM.VARIOS DE REC,SALA,COM",COLCHAS                       
49803,"SALAS, RECAMARAS, COMEDORES   ","COMPLEM.VARIOS DE REC,SALA,COM",TELAS                         
49804,"SALAS, RECAMARAS, COMEDORES   ","COMPLEM.VARIOS DE REC,SALA,COM",SABANAS LISAS                 
49805,"SALAS, RECAMARAS, COMEDORES   ","COMPLEM.VARIOS DE REC,SALA,COM",COJINES COORDINADOS           
50107,BICICLETAS/BEBES/AUTOMOTRIZ   ,BEBES                         ,CORRAL                        
50135,BICICLETAS/BEBES/AUTOMOTRIZ   ,BEBES                         ,ACCESORIOS O COMPLEMENTOS     
50136,BICICLETAS/BEBES/AUTOMOTRIZ   ,BEBES                         ,MASCOTAS                      
50140,BICICLETAS/BEBES/AUTOMOTRIZ   ,BEBES                         ,MATTEL EXCLUSIVOS .COM        
50152,BICICLETAS/BEBES/AUTOMOTRIZ   ,BEBES                         ,EJERCITADORES EXCLUSIVOS .COM 
50156,BICICLETAS/BEBES/AUTOMOTRIZ   ,BEBES                         ,ANDADERA COMERCIALIZADORA     
50157,BICICLETAS/BEBES/AUTOMOTRIZ   ,BEBES                         ,CARRIOLA BASTON COMERCIALIZADO
50158,BICICLETAS/BEBES/AUTOMOTRIZ   ,BEBES                         ,CARRIOLA NORMAL COMERCIALIZADO
50159,BICICLETAS/BEBES/AUTOMOTRIZ   ,BEBES                         ,SISTEMA DE VIAJE COMERCIALIZAD
50160,BICICLETAS/BEBES/AUTOMOTRIZ   ,BEBES                         ,CORRAL COMERCIALIZADORA       
50161,BICICLETAS/BEBES/AUTOMOTRIZ   ,BEBES                         ,CUNA VIAJERA COMERCIALIZADORA 
50162,BICICLETAS/BEBES/AUTOMOTRIZ   ,BEBES                         ,VARIOS BEBE COMERCIALIZADORA  
50163,BICICLETAS/BEBES/AUTOMOTRIZ   ,BEBES                         ,SILLA BOOSTER COMERCIALIZADORA
50164,BICICLETAS/BEBES/AUTOMOTRIZ   ,BEBES                         ,SILLA ALTA COMERCIALIZADORA   
50165,BICICLETAS/BEBES/AUTOMOTRIZ   ,BEBES                         ,AUTO ASIENTO SEG COMERCIALIZAD
50166,BICICLETAS/BEBES/AUTOMOTRIZ   ,BEBES                         ,PORTABEBES COMERCIALIZADORA   
50167,BICICLETAS/BEBES/AUTOMOTRIZ   ,BEBES                         ,BOUNCER COMERCIALIZADORA      
50168,BICICLETAS/BEBES/AUTOMOTRIZ   ,BEBES                         ,EJERCITADORES COMERCIALIZADORA
50169,BICICLETAS/BEBES/AUTOMOTRIZ   ,BEBES                         ,GIMNASIO Y TAPETES COMERCIALIZ
50170,BICICLETAS/BEBES/AUTOMOTRIZ   ,BEBES                         ,BAÑERAS COMERCIALIZADORA      
50171,BICICLETAS/BEBES/AUTOMOTRIZ   ,BEBES                         ,COLUMPIO COMERCIALIZADORA     
50172,BICICLETAS/BEBES/AUTOMOTRIZ   ,BEBES                         ,ACCESORIOS O COMPLE. COMERCIAL
50346,BICICLETAS/BEBES/AUTOMOTRIZ   ,JUGUETES                      ,MATTEL EXCLUSIVOS.COM         
50810,BICICLETAS/BEBES/AUTOMOTRIZ   ,ALBERCAS                      ,ALBERCAS                      
50905,BICICLETAS/BEBES/AUTOMOTRIZ   ,CAMPISMO                      ,CASAS DE CAMPAÑA              
50906,BICICLETAS/BEBES/AUTOMOTRIZ   ,CAMPISMO                      ,CASAS DE CAMPAÑA EXCLUSIVAS   
50910,BICICLETAS/BEBES/AUTOMOTRIZ   ,CAMPISMO                      ,SILLAS PLEGABLES              
50911,BICICLETAS/BEBES/AUTOMOTRIZ   ,CAMPISMO                      ,SILLAS PLEGABLES EXCLUSIVAS   
50915,BICICLETAS/BEBES/AUTOMOTRIZ   ,CAMPISMO                      ,TOLDOS                        
50916,BICICLETAS/BEBES/AUTOMOTRIZ   ,CAMPISMO                      ,TOLDOS EXCLUSIVOS.COM         
50920,BICICLETAS/BEBES/AUTOMOTRIZ   ,CAMPISMO                      ,SLEEPING BAG                  
50921,BICICLETAS/BEBES/AUTOMOTRIZ   ,CAMPISMO                      ,SLEEPINGS EXCLUSIVOS.COM      
50925,BICICLETAS/BEBES/AUTOMOTRIZ   ,CAMPISMO                      ,VARIOS CAMPISMO               
50930,BICICLETAS/BEBES/AUTOMOTRIZ   ,CAMPISMO                      ,COLCHONES INFLABLES           
50931,BICICLETAS/BEBES/AUTOMOTRIZ   ,CAMPISMO                      ,COLCHONES INFL EXCLUSIVOS     
50935,BICICLETAS/BEBES/AUTOMOTRIZ   ,CAMPISMO                      ,VARIOS CAMPISMO EXCLUSIVOS    
51010,BICICLETAS/BEBES/AUTOMOTRIZ   ,BICICLETAS INFANTIL Y JUVENIL ,INFANTIL RIN 12 NIÑA          
51015,BICICLETAS/BEBES/AUTOMOTRIZ   ,BICICLETAS INFANTIL Y JUVENIL ,INFANTIL RIN 16 NIÑO          
51016,BICICLETAS/BEBES/AUTOMOTRIZ   ,BICICLETAS INFANTIL Y JUVENIL ,INFANTIL RIN 16 NIÑA          
51025,BICICLETAS/BEBES/AUTOMOTRIZ   ,BICICLETAS INFANTIL Y JUVENIL ,JUVENIL RIN 20 BMX / FREESTYLE
51026,BICICLETAS/BEBES/AUTOMOTRIZ   ,BICICLETAS INFANTIL Y JUVENIL ,JUVENIL RIN 20 NIÑA           
51030,BICICLETAS/BEBES/AUTOMOTRIZ   ,BICICLETAS INFANTIL Y JUVENIL ,JUVENIL RIN 20 C/SUSP NIÑO    
51301,BICICLETAS/BEBES/AUTOMOTRIZ   ,COCCION                       ,EQUIPO DE GAS                 
51720,BICICLETAS/BEBES/AUTOMOTRIZ   ,ACCESORIOS DEPORTIVOS         ,TABLEROS                      
51905,BICICLETAS/BEBES/AUTOMOTRIZ   ,FITNESS                       ,EQUIPOS DE GIMNASIO           
51910,BICICLETAS/BEBES/AUTOMOTRIZ   ,FITNESS                       ,.COM TV FITNESS               
51913,BICICLETAS/BEBES/AUTOMOTRIZ   ,FITNESS                       ,BICICLETAS FITNESS            
51915,BICICLETAS/BEBES/AUTOMOTRIZ   ,FITNESS                       ,CAMINADORAS FITNESS           
51917,BICICLETAS/BEBES/AUTOMOTRIZ   ,FITNESS                       ,ELIPTICAS FITNESS             
52102,BICICLETAS/BEBES/AUTOMOTRIZ   ,COPPEL.COM                    ,JUGUETES                      
52103,BICICLETAS/BEBES/AUTOMOTRIZ   ,COPPEL.COM                    ,FITNESS                       
52105,BICICLETAS/BEBES/AUTOMOTRIZ   ,COPPEL.COM                    ,CAMPISMO                      
52106,BICICLETAS/BEBES/AUTOMOTRIZ   ,COPPEL.COM                    ,SALUD Y BIENESTAR             
52408,BICICLETAS/BEBES/AUTOMOTRIZ   ,PREPARADOR DE ALIMENTOS       ,EQUIPAMIENTO REFRIGERACION IND
52906,BICICLETAS/BEBES/AUTOMOTRIZ   ,ACCESORIOS AUTOMOTRIZ         ,REPARACION EQUIPO ELECTRICO   
53210,BICICLETAS/BEBES/AUTOMOTRIZ   ,HERRAMIENTAS ELECTRICAS       ,TALADRO ALAMBRICO             
53245,BICICLETAS/BEBES/AUTOMOTRIZ   ,HERRAMIENTAS ELECTRICAS       ,EXTENSIONES ELECTRICAS        
53340,BICICLETAS/BEBES/AUTOMOTRIZ   ,HERRAMIENTAS MANUALES         ,VARIOS HERRAM MANUALES        
53601,BICICLETAS/BEBES/AUTOMOTRIZ   ,EQUIPO PARA TALLER            ,MAQUINARIA PARA TALLER        
53801,BICICLETAS/BEBES/AUTOMOTRIZ   ,MONTABLES                     ,CORREPASILLOS Y BALANCE BIKE  
53805,BICICLETAS/BEBES/AUTOMOTRIZ   ,MONTABLES                     ,CORREPASILLOS Y BK EXCL .COM  
53807,BICICLETAS/BEBES/AUTOMOTRIZ   ,MONTABLES                     ,MONT ELECT EXCLUSIVOS .COM    
53808,BICICLETAS/BEBES/AUTOMOTRIZ   ,MONTABLES                     ,ELECT PEQUEÑOS EXCLUSIVOS.COM 
53901,BICICLETAS/BEBES/AUTOMOTRIZ   ,RODADOS                       ,SCOOTER INFANTIL NIÑA         
53902,BICICLETAS/BEBES/AUTOMOTRIZ   ,RODADOS                       ,SCOOTER INFANTIL NIÑO         
53903,BICICLETAS/BEBES/AUTOMOTRIZ   ,RODADOS                       ,SCOOTER JUVENIL               
53904,BICICLETAS/BEBES/AUTOMOTRIZ   ,RODADOS                       ,TRICICLO INFANTIL NIÑA        
53905,BICICLETAS/BEBES/AUTOMOTRIZ   ,RODADOS                       ,TRICICLO INFANTIL NIÑO        
53906,BICICLETAS/BEBES/AUTOMOTRIZ   ,RODADOS                       ,TRICICLO ETAPAS               
53907,BICICLETAS/BEBES/AUTOMOTRIZ   ,RODADOS                       ,PATINES JUVENILES             
53908,BICICLETAS/BEBES/AUTOMOTRIZ   ,RODADOS                       ,PATINES INFANTILES            
53909,BICICLETAS/BEBES/AUTOMOTRIZ   ,RODADOS                       ,PATINES PREESCOLAR            
53910,BICICLETAS/BEBES/AUTOMOTRIZ   ,RODADOS                       ,PATINETAS                     
53911,BICICLETAS/BEBES/AUTOMOTRIZ   ,RODADOS                       ,SCOOT INF NIÑA EXCLUSIVOS .COM
53912,BICICLETAS/BEBES/AUTOMOTRIZ   ,RODADOS                       ,SCOOT INF NIÑO EXCLUSIVOS .COM
53913,BICICLETAS/BEBES/AUTOMOTRIZ   ,RODADOS                       ,SCOOTER JUV.  EXCLUSIVOS .COM 
53914,BICICLETAS/BEBES/AUTOMOTRIZ   ,RODADOS                       ,TRIC. INF NIÑA EXCLUSIVOS .COM
53915,BICICLETAS/BEBES/AUTOMOTRIZ   ,RODADOS                       ,TRIC. INF NIÑO EXCLUSIVOS .COM
53916,BICICLETAS/BEBES/AUTOMOTRIZ   ,RODADOS                       ,TRIC. ETAPAS EXCLUSIVOS .COM  
53917,BICICLETAS/BEBES/AUTOMOTRIZ   ,RODADOS                       ,PATINES JUV. EXCLUSIVOS .COM  
53918,BICICLETAS/BEBES/AUTOMOTRIZ   ,RODADOS                       ,PATINES INF. EXCLUSIVOS .COM  
53919,BICICLETAS/BEBES/AUTOMOTRIZ   ,RODADOS                       ,PATINES PRE. EXCLUSIVOS .COM  
53920,BICICLETAS/BEBES/AUTOMOTRIZ   ,RODADOS                       ,PATINETAS EXCLUSIVOS .COM     
54401,BICICLETAS/BEBES/AUTOMOTRIZ   ,DIDACTICOS                    ,PELUCHES                      
54402,BICICLETAS/BEBES/AUTOMOTRIZ   ,DIDACTICOS                    ,JUEGOS                        
54403,BICICLETAS/BEBES/AUTOMOTRIZ   ,DIDACTICOS                    ,EDUCATIVOS                    
54404,BICICLETAS/BEBES/AUTOMOTRIZ   ,DIDACTICOS                    ,JUGUETES VARIOS               
54405,BICICLETAS/BEBES/AUTOMOTRIZ   ,DIDACTICOS                    ,ACTIVIDADES                   
54406,BICICLETAS/BEBES/AUTOMOTRIZ   ,DIDACTICOS                    ,PELUCHES EXCLUSIVOS .COM      
54415,BICICLETAS/BEBES/AUTOMOTRIZ   ,DIDACTICOS                    ,JUEGOS EXCLUSIVOS .COM        
54417,BICICLETAS/BEBES/AUTOMOTRIZ   ,DIDACTICOS                    ,EDUCATIVOS EXCLUSIVOS .COM    
54452,BICICLETAS/BEBES/AUTOMOTRIZ   ,DIDACTICOS                    ,JUG. VARIOS EXCLUSIVOS .COM   
54454,BICICLETAS/BEBES/AUTOMOTRIZ   ,DIDACTICOS                    ,ACTIVIDADES EXCLUSIVOS .COM   
54601,BICICLETAS/BEBES/AUTOMOTRIZ   ,ROLE PLAY                     ,MUÑECAS                       
54602,BICICLETAS/BEBES/AUTOMOTRIZ   ,ROLE PLAY                     ,COCINAS MERCADO VANITY        
54603,BICICLETAS/BEBES/AUTOMOTRIZ   ,ROLE PLAY                     ,CASITAS                       
54604,BICICLETAS/BEBES/AUTOMOTRIZ   ,ROLE PLAY                     ,MATTEL PDV                    
54605,BICICLETAS/BEBES/AUTOMOTRIZ   ,ROLE PLAY                     ,MUÑECAS EXCLUSIVOS .COM       
54606,BICICLETAS/BEBES/AUTOMOTRIZ   ,ROLE PLAY                     ,COCINA MERCA VANITY EXCLU .COM
54618,BICICLETAS/BEBES/AUTOMOTRIZ   ,ROLE PLAY                     ,CASITAS EXCLUSIVOS .COM       
54684,BICICLETAS/BEBES/AUTOMOTRIZ   ,ROLE PLAY                     ,MATTEL EXCLUSIVOS.COM         
54701,BICICLETAS/BEBES/AUTOMOTRIZ   ,EXTERIOR                      ,TRAMPOLINES                   
54702,BICICLETAS/BEBES/AUTOMOTRIZ   ,EXTERIOR                      ,JUGUETES OUTDOOR              
54703,BICICLETAS/BEBES/AUTOMOTRIZ   ,EXTERIOR                      ,VERANO                        
54704,BICICLETAS/BEBES/AUTOMOTRIZ   ,EXTERIOR                      ,TRAMPOLINES EXCLUSIVOS .COM   
54753,BICICLETAS/BEBES/AUTOMOTRIZ   ,EXTERIOR                      ,JUG. OUTDOOR EXCLUSIVOS .COM  
54754,BICICLETAS/BEBES/AUTOMOTRIZ   ,EXTERIOR                      ,VERANO EXCLUSIVOS .COM        
54797,BICICLETAS/BEBES/AUTOMOTRIZ   ,EXTERIOR                      ,VERANO EXCLUSIVOS.COM         
54801,BICICLETAS/BEBES/AUTOMOTRIZ   ,VEHICULOS                     ,VEHICULO R/C  ESCALA          
54802,BICICLETAS/BEBES/AUTOMOTRIZ   ,VEHICULOS                     ,DRONES R/C                    
54803,BICICLETAS/BEBES/AUTOMOTRIZ   ,VEHICULOS                     ,AUTOPISTAS                    
54804,BICICLETAS/BEBES/AUTOMOTRIZ   ,VEHICULOS                     ,VEHIC. R/C EXCLUSIVOS .COM    
54805,BICICLETAS/BEBES/AUTOMOTRIZ   ,VEHICULOS                     ,DRONES EXCLUSIVOS .COM        
54806,BICICLETAS/BEBES/AUTOMOTRIZ   ,VEHICULOS                     ,AUTOPISTAS EXCLUSIVOS .COM    
54901,BICICLETAS/BEBES/AUTOMOTRIZ   ,ACTIVIDADES                   ,ANDADERA                      
54902,BICICLETAS/BEBES/AUTOMOTRIZ   ,ACTIVIDADES                   ,CUNA VIAJERA                  
54903,BICICLETAS/BEBES/AUTOMOTRIZ   ,ACTIVIDADES                   ,VARIOS BEBE                   
54904,BICICLETAS/BEBES/AUTOMOTRIZ   ,ACTIVIDADES                   ,BAÑERAS                       
54905,BICICLETAS/BEBES/AUTOMOTRIZ   ,ACTIVIDADES                   ,ANDADERAS EXCLUSIVOS .COM     
54906,BICICLETAS/BEBES/AUTOMOTRIZ   ,ACTIVIDADES                   ,CUNA VIAJERA EXCLUSIVOS .COM  
54907,BICICLETAS/BEBES/AUTOMOTRIZ   ,ACTIVIDADES                   ,VARIOS BEBES EXCLUSIVOS .COM  
54908,BICICLETAS/BEBES/AUTOMOTRIZ   ,ACTIVIDADES                   ,BAÑERAS EXCLUSIVOS .COM       
55101,BICICLETAS/BEBES/AUTOMOTRIZ   ,CARRIOLAS                     ,CARRIOLA BASTON               
55102,BICICLETAS/BEBES/AUTOMOTRIZ   ,CARRIOLAS                     ,CARRIOLA NORMAL               
55103,BICICLETAS/BEBES/AUTOMOTRIZ   ,CARRIOLAS                     ,SISTEMA DE VIAJE              
55104,BICICLETAS/BEBES/AUTOMOTRIZ   ,CARRIOLAS                     ,CARRIOLA BAST EXCLUSIVOS .COM 
55105,BICICLETAS/BEBES/AUTOMOTRIZ   ,CARRIOLAS                     ,CARRIOLA NORM EXCLUSIVOS .COM 
55106,BICICLETAS/BEBES/AUTOMOTRIZ   ,CARRIOLAS                     ,SISTEMA VIAJE EXCLUSIVOS .COM 
55201,BICICLETAS/BEBES/AUTOMOTRIZ   ,SILLAS                        ,SILLA ALTA                    
55202,BICICLETAS/BEBES/AUTOMOTRIZ   ,SILLAS                        ,AUTO ASIENTO SEGURIDAD        
55203,BICICLETAS/BEBES/AUTOMOTRIZ   ,SILLAS                        ,PORTABEBES                    
55204,BICICLETAS/BEBES/AUTOMOTRIZ   ,SILLAS                        ,SILLA ALTA EXCLUSIVOS .COM    
55205,BICICLETAS/BEBES/AUTOMOTRIZ   ,SILLAS                        ,AUTOASIENTO EXCLUSIVOS .COM   
55206,BICICLETAS/BEBES/AUTOMOTRIZ   ,SILLAS                        ,PORTABEBES EXCLUSIVOS .COM    
55301,BICICLETAS/BEBES/AUTOMOTRIZ   ,ESTIMULACION                  ,BOUNCER                       
55302,BICICLETAS/BEBES/AUTOMOTRIZ   ,ESTIMULACION                  ,GIMNASIO Y TAPETES            
55303,BICICLETAS/BEBES/AUTOMOTRIZ   ,ESTIMULACION                  ,COLUMPIO                      
55304,BICICLETAS/BEBES/AUTOMOTRIZ   ,ESTIMULACION                  ,BOUNCER EXCLUSIVOS .COM       
55305,BICICLETAS/BEBES/AUTOMOTRIZ   ,ESTIMULACION                  ,GIMNASIO TAPETE EXCLUSIVOS.COM
55306,BICICLETAS/BEBES/AUTOMOTRIZ   ,ESTIMULACION                  ,COLUMPIO EXCLUSIVOS .COM      
55307,BICICLETAS/BEBES/AUTOMOTRIZ   ,ESTIMULACION                  ,MATTEL EXCLUSIVOS .COM        
55401,BICICLETAS/BEBES/AUTOMOTRIZ   ,USO MEDICO                    ,MOBILIARIO MEDICO             
55402,BICICLETAS/BEBES/AUTOMOTRIZ   ,USO MEDICO                    ,VARIOS                        
55501,BICICLETAS/BEBES/AUTOMOTRIZ   ,LIMPIEZA DE PISO              ,BARREDORA PROFESIONAL         
55502,BICICLETAS/BEBES/AUTOMOTRIZ   ,LIMPIEZA DE PISO              ,FREGADORA DE PISO             
55701,BICICLETAS/BEBES/AUTOMOTRIZ   ,VARIOS CONSTRUCCION           ,VARIOS                        
55901,BICICLETAS/BEBES/AUTOMOTRIZ   ,VARIOS ORGANIZACION Y EXHIBICI,VARIOS                        
56006,BICICLETAS/BEBES/AUTOMOTRIZ   ,BAÑOS                         ,PAQUETES PARA BAÑO            
56204,BICICLETAS/BEBES/AUTOMOTRIZ   ,MATERIAL ELECTRICO            ,ACCESORIOS ELECTRICOS         
56402,BICICLETAS/BEBES/AUTOMOTRIZ   ,PLOMERIA                      ,TINACOS VARIOS                
56601,BICICLETAS/BEBES/AUTOMOTRIZ   ,COCINA MEJORAMIENTO DEL HOGAR ,TARJAS DE COCINA              
56602,BICICLETAS/BEBES/AUTOMOTRIZ   ,COCINA MEJORAMIENTO DEL HOGAR ,GRIFERIA MDH                  
56702,BICICLETAS/BEBES/AUTOMOTRIZ   ,PUERTAS                       ,PUERTAS DE SEGURIDAD          
56801,BICICLETAS/BEBES/AUTOMOTRIZ   ,VARIOS GRAFICA E IMPRESION    ,VARIOS                        
56901,BICICLETAS/BEBES/AUTOMOTRIZ   ,VARIOS PUBLICIDAD Y PROMOCION ,VARIOS                        
57001,BICICLETAS/BEBES/AUTOMOTRIZ   ,CONGELADORES                  ,CONGELADOR Y REFRIGERADOR     
57101,BICICLETAS/BEBES/AUTOMOTRIZ   ,VARIOS EMBALAJE Y LOGISTICA   ,VARIOS                        
57201,BICICLETAS/BEBES/AUTOMOTRIZ   ,VARIOS                        ,VARIOS                        
57502,BICICLETAS/BEBES/AUTOMOTRIZ   ,REFACCIONES                   ,CAMARAS                       
57505,BICICLETAS/BEBES/AUTOMOTRIZ   ,REFACCIONES                   ,FRENO DE DISCO MOTO           
57513,BICICLETAS/BEBES/AUTOMOTRIZ   ,REFACCIONES                   ,ENGRANAJES MOTOS              
63075,LINEA BLANCA                  ,VENTILADORES                  ,CIRCULADORES DE AIRE          
63530,LINEA BLANCA                  ,CALENTADORES DE AGUA          ,ALTA RECUPERACION NAT         
64101,LINEA BLANCA                  ,GARANTIA EXTENDIDA            ,INSTALACION LAVADORAS         
64102,LINEA BLANCA                  ,GARANTIA EXTENDIDA            ,INSTALACION SECADORA          
64103,LINEA BLANCA                  ,GARANTIA EXTENDIDA            ,INSTALACION LAVASECADORA      
64104,LINEA BLANCA                  ,GARANTIA EXTENDIDA            ,INSTALACION CENTRO DE LAVADO  
64105,LINEA BLANCA                  ,GARANTIA EXTENDIDA            ,INSTALACION CAMPANAS          
64124,LINEA BLANCA                  ,GARANTIA EXTENDIDA            ,INSTALACION DE COCINAS        
64125,LINEA BLANCA                  ,GARANTIA EXTENDIDA            ,GEX 12 MESES COPPEL           
64126,LINEA BLANCA                  ,GARANTIA EXTENDIDA            ,GEX 24 MESES COPPEL           
64133,LINEA BLANCA                  ,GARANTIA EXTENDIDA            ,GEX MOTOS 12M COPPEL          
64134,LINEA BLANCA                  ,GARANTIA EXTENDIDA            ,GEX MUEBLES 12 M COPPEL       
64135,LINEA BLANCA                  ,GARANTIA EXTENDIDA            ,GEX MUEBLES 24 M COPPEL       
64136,LINEA BLANCA                  ,GARANTIA EXTENDIDA            ,GEX MUEBLES 36M COPPEL        
64137,LINEA BLANCA                  ,GARANTIA EXTENDIDA            ,GEX 36 M COPPEL               
64138,LINEA BLANCA                  ,GARANTIA EXTENDIDA            ,GEX ELECTRODOMESTICOS 36M COPP
64139,LINEA BLANCA                  ,GARANTIA EXTENDIDA            ,GARANTIA EXTENDIDA COLCHONES  
64140,LINEA BLANCA                  ,GARANTIA EXTENDIDA            ,GARANTIA EXTENDIDA BEBES      
64141,LINEA BLANCA                  ,GARANTIA EXTENDIDA            ,GARANTIA EXTENDIDA BICICLETAS 
64143,LINEA BLANCA                  ,GARANTIA EXTENDIDA            ,GARANTIA EXTENDIDA EQUIPAJE   
64301,LINEA BLANCA                  ,INSTALACION A DOMICILIO       ,INSTALACION LAVADORAS         
64302,LINEA BLANCA                  ,INSTALACION A DOMICILIO       ,INSTALACION SECADORA          
64303,LINEA BLANCA                  ,INSTALACION A DOMICILIO       ,INSTALACION LAVASECADORA      
64304,LINEA BLANCA                  ,INSTALACION A DOMICILIO       ,INSTALACION CENTRO DE LAVADO  
64305,LINEA BLANCA                  ,INSTALACION A DOMICILIO       ,INSTALACION CAMPANAS          
64306,LINEA BLANCA                  ,INSTALACION A DOMICILIO       ,INSTALACION ESTUFAS GAS       
64307,LINEA BLANCA                  ,INSTALACION A DOMICILIO       ,INSTALACION ESTUFA ELECTRICA  
64308,LINEA BLANCA                  ,INSTALACION A DOMICILIO       ,INSTALACION REFRIGERADOR      
64309,LINEA BLANCA                  ,INSTALACION A DOMICILIO       ,INST CALENTADOR DE AGUA ELECTR
64310,LINEA BLANCA                  ,INSTALACION A DOMICILIO       ,INST CALENTADOR DE AGUA GAS   
64311,LINEA BLANCA                  ,INSTALACION A DOMICILIO       ,INSTALACION MINISPLIT 1T      
64312,LINEA BLANCA                  ,INSTALACION A DOMICILIO       ,INSTALACION AA VENTANA        
64313,LINEA BLANCA                  ,INSTALACION A DOMICILIO       ,INSTALACION DE COOLER         
64314,LINEA BLANCA                  ,INSTALACION A DOMICILIO       ,INSTALACION VENTILADOR TECHO  
64315,LINEA BLANCA                  ,INSTALACION A DOMICILIO       ,INSTALACION SOPORTE TV        
64316,LINEA BLANCA                  ,INSTALACION A DOMICILIO       ,INSTALACION COCINAS           
64402,LINEA BLANCA                  ,ENTREGA A DOMICILIO           ,ENTREGA A DOMICILIO CON COSTO 
64601,LINEA BLANCA                  ,MANTENIMIENTO                 ,MANTENIMIENTO BASICO MINISPLIT
65015,LINEA BLANCA                  ,MICROONDAS                    ,.8 A 1.1 PIES                 
65025,LINEA BLANCA                  ,MICROONDAS                    ,1.5 PIES Y MAYORES            
65030,LINEA BLANCA                  ,MICROONDAS                    ,MICROONDAS.COM                
65101,LINEA BLANCA                  ,PRUEBAS SERVICIOS             ,MONTAJE DE LLANTAS            
65102,LINEA BLANCA                  ,PRUEBAS SERVICIOS             ,PROTECCION INTEGRAL OPTICA    
65615,LINEA BLANCA                  ,PARRILLAS                     ,PARRILLAS DE GAS .COM         
66510,LINEA BLANCA                  ,REFRIGERADORES                ,FRIGOBAR                      
66566,LINEA BLANCA                  ,REFRIGERADORES                ,SEMIAUTOMATICOS.COM           
67052,LINEA BLANCA                  ,LAVADORAS                     ,TINA REDONDA.COM              
67510,LINEA BLANCA                  ,ENFRIADORES                   ,ENFRIADORES DE PISO           
67515,LINEA BLANCA                  ,ENFRIADORES                   ,ENFRIADORES DE MESA           
67535,LINEA BLANCA                  ,ENFRIADORES                   ,ENFRIADORES ESPECIALES        
68625,LINEA BLANCA                  ,CONGELADORES                  ,11 PIES                       
75101,RELOJERIA                     ,TERMOMETRO                    ,TERMOMETRO INFRAROJO          
75102,RELOJERIA                     ,TERMOMETRO                    ,TERMOMETRO DIGITAL            
75103,RELOJERIA                     ,TERMOMETRO                    ,TERMOMETRO MARKETPLACE        
75303,RELOJERIA                     ,GLUCOMETRO                    ,LANCETAS                      
75304,RELOJERIA                     ,GLUCOMETRO                    ,KIT DE GLUCOMETRO Y CONSUMIBLE
75402,RELOJERIA                     ,RESPIRATORIO                  ,CONSUMIBLES PARA NEBULIZADOR  
75501,RELOJERIA                     ,INSPIROMETRO                  ,INSPIROMETRO                  
75802,RELOJERIA                     ,MULETAS                       ,MULETA UN APOYO               
75902,RELOJERIA                     ,BASTONES                      ,BASTON DE CUATRO APOYOS       
75903,RELOJERIA                     ,BASTONES                      ,BASTON CON ASIENTO            
76001,RELOJERIA                     ,SILLAS DE RUEDAS              ,SILLA DE RUEDAS BASICA        
76201,RELOJERIA                     ,AUXILIARES PARA EL BAÑO       ,SILLA DE REGADERA             
76202,RELOJERIA                     ,AUXILIARES PARA EL BAÑO       ,BANCO DE REGADERA             
76203,RELOJERIA                     ,AUXILIARES PARA EL BAÑO       ,SILLA COMODO                  
76204,RELOJERIA                     ,AUXILIARES PARA EL BAÑO       ,INCREMENTO PARA BAÑO          
76205,RELOJERIA                     ,AUXILIARES PARA EL BAÑO       ,APOYO PARA BAÑO               
76302,RELOJERIA                     ,DESCANSO DEL PACIENTE         ,COJINES ANTIESCARAS           
76303,RELOJERIA                     ,DESCANSO DEL PACIENTE         ,ALMOHADAS Y ALMOHADILLAS      
76404,RELOJERIA                     ,REHABILITACION                ,CAMA DE HOSPITAL              
76405,RELOJERIA                     ,REHABILITACION                ,ESTABILIZADOR DE PULGAR       
76406,RELOJERIA                     ,REHABILITACION                ,MUÑEQUERA                     
76407,RELOJERIA                     ,REHABILITACION                ,RODILLERA                     
76408,RELOJERIA                     ,REHABILITACION                ,BOTA INMOVILIZADORA           
76409,RELOJERIA                     ,REHABILITACION                ,COJIN LUMBAR                  
76410,RELOJERIA                     ,REHABILITACION                ,CODERA                        
76411,RELOJERIA                     ,REHABILITACION                ,VENDA MULTIUSOS               
76412,RELOJERIA                     ,REHABILITACION                ,CINTA KINESIOLIGICA           
76413,RELOJERIA                     ,REHABILITACION                ,HOMBRERA                      
76415,RELOJERIA                     ,REHABILITACION                ,CUIDADO DE LOS PIES           
76501,RELOJERIA                     ,FISIOTERAPIA                  ,COMPRESA CALOR/FRIO           
76502,RELOJERIA                     ,FISIOTERAPIA                  ,COMPRESA DE REACCION QUIMICA  
76503,RELOJERIA                     ,FISIOTERAPIA                  ,CINTA KINESIOLIGICA           
76504,RELOJERIA                     ,FISIOTERAPIA                  ,COJIN TERMICO                 
76505,RELOJERIA                     ,FISIOTERAPIA                  ,FISIOTERAPIA MARKETPLACE      
76601,RELOJERIA                     ,ACCESORIOS                    ,PASTILLERO                    
76602,RELOJERIA                     ,ACCESORIOS                    ,VENDAS Y VENDAJES             
76701,RELOJERIA                     ,COMPRESION                    ,PIERNAS/PIES                  
76702,RELOJERIA                     ,COMPRESION                    ,MANOS / BRAZOS                
77002,RELOJERIA                     ,DEPORTIVOS                    ,CREATINAS                     
77004,RELOJERIA                     ,DEPORTIVOS                    ,VEGANA                        
77101,RELOJERIA                     ,DESEMPEÑO                     ,BCAAS                         
77102,RELOJERIA                     ,DESEMPEÑO                     ,GLUTAMINA                     
77103,RELOJERIA                     ,DESEMPEÑO                     ,CREATINA                      
77202,RELOJERIA                     ,CUIDADO PERSONAL              ,AUXILIARES DEL SUEÑO          
77203,RELOJERIA                     ,CUIDADO PERSONAL              ,SUPLEMENTOS                   
77301,RELOJERIA                     ,BALANCE                       ,L-CARNITINA                   
77302,RELOJERIA                     ,BALANCE                       ,CLA                           
77303,RELOJERIA                     ,BALANCE                       ,SUPLEMENTO                    
77304,RELOJERIA                     ,BALANCE                       ,VINAGRE DE MANZANA            
77305,RELOJERIA                     ,BALANCE                       ,PROBIOTICOS                   
77306,RELOJERIA                     ,BALANCE                       ,CURCUMA Y JENGIBRE            
77403,RELOJERIA                     ,VITAMINAS                     ,MINERALES                     
77404,RELOJERIA                     ,VITAMINAS                     ,OMEGA                         
86893,JOYERIA                       ,TEJIDOS                       ,SUJETA LENTES EXCLUSIVOS.COM  
87091,JOYERIA                       ,ACCESORIOS DE JOYERIA         ,LLAVEROS FINOS EXCLUSIVOS.COM 
90101,OPTICA                        ,ARM DAMA                      ,ARO COMPLETO                  
96501,OPTICA                        ,POLI CAMBIABLE                ,MONOFOCAL                     
99001,OPTICA                        ,ACCESORIOS DE OPTICA          ,ESTUCHES                      
99002,OPTICA                        ,ACCESORIOS DE OPTICA          ,SOLUCIONES                    
99003,OPTICA                        ,ACCESORIOS DE OPTICA          ,TOALLAS DE LIMPIEZA           
99005,OPTICA                        ,ACCESORIOS DE OPTICA          ,HERRAMIENTAS                  
99006,OPTICA                        ,ACCESORIOS DE OPTICA          ,ACCESORIOS MARKETPLACE        
99101,OPTICA                        ,ARMAZON OFTALMICO ARO COMPLETO,ARM OFT COMPLETO DAMA         
99102,OPTICA                        ,ARMAZON OFTALMICO ARO COMPLETO,ARM OFT COMPLETO CABALLERO    
99103,OPTICA                        ,ARMAZON OFTALMICO ARO COMPLETO,ARM OFT COMPLETO UNISEX       
99104,OPTICA                        ,ARMAZON OFTALMICO ARO COMPLETO,ARM OFT COMPLETO NIÑOS        
99501,OPTICA                        ,LENTE SOLAR                   ,LENTE SOLAR DAMA              
99502,OPTICA                        ,LENTE SOLAR                   ,LENTE SOLAR CABALLERO         
99503,OPTICA                        ,LENTE SOLAR                   ,LENTE SOLAR UNISEX            
99505,OPTICA                        ,LENTE SOLAR                   ,LENTE ECOMMERCE               
99601,OPTICA                        ,LENTES PREGRADUADOS           ,PREGRADUADOS                  
99602,OPTICA                        ,LENTES PREGRADUADOS           ,APARATOS MEDICOS ELECT Y DIG  
99603,OPTICA                        ,LENTES PREGRADUADOS           ,MOVILIDAD DE ADULTO           
99604,OPTICA                        ,LENTES PREGRADUADOS           ,ORTOPEDIA                     
99605,OPTICA                        ,LENTES PREGRADUADOS           ,ESPECIALES DE ADULTO          
99698,OPTICA                        ,LENTES PREGRADUADOS           ,VIANA LENTES                  
12401,DOMESTICOS                    ,BATIDORAS                     ,BATIDORA MANUAL               
12402,DOMESTICOS                    ,BATIDORAS                     ,PROCESADOR                    
12403,DOMESTICOS                    ,BATIDORAS                     ,PICADORA                      
12901,DOMESTICOS                    ,"TETERAS, HERVIDORES           ",TETERAS                       
12904,DOMESTICOS                    ,"TETERAS, HERVIDORES           ",HERVIDOR ELECTRICO            
13003,DOMESTICOS                    ,PROC. LIQUIDOS                ,EXCLUSIVO COPPEL.COM          
13301,DOMESTICOS                    ,PROC. PAN                     ,SANDWICHERA                   
13303,DOMESTICOS                    ,PROC. PAN                     ,TOSTADOR                      
13305,DOMESTICOS                    ,PROC. PAN                     ,PANINI                        
13306,DOMESTICOS                    ,PROC. PAN                     ,VARIOS                        
13307,DOMESTICOS                    ,PROC. PAN                     ,EXCLUSIVO COPPEL.COM          
13601,DOMESTICOS                    ,PARRILLAS Y OLLAS ELECTRICAS  ,PARRILLA ELECTRICA            
13608,DOMESTICOS                    ,PARRILLAS Y OLLAS ELECTRICAS  ,EXCLUSIVO COPPEL.COM          
14201,DOMESTICOS                    ,BATERIAS DE COCINA            ,BATERIA ACERO VITRIFICADO     
14202,DOMESTICOS                    ,BATERIAS DE COCINA            ,BATERIA DE ACERO PORCELANIZADO
14203,DOMESTICOS                    ,BATERIAS DE COCINA            ,BATERIA DE ALUMINIO           
14204,DOMESTICOS                    ,BATERIAS DE COCINA            ,BATERIA DE ACERO INOXIDABLE   
14301,DOMESTICOS                    ,MESA                          ,CUBIERTOS                     
14304,DOMESTICOS                    ,MESA                          ,ESPECIEROS                    
14307,DOMESTICOS                    ,MESA                          ,VARIOS                        
14308,DOMESTICOS                    ,MESA                          ,EXCLUSIVO COPPEL.COM          
14401,DOMESTICOS                    ,PREPARACION DE ALIMENTO       ,TABLAS PARA CORTAR            
14404,DOMESTICOS                    ,PREPARACION DE ALIMENTO       ,COLADORES                     
14409,DOMESTICOS                    ,PREPARACION DE ALIMENTO       ,AUXILIARES DE COCINA          
14410,DOMESTICOS                    ,PREPARACION DE ALIMENTO       ,JUEGOS DE CUCHILLOS           
14413,DOMESTICOS                    ,PREPARACION DE ALIMENTO       ,CUCHILLOS INDIVIDUALES        
14414,DOMESTICOS                    ,PREPARACION DE ALIMENTO       ,EXCLUSIVO COPPEL.COM          
14601,DOMESTICOS                    ,ALMACENAMIENTO DE COCINA      ,CONTENEDORES                  
14604,DOMESTICOS                    ,ALMACENAMIENTO DE COCINA      ,RECIPIENTES                   
14607,DOMESTICOS                    ,ALMACENAMIENTO DE COCINA      ,RECIPIENTES BOWLS             
14610,DOMESTICOS                    ,ALMACENAMIENTO DE COCINA      ,ESCURRIDORES                  
14612,DOMESTICOS                    ,ALMACENAMIENTO DE COCINA      ,ORGANIZADORES DE COCINA       
14613,DOMESTICOS                    ,ALMACENAMIENTO DE COCINA      ,ORGANIZADORES DE CUBIERTOS    
14614,DOMESTICOS                    ,ALMACENAMIENTO DE COCINA      ,EXCLUSIVO COPPEL.COM          
14701,DOMESTICOS                    ,REPOSTERÍA                    ,REFRACTARIOS                  
14704,DOMESTICOS                    ,REPOSTERÍA                    ,MOLDES                        
14707,DOMESTICOS                    ,REPOSTERÍA                    ,VARIOS                        
14708,DOMESTICOS                    ,REPOSTERÍA                    ,EXCLUSIVO COPPEL.COM          
14801,DOMESTICOS                    ,OLLAS                         ,OLLAS DE PRESION              
14802,DOMESTICOS                    ,OLLAS                         ,OLLAS SUELTAS                 
14803,DOMESTICOS                    ,OLLAS                         ,JUEGOS DE OLLAS               
14804,DOMESTICOS                    ,OLLAS                         ,PALOMEROS                     
14805,DOMESTICOS                    ,OLLAS                         ,JUEGOS DE VAPORERA            
14806,DOMESTICOS                    ,OLLAS                         ,VAPORERAS                     
14901,DOMESTICOS                    ,UTENSILIOS DE COCINA          ,VOLTEADORES                   
14904,DOMESTICOS                    ,UTENSILIOS DE COCINA          ,CUCHARAS LISAS                
14907,DOMESTICOS                    ,UTENSILIOS DE COCINA          ,MACHACADORES                  
14910,DOMESTICOS                    ,UTENSILIOS DE COCINA          ,CUCHARONES                    
14912,DOMESTICOS                    ,UTENSILIOS DE COCINA          ,UTENSILIOS VARIOS             
14914,DOMESTICOS                    ,UTENSILIOS DE COCINA          ,JUEGOS DE UTENSILIOS          
15101,DOMESTICOS                    ,SARTENES                      ,JUEGOS DE SARTENES            
15102,DOMESTICOS                    ,SARTENES                      ,SARTENES                      
15104,DOMESTICOS                    ,SARTENES                      ,COMALES                       
15105,DOMESTICOS                    ,SARTENES                      ,ESPECIALIDADES                
15106,DOMESTICOS                    ,SARTENES                      ,EXCLUSIVO COPPEL.COM          
15701,DOMESTICOS                    ,VAJILLAS                      ,VAJILLAS CERAMICA/PORCELANA   
15702,DOMESTICOS                    ,VAJILLAS                      ,VAJILLA MELAMINA              
15703,DOMESTICOS                    ,VAJILLAS                      ,VAJILLAS DE VIDRIO            
15704,DOMESTICOS                    ,VAJILLAS                      ,VAJILLAS INFANTILES           
15705,DOMESTICOS                    ,VAJILLAS                      ,TAZAS SUELTAS                 
15706,DOMESTICOS                    ,VAJILLAS                      ,SET DE TAZAS                  
15707,DOMESTICOS                    ,VAJILLAS                      ,PLATOS SUELTOS                
15801,DOMESTICOS                    ,COLECCIONES                   ,BATERIAS DE COCINA COLECCIONES
15802,DOMESTICOS                    ,COLECCIONES                   ,CUBIERTOS                     
15803,DOMESTICOS                    ,COLECCIONES                   ,ESPECIEROS                    
15804,DOMESTICOS                    ,COLECCIONES                   ,ACCESORIOS DE MESA VARIOS     
15805,DOMESTICOS                    ,COLECCIONES                   ,TABLAS PARA CORTAR            
15806,DOMESTICOS                    ,COLECCIONES                   ,AUXILIARES DE COCINA          
15807,DOMESTICOS                    ,COLECCIONES                   ,JUEGO DE CUCHILLOS            
15808,DOMESTICOS                    ,COLECCIONES                   ,CONTENEDORES                  
15809,DOMESTICOS                    ,COLECCIONES                   ,RECIPIENTES                   
15810,DOMESTICOS                    ,COLECCIONES                   ,ORGANIZADOR DE CUBIERTOS      
15811,DOMESTICOS                    ,COLECCIONES                   ,MOLDES                        
15812,DOMESTICOS                    ,COLECCIONES                   ,REPOSTERIA VARIOS             
15813,DOMESTICOS                    ,COLECCIONES                   ,OLLAS SUELTAS                 
15814,DOMESTICOS                    ,COLECCIONES                   ,JUEGO DE UTENSILIOS           
15815,DOMESTICOS                    ,COLECCIONES                   ,JUEGO DE SARTENES             
15816,DOMESTICOS                    ,COLECCIONES                   ,SARTENES                      
15817,DOMESTICOS                    ,COLECCIONES                   ,VAJILLAS COLECCIONES          
15818,DOMESTICOS                    ,COLECCIONES                   ,TAZAS SUELTAS                 
15819,DOMESTICOS                    ,COLECCIONES                   ,JUEGO DE TAZAS                
15820,DOMESTICOS                    ,COLECCIONES                   ,PLATOS SUELTOS                
15821,DOMESTICOS                    ,COLECCIONES                   ,JUEGO DE VASOS                
15822,DOMESTICOS                    ,COLECCIONES                   ,JUEGO DE AGUA                 
15823,DOMESTICOS                    ,COLECCIONES                   ,TARROS Y COPAS                
15824,DOMESTICOS                    ,COLECCIONES                   ,ACCESORIOS DE BEBIDAS         
15825,DOMESTICOS                    ,COLECCIONES                   ,JARRAS SUELTAS                
15826,DOMESTICOS                    ,COLECCIONES                   ,TERMOS Y BOTELLAS DE AGUA     
15827,DOMESTICOS                    ,COLECCIONES                   ,DISPENSADORES DE AGUA         
16001,DOMESTICOS                    ,VASOS                         ,JUEGO DE VASOS                
16002,DOMESTICOS                    ,VASOS                         ,JUEGO DE AGUA                 
16003,DOMESTICOS                    ,VASOS                         ,TARROS Y COPAS                
16004,DOMESTICOS                    ,VASOS                         ,ACCESORIOS DE BEBIDAS         
16005,DOMESTICOS                    ,VASOS                         ,JARRAS SUELTAS                
16006,DOMESTICOS                    ,VASOS                         ,EXCLUSIVO COPPEL.COM          
16301,DOMESTICOS                    ,TERMOS PERSONALES             ,HIDRATACION                   
16302,DOMESTICOS                    ,TERMOS PERSONALES             ,TERMICOS                      
16303,DOMESTICOS                    ,TERMOS PERSONALES             ,EXCLUSIVO COPPEL.COM          
16401,DOMESTICOS                    ,LICENCIAS                     ,BOTELLAS DE HIDRATACION       
16402,DOMESTICOS                    ,LICENCIAS                     ,TERMOS                        
16403,DOMESTICOS                    ,LICENCIAS                     ,LONCHERAS Y RECIPIENTES       
16404,DOMESTICOS                    ,LICENCIAS                     ,PLATOS SUELTOS                
16405,DOMESTICOS                    ,LICENCIAS                     ,VAJILLAS LICENCIA             
16406,DOMESTICOS                    ,LICENCIAS                     ,CONTENEDORES                  
16407,DOMESTICOS                    ,LICENCIAS                     ,REPOSTERIA                    
16408,DOMESTICOS                    ,LICENCIAS                     ,SET DE TAZAS                  
16409,DOMESTICOS                    ,LICENCIAS                     ,TAZAS Y TARROS                
16410,DOMESTICOS                    ,LICENCIAS                     ,EXCLUSIVO COPPEL.COM          
16601,DOMESTICOS                    ,TERMOS Y HIELERAS             ,TERMOS C/INSULADO             
16602,DOMESTICOS                    ,TERMOS Y HIELERAS             ,HIELERA                       
16603,DOMESTICOS                    ,TERMOS Y HIELERAS             ,HIELERA SUAVE                 
16604,DOMESTICOS                    ,TERMOS Y HIELERAS             ,LONCHERAS                     
16605,DOMESTICOS                    ,TERMOS Y HIELERAS             ,TERMOS Y HIELERAS EXCLUSIVAS  
16607,DOMESTICOS                    ,TERMOS Y HIELERAS             ,HIELERAS 5 A 30 QTS           
16608,DOMESTICOS                    ,TERMOS Y HIELERAS             ,HIELERAS 32 A 60 QTS          
16609,DOMESTICOS                    ,TERMOS Y HIELERAS             ,HIELERAS 62 A 150 QTS         
17203,DOMESTICOS                    ,BURROS DE PLANCHAR            ,MUEBLES PARA PLANCHAR         
17501,DOMESTICOS                    ,ASADORES                      ,ASADORES                      
17502,DOMESTICOS                    ,ASADORES                      ,ACCESORIOS PARA ASADORES      
17503,DOMESTICOS                    ,ASADORES                      ,EXCLUSIVOS COPPEL.COM         
17504,DOMESTICOS                    ,ASADORES                      ,ASADORES CHICOS               
17505,DOMESTICOS                    ,ASADORES                      ,ASADORES MEDIANOS             
17506,DOMESTICOS                    ,ASADORES                      ,ASADORES GRANDES              
17806,DOMESTICOS                    ,ASPIRADORAS                   ,COMBOS Y ACCS ASEO DE CASA    
18001,DOMESTICOS                    ,HIDROLAVADORAS                ,HIDROLAVADORAS                
18102,DOMESTICOS                    ,CUIDADO PERSONAL DAMAS        ,SECADORAS DE CABELLO          
18103,DOMESTICOS                    ,CUIDADO PERSONAL DAMAS        ,ALACIADORAS                   
18105,DOMESTICOS                    ,CUIDADO PERSONAL DAMAS        ,DEPILADORAS/RECORTADORAS      
18109,DOMESTICOS                    ,CUIDADO PERSONAL DAMAS        ,TENAZAS                       
18110,DOMESTICOS                    ,CUIDADO PERSONAL DAMAS        ,TENAZAS EXCLUSIVOS.COM        
18111,DOMESTICOS                    ,CUIDADO PERSONAL DAMAS        ,CEPILLOS EXCLUSIVOS .COM      
18113,DOMESTICOS                    ,CUIDADO PERSONAL DAMAS        ,CEPILLOS ELECTRICOS           
18115,DOMESTICOS                    ,CUIDADO PERSONAL DAMAS        ,COSMETIQUERA                  
18120,DOMESTICOS                    ,CUIDADO PERSONAL DAMAS        ,COMBOS                        
18121,DOMESTICOS                    ,CUIDADO PERSONAL DAMAS        ,ALACIADORAS EXCLUSIVOS .COM   
18122,DOMESTICOS                    ,CUIDADO PERSONAL DAMAS        ,SECADORAS EXCLUSIVOS .COM     
18123,DOMESTICOS                    ,CUIDADO PERSONAL DAMAS        ,DEPILADORAS EXCLUSIVOS.COM    
18201,DOMESTICOS                    ,CUIDADO PERSONAL CABALLEROS   ,RASURADORAS                   
18204,DOMESTICOS                    ,CUIDADO PERSONAL CABALLEROS   ,JUEGOS DE PELUQUERIA          
18207,DOMESTICOS                    ,CUIDADO PERSONAL CABALLEROS   ,RECORTADORES DE VELLO         
18209,DOMESTICOS                    ,CUIDADO PERSONAL CABALLEROS   ,RASURADORAS EXCLUSIVOS .COM   
18210,DOMESTICOS                    ,CUIDADO PERSONAL CABALLEROS   ,JUEGOS DE PELUQUERIA EXCLUSIVO
18211,DOMESTICOS                    ,CUIDADO PERSONAL CABALLEROS   ,RECORTADORAS EXCLUSIVOS.COM   
18301,DOMESTICOS                    ,SPA EN CASA                   ,MASAJEADORES                  
18302,DOMESTICOS                    ,SPA EN CASA                   ,SPA EXCLUSIVOS .COM           
18303,DOMESTICOS                    ,SPA EN CASA                   ,TINAS DE PIES                 
18304,DOMESTICOS                    ,SPA EN CASA                   ,ESPEJOS                       
18305,DOMESTICOS                    ,SPA EN CASA                   ,BASCULAS                      
18306,DOMESTICOS                    ,SPA EN CASA                   ,SPA                           
18307,DOMESTICOS                    ,SPA EN CASA                   ,BASCULAS EXCLUSIVOS.COM       
18401,DOMESTICOS                    ,EQUIPAJE DE VIAJE             ,BOLSAS DE MANO                
18403,DOMESTICOS                    ,EQUIPAJE DE VIAJE             ,UNDER SEAT 14-17              
18404,DOMESTICOS                    ,EQUIPAJE DE VIAJE             ,CHICA CARRY ON 20             
18405,DOMESTICOS                    ,EQUIPAJE DE VIAJE             ,MEDIANA 24                    
18406,DOMESTICOS                    ,EQUIPAJE DE VIAJE             ,GRANDE 28                     
18407,DOMESTICOS                    ,EQUIPAJE DE VIAJE             ,INFANTIL                      
18409,DOMESTICOS                    ,EQUIPAJE DE VIAJE             ,JUEGOS DE  MALETAS            
18410,DOMESTICOS                    ,EQUIPAJE DE VIAJE             ,MOCHILAS DE VIAJE             
18412,DOMESTICOS                    ,EQUIPAJE DE VIAJE             ,BOLSAS CON RUEDAS Y ASA       
18420,DOMESTICOS                    ,EQUIPAJE DE VIAJE             ,ACCESORIOS DE VIAJE           
18421,DOMESTICOS                    ,EQUIPAJE DE VIAJE             ,EQUIPAJE DE VIAJE EXCLUSIVO   
18501,DOMESTICOS                    ,EQUIPAJE DE COMPUTO           ,MOCHILAS                      
18502,DOMESTICOS                    ,EQUIPAJE DE COMPUTO           ,FUNDAS PARA LAPTOP            
18503,DOMESTICOS                    ,EQUIPAJE DE COMPUTO           ,PORTAFOLIOS                   
18504,DOMESTICOS                    ,EQUIPAJE DE COMPUTO           ,MESSENGERS                    
18505,DOMESTICOS                    ,EQUIPAJE DE COMPUTO           ,BOLSAS PARA LAPTOP            
18506,DOMESTICOS                    ,EQUIPAJE DE COMPUTO           ,EQUIPAJE DE COMPUTO EXCLUSIVO 
18601,DOMESTICOS                    ,PAÑALERAS                     ,PAÑALERA                      
18602,DOMESTICOS                    ,PAÑALERAS                     ,PAÑALERA EXCLUSIVA            
18801,DOMESTICOS                    ,MASCOTAS                      ,MASCOTAS                      
18810,DOMESTICOS                    ,MASCOTAS                      ,MASCOTAS EXCLUSIVOS           
19101,DOMESTICOS                    ,ALIMENTOS Y BEBIDAS           ,IEPS 8 CON DESCUENTO          
19102,DOMESTICOS                    ,ALIMENTOS Y BEBIDAS           ,IEPS 8 SIN DESCUENTO          
19103,DOMESTICOS                    ,ALIMENTOS Y BEBIDAS           ,MULTIPLOS SIN DESCUENTO MUEBLE
19104,DOMESTICOS                    ,ALIMENTOS Y BEBIDAS           ,IVA TASA 0 SIN DESCUENTO      
19105,DOMESTICOS                    ,ALIMENTOS Y BEBIDAS           ,ALIMENTOS DOMESTICOS          
19106,DOMESTICOS                    ,ALIMENTOS Y BEBIDAS           ,ONE SHOTS ALIMENTOS           
19107,DOMESTICOS                    ,ALIMENTOS Y BEBIDAS           ,ALIMENTOS LA FRONTERA         
19201,DOMESTICOS                    ,COMESTIBLES IVA 16            ,IMPULSO ROPA IVA 16           
19202,DOMESTICOS                    ,COMESTIBLES IVA 16            ,MUEBLES IVA 16                
19303,DOMESTICOS                    ,PLANCHAS                      ,PLANCHA VAPOR C/ROCIO         
19306,DOMESTICOS                    ,PLANCHAS                      ,VAPORIZADOR DE MANO           
19307,DOMESTICOS                    ,PLANCHAS                      ,EXCLUSIVOS COPPEL.COM         
19903,DOMESTICOS                    ,OFERTAS                       ,ENTREGAS A DOMICILIO          
21045,ELECTRONICA                   ,TELEVISOR COLOR               ,TELEVISOR LCD  32 - 37        
21089,ELECTRONICA                   ,TELEVISOR COLOR               ,TELEVISOR LED 65 4K           
21090,ELECTRONICA                   ,TELEVISOR COLOR               ,TELEVISOR EXCLUSIVOS.COM      
21093,ELECTRONICA                   ,TELEVISOR COLOR               ,TELEVISOR LED 80-86 4K        
21095,ELECTRONICA                   ,TELEVISOR COLOR               ,TELEVISOR LED 90-100 4K       
21097,ELECTRONICA                   ,TELEVISOR COLOR               ,PROYECTOR CON SINTONIZADOR TV 
21098,ELECTRONICA                   ,TELEVISOR COLOR               ,TELEVISOR COPPEL.COM          
21508,ELECTRONICA                   ,CAMARA FOTOGRAFICA            ,CAMARAS COPPEL.COM            
21620,ELECTRONICA                   ,DVD                           ,REPRODUCTOR DVD ESCALADOR     
22010,ELECTRONICA                   ,CONSOLAS DE VIDEOJUEGOS       ,XBOX SERIE X                  
22023,ELECTRONICA                   ,CONSOLAS DE VIDEOJUEGOS       ,CONSOLAS PORTATILES           
22101,ELECTRONICA                   ,BATERIAS                      ,BATERIAS                      
22110,ELECTRONICA                   ,BATERIAS                      ,BATERIAS ALCALINAS            
22130,ELECTRONICA                   ,BATERIAS                      ,CARGADORES DE BATERIAS        
22220,ELECTRONICA                   ,TELEFONOS                     ,EXCLUSIVOS COPPEL.COM         
22305,ELECTRONICA                   ,COMPUTADORAS                  ,AIO                           
22306,ELECTRONICA                   ,COMPUTADORAS                  ,AIO .COM                      
22316,ELECTRONICA                   ,COMPUTADORAS                  ,LAPTOP ESENCIAL               
22317,ELECTRONICA                   ,COMPUTADORAS                  ,LAPTOP PRODUCTIVIDAD          
22318,ELECTRONICA                   ,COMPUTADORAS                  ,LAPTOP AVANZADO               
22321,ELECTRONICA                   ,COMPUTADORAS                  ,LAPTOP ESENCIAL .COM          
22322,ELECTRONICA                   ,COMPUTADORAS                  ,LAPTOP PRODUCTIVIDAD .COM     
22323,ELECTRONICA                   ,COMPUTADORAS                  ,LAPTOP AVANZADO .COM          
22324,ELECTRONICA                   ,COMPUTADORAS                  ,INTELIGENCIA ARTIFICIAL       
22326,ELECTRONICA                   ,COMPUTADORAS                  ,LAPTOP GAMER .COM             
22401,ELECTRONICA                   ,TELEFONOS CELULARES           ,TELCEL R1                     
22402,ELECTRONICA                   ,TELEFONOS CELULARES           ,CELULARES MARKETPLACE         
22701,ELECTRONICA                   ,PLANES TARIFARIOS             ,PLAN REDICOPPEL DISPOSITIVOS  
22702,ELECTRONICA                   ,PLANES TARIFARIOS             ,PLAN REDICOPPEL CELULARES     
22731,ELECTRONICA                   ,PLANES TARIFARIOS             ,PLAN TELCEL LIBRE             
22843,ELECTRONICA                   ,RECARGAS DE TIEMPO AIRE       ,PAGO UNICO                    
22868,ELECTRONICA                   ,RECARGAS DE TIEMPO AIRE       ,DEEZER                        
22875,ELECTRONICA                   ,RECARGAS DE TIEMPO AIRE       ,ATT                           
22876,ELECTRONICA                   ,RECARGAS DE TIEMPO AIRE       ,GARENA FREE FIRE              
22877,ELECTRONICA                   ,RECARGAS DE TIEMPO AIRE       ,MCAFEE                        
22883,ELECTRONICA                   ,RECARGAS DE TIEMPO AIRE       ,FORNITE                       
22890,ELECTRONICA                   ,RECARGAS DE TIEMPO AIRE       ,XBOX GMP  PREMIUM             
22901,ELECTRONICA                   ,CHIPS CELULARES               ,CHIP FIJO MOVISTAR            
22904,ELECTRONICA                   ,CHIPS CELULARES               ,NANOSIM MOVISTAR              
22906,ELECTRONICA                   ,CHIPS CELULARES               ,PORTABILIDAD TELCEL           
22924,ELECTRONICA                   ,CHIPS CELULARES               ,SIM CARD AHORRO MOVISTAR      
22990,ELECTRONICA                   ,CHIPS CELULARES               ,INTERNET EN CASA              
23001,ELECTRONICA                   ,PELICULAS                     ,PELICULAS DVD                 
23101,ELECTRONICA                   ,LINEAS PARA VENTA             ,TELCEL                        
23102,ELECTRONICA                   ,LINEAS PARA VENTA             ,MOVISTAR                      
23103,ELECTRONICA                   ,LINEAS PARA VENTA             ,UNEFON                        
23104,ELECTRONICA                   ,LINEAS PARA VENTA             ,ATT                           
23107,ELECTRONICA                   ,LINEAS PARA VENTA             ,VIRGIN                        
23108,ELECTRONICA                   ,LINEAS PARA VENTA             ,REDI                          
23202,ELECTRONICA                   ,TABLETS                       ,IPAD 9.7                      
23223,ELECTRONICA                   ,TABLETS                       ,TABLET 10                     
23224,ELECTRONICA                   ,TABLETS                       ,TABLET 11 O MAS               
23252,ELECTRONICA                   ,TABLETS                       ,TABLETS DE DIBUJO / DISEÑO    
23501,ELECTRONICA                   ,SIM TEL FIJA                  ,TELCEL                        
23502,ELECTRONICA                   ,SIM TEL FIJA                  ,MOVISTAR                      
24001,ELECTRONICA                   ,MEMORIAS                      ,USB                           
24222,ELECTRONICA                   ,VIDEO JUEGOS                  ,PS3 C Y D                     
24227,ELECTRONICA                   ,VIDEO JUEGOS                  ,SWITCH C Y D                  
24230,ELECTRONICA                   ,VIDEO JUEGOS                  ,PS4 C Y D                     
24231,ELECTRONICA                   ,VIDEO JUEGOS                  ,XBOX ONE C Y D                
24233,ELECTRONICA                   ,VIDEO JUEGOS                  ,PS5 C Y D                     
24234,ELECTRONICA                   ,VIDEO JUEGOS                  ,XBOX SERIES X C Y D           
24355,ELECTRONICA                   ,ACCESORIOS DE COMPUTACION     ,BASE ENFRIADORA               
24360,ELECTRONICA                   ,ACCESORIOS DE COMPUTACION     ,TAPETE / MOUSEPAD             
24395,ELECTRONICA                   ,ACCESORIOS DE COMPUTACION     ,ACCESORIOS COMPUTACION VARIOS 
24399,ELECTRONICA                   ,ACCESORIOS DE COMPUTACION     ,ACCESORIOS COPPEL.COM         
24701,ELECTRONICA                   ,TARJETAS DE CONTENIDO         ,ITUNES                        
24702,ELECTRONICA                   ,TARJETAS DE CONTENIDO         ,PLAYSTATION                   
24703,ELECTRONICA                   ,TARJETAS DE CONTENIDO         ,RIOT GAMES                    
24705,ELECTRONICA                   ,TARJETAS DE CONTENIDO         ,GOOGLE PLAY                   
24710,ELECTRONICA                   ,TARJETAS DE CONTENIDO         ,SPOTIFY                       
24711,ELECTRONICA                   ,TARJETAS DE CONTENIDO         ,DIRI RECARGA TIEMPO AIRE      
24712,ELECTRONICA                   ,TARJETAS DE CONTENIDO         ,PILLOFON RECARGA TIEMPO AIRE  
24713,ELECTRONICA                   ,TARJETAS DE CONTENIDO         ,VIRGIN                        
24714,ELECTRONICA                   ,TARJETAS DE CONTENIDO         ,ATT                           
24715,ELECTRONICA                   ,TARJETAS DE CONTENIDO         ,NETFLIX                       
24716,ELECTRONICA                   ,TARJETAS DE CONTENIDO         ,DIRI                          
24717,ELECTRONICA                   ,TARJETAS DE CONTENIDO         ,PILLOFON                      
24718,ELECTRONICA                   ,TARJETAS DE CONTENIDO         ,UNEFON                        
24719,ELECTRONICA                   ,TARJETAS DE CONTENIDO         ,MOVISTAR                      
24720,ELECTRONICA                   ,TARJETAS DE CONTENIDO         ,GAME PASS                     
24740,ELECTRONICA                   ,TARJETAS DE CONTENIDO         ,NINTENDO                      
24750,ELECTRONICA                   ,TARJETAS DE CONTENIDO         ,BLIM                          
24751,ELECTRONICA                   ,TARJETAS DE CONTENIDO         ,TELEFONIA MOVIL CON SIM REDI  
24752,ELECTRONICA                   ,TARJETAS DE CONTENIDO         ,CONEXION MOVIL CON SIM REDI   
24753,ELECTRONICA                   ,TARJETAS DE CONTENIDO         ,HOTSPOT INTERNET CON SIM REDI 
24754,ELECTRONICA                   ,TARJETAS DE CONTENIDO         ,INTERNET FIJO CON SIM REDI    
24799,ELECTRONICA                   ,TARJETAS DE CONTENIDO         ,TELCEL                        
25303,ELECTRONICA                   ,BOCINAS BLUETOOTH             ,PREMIUM                       
25413,ELECTRONICA                   ,CARGADORES                    ,CABLE TIPO C A LIGHTNING      
25417,ELECTRONICA                   ,CARGADORES                    ,ADAPTADORES                   
26101,ELECTRONICA                   ,PORTABILIDAD                  ,PORTABILIDAD TELCEL           
26102,ELECTRONICA                   ,PORTABILIDAD                  ,PORTABILIDAD MOVISTAR         
26103,ELECTRONICA                   ,PORTABILIDAD                  ,PORTABILIDAD UNEFON           
26104,ELECTRONICA                   ,PORTABILIDAD                  ,ATT                           
26401,ELECTRONICA                   ,ASISTENTE DE VOZ              ,ALEXA                         
26503,ELECTRONICA                   ,SMART HOME                    ,FOCOS INTELIGENTES            
26504,ELECTRONICA                   ,SMART HOME                    ,LUCES LED                     
26602,ELECTRONICA                   ,ACCESORIOS CAR AUDIO          ,CAMARAS DE REVERSA            
27115,ELECTRONICA                   ,REDES                         ,REDES.COM                     
27272,ELECTRONICA                   ,ACCESORIOS UNIVERSALES        ,COMECABLES                    
27401,ELECTRONICA                   ,MONITORES                     ,21 - 24                       
27405,ELECTRONICA                   ,MONITORES                     ,25 - 29                       
27410,ELECTRONICA                   ,MONITORES                     ,30 - 34                       
27415,ELECTRONICA                   ,MONITORES                     ,MONITORES.COM                 
27602,ELECTRONICA                   ,WEARABLES                     ,FITBANDS                      
27701,ELECTRONICA                   ,PC GAMING                     ,LAPTOP GAMER                  
27702,ELECTRONICA                   ,PC GAMING                     ,MONITORES                     
27780,ELECTRONICA                   ,PC GAMING                     ,PC GAMER COPPEL.COM           
27785,ELECTRONICA                   ,PC GAMING                     ,MONITORES COPPEL.COM          
27801,ELECTRONICA                   ,ACCESORIOS PC GAMING          ,TECLADOS ALAMBRICOS           
27803,ELECTRONICA                   ,ACCESORIOS PC GAMING          ,MOUSE ALAMBRICOS              
27804,ELECTRONICA                   ,ACCESORIOS PC GAMING          ,MOUSE INALAMBRICOS            
27805,ELECTRONICA                   ,ACCESORIOS PC GAMING          ,TRUE WIRELESS GAMER           
27806,ELECTRONICA                   ,ACCESORIOS PC GAMING          ,DIADEMAS PC GAMING            
27807,ELECTRONICA                   ,ACCESORIOS PC GAMING          ,BASE ENFRIADORA               
27808,ELECTRONICA                   ,ACCESORIOS PC GAMING          ,MOUSEPAD Y TAPETES            
27809,ELECTRONICA                   ,ACCESORIOS PC GAMING          ,COMBOS                        
27810,ELECTRONICA                   ,ACCESORIOS PC GAMING          ,BOCINAS GAMER                 
27875,ELECTRONICA                   ,ACCESORIOS PC GAMING          ,ACCESORIO PC GAMING COPPEL.COM
28219,ELECTRONICA                   ,COLECCIONES                   ,TARJETERO                     
28801,ELECTRONICA                   ,HUESARIO PROMOCIONES DE CELUL ,HUESARIO DE REGALOS           
28901,ELECTRONICA                   ,SERVICIOS                     ,GOPAC                         
29106,ELECTRONICA                   ,ARTICULOS VIANA ELECT MAYOR   ,BOLSAS                        
29535,ELECTRONICA                   ,PROTECCION                    ,IMPULSO CAJAS MUEBLES         
29539,ELECTRONICA                   ,PROTECCION                    ,COLECCIONES DE TEMPORADA      
29541,ELECTRONICA                   ,PROTECCION                    ,PROTECTORES COPPEL.COM        
29546,ELECTRONICA                   ,PROTECCION                    ,SOPORTES COPPEL.COM           
29547,ELECTRONICA                   ,PROTECCION                    ,VARIOS COPPEL.COM             
29548,ELECTRONICA                   ,PROTECCION                    ,ACCESORIOS AIRPODS            
29553,ELECTRONICA                   ,PROTECCION                    ,EJERCICIO COPPEL.COM          
29561,ELECTRONICA                   ,PROTECCION                    ,ACCESORIOS WATCH              
29565,ELECTRONICA                   ,PROTECCION                    ,ACCESORIOS AIRTAG             
29582,ELECTRONICA                   ,PROTECCION                    ,PROTECTORES COLECCIONES       
29616,ELECTRONICA                   ,ACCESORIOS CAMARAS            ,ACCESORIOS PARA GO PRO        
30106,MUEBLE SUELTO                 ,COLCHON                       ,PILLOW TOP DOBLE INDIVIDUAL   
30108,MUEBLE SUELTO                 ,COLCHON                       ,HULE ESPUMA INDIVIDUAL        
30114,MUEBLE SUELTO                 ,COLCHON                       ,PILLOW TOP DOBLE MATRIMONIAL  
30204,MUEBLE SUELTO                 ,JUEGO BOX                     ,PILLOW TOP INDIVIDUAL         
30210,MUEBLE SUELTO                 ,JUEGO BOX                     ,ESTANDAR MATRIMONIAL          
30214,MUEBLE SUELTO                 ,JUEGO BOX                     ,PILLOW TOP DOBLE MATRIMONIAL  
30234,MUEBLE SUELTO                 ,JUEGO BOX                     ,BOX                           
30302,MUEBLE SUELTO                 ,COLCHON CUNA                  ,CUNA                          
30304,MUEBLE SUELTO                 ,COLCHON CUNA                  ,CAMA INFANTIL                 
30402,MUEBLE SUELTO                 ,CAMAS                         ,METAL INDIVIDUAL              
30404,MUEBLE SUELTO                 ,CAMAS                         ,MADERA INDIVIDUAL             
30406,MUEBLE SUELTO                 ,CAMAS                         ,METAL MATRIMONIAL             
30408,MUEBLE SUELTO                 ,CAMAS                         ,MADERA MATRIMONIAL            
30412,MUEBLE SUELTO                 ,CAMAS                         ,MADERA QS                     
30802,MUEBLE SUELTO                 ,LITERAS                       ,METAL IND - IND               
30804,MUEBLE SUELTO                 ,LITERAS                       ,MADERA IND - IND              
30806,MUEBLE SUELTO                 ,LITERAS                       ,METAL IND - MAT               
30941,MUEBLE SUELTO                 ,ANTECOMEDOR               BAJA,9 PIEZAS MADERA           BAJA
31002,MUEBLE SUELTO                 ,BASES PARA COLCHON            ,METAL INDIVIDUAL              
31004,MUEBLE SUELTO                 ,BASES PARA COLCHON            ,MADERA INDIVIDUAL             
31008,MUEBLE SUELTO                 ,BASES PARA COLCHON            ,MADERA MATRIMONIAL            
31202,MUEBLE SUELTO                 ,CATRES                        ,CATRE METAL                   
31402,MUEBLE SUELTO                 ,MUEBLES INFANTILES            ,CUNA MADERA                   
31408,MUEBLE SUELTO                 ,MUEBLES INFANTILES            ,CAMA INFANTIL MADERA          
31418,MUEBLE SUELTO                 ,MUEBLES INFANTILES            ,JGO. DE MESA INFANTIL         
31604,MUEBLE SUELTO                 ,COMEDORES                     ,METAL CRISTAL 5PZ CONTEMPO    
31606,MUEBLE SUELTO                 ,COMEDORES                     ,METAL LAM 5PZ CLASICO         
31608,MUEBLE SUELTO                 ,COMEDORES                     ,METAL LAM 5PZ CONTEMPORANEO   
31612,MUEBLE SUELTO                 ,COMEDORES                     ,MADERA 5 PZ CONTEMPORANEO     
31616,MUEBLE SUELTO                 ,COMEDORES                     ,METAL CRISTAL 7PZ CONTEMPO    
31618,MUEBLE SUELTO                 ,COMEDORES                     ,METAL LAM 7PZ CLASICO         
31620,MUEBLE SUELTO                 ,COMEDORES                     ,METAL LAM 7PZ CONTEMPO        
31622,MUEBLE SUELTO                 ,COMEDORES                     ,MADERA 7PZ CLASICO            
31624,MUEBLE SUELTO                 ,COMEDORES                     ,MADERA  7PZ CONTEMPO          
31804,MUEBLE SUELTO                 ,BUFFETS/TRINCHADOR            ,BUFFETERA                     
31810,MUEBLE SUELTO                 ,BUFFETS/TRINCHADOR            ,TRINCHADOR                    
31903,MUEBLE SUELTO                 ,PIEZAS SUELTAS PARA COMEDOR   ,BANCA PARA COMEDOR            
32202,MUEBLE SUELTO                 ,SILLAS P/COMEDOR SUELTAS      ,METAL CLASICO                 
32204,MUEBLE SUELTO                 ,SILLAS P/COMEDOR SUELTAS      ,METAL CONTEMPORANEO           
32206,MUEBLE SUELTO                 ,SILLAS P/COMEDOR SUELTAS      ,MADERA CLASICO                
32208,MUEBLE SUELTO                 ,SILLAS P/COMEDOR SUELTAS      ,MADERA CONTEMPORANEO          
32410,MUEBLE SUELTO                 ,BANCOS                        ,METAL CLASICO                 
32412,MUEBLE SUELTO                 ,BANCOS                        ,METAL CONTEMPORANEO           
32416,MUEBLE SUELTO                 ,BANCOS                        ,MADERA CONTEMPORANEO          
32602,MUEBLE SUELTO                 ,MECEDORAS                     ,METAL                         
32604,MUEBLE SUELTO                 ,MECEDORAS                     ,MADERA                        
32804,MUEBLE SUELTO                 ,JUEGO DE JARDIN               ,JUEGO DE JARDIN               
32810,MUEBLE SUELTO                 ,JUEGO DE JARDIN               ,SALA PARA EXTERIOR            
32812,MUEBLE SUELTO                 ,JUEGO DE JARDIN               ,BISTRO                        
33019,MUEBLE SUELTO                 ,JARDIN                        ,MECEDORAS PARA EXTERIOR       
33022,MUEBLE SUELTO                 ,JARDIN                        ,CAMASTROS                     
33023,MUEBLE SUELTO                 ,JARDIN                        ,SILLAS MADERA                 
33024,MUEBLE SUELTO                 ,JARDIN                        ,GAZEBOS                       
33025,MUEBLE SUELTO                 ,JARDIN                        ,ILUMINACION EXTERIOR BAJA     
33026,MUEBLE SUELTO                 ,JARDIN                        ,MACETAS BAJA                  
33027,MUEBLE SUELTO                 ,JARDIN                        ,JARDIN ARTIFICIAL BAJA        
33102,MUEBLE SUELTO                 ,SILLAS/BANCAS                 ,SILLA PLASTICA                
33104,MUEBLE SUELTO                 ,SILLAS/BANCAS                 ,SILLA METAL                   
33106,MUEBLE SUELTO                 ,SILLAS/BANCAS                 ,TABURETE                      
33109,MUEBLE SUELTO                 ,SILLAS/BANCAS                 ,SILLA PLEGABLE                
33116,MUEBLE SUELTO                 ,SILLAS/BANCAS                 ,BANCAS                        
33119,MUEBLE SUELTO                 ,SILLAS/BANCAS                 ,MECEDORA PARA EXTERIOR        
33202,MUEBLE SUELTO                 ,MUEBLES DE OFICINA            ,SILLA OFICINA                 
33204,MUEBLE SUELTO                 ,MUEBLES DE OFICINA            ,SILLA EJECUTIVA               
33205,MUEBLE SUELTO                 ,MUEBLES DE OFICINA            ,SILLA GAMER                   
33206,MUEBLE SUELTO                 ,MUEBLES DE OFICINA            ,ESCRITORIO METAL              
33207,MUEBLE SUELTO                 ,MUEBLES DE OFICINA            ,ESCRITORIO GAMER              
33208,MUEBLE SUELTO                 ,MUEBLES DE OFICINA            ,ESCRITORIO LAMINADO           
33212,MUEBLE SUELTO                 ,MUEBLES DE OFICINA            ,MESA P/LAP TOP                
33214,MUEBLE SUELTO                 ,MUEBLES DE OFICINA            ,LIBRERO                       
33217,MUEBLE SUELTO                 ,MUEBLES DE OFICINA            ,ARCHIVEROS                    
33320,MUEBLE SUELTO                 ,HAMACAS                       ,HAMACAS                       
33321,MUEBLE SUELTO                 ,HAMACAS                       ,COLUMPIOS                     
33404,MUEBLE SUELTO                 ,ROPEROS                       ,LAMINADO 0.90 M CONTEMPORANEO 
33408,MUEBLE SUELTO                 ,ROPEROS                       ,LAMINADO 1.20 M CONTEMPORANEO 
33608,MUEBLE SUELTO                 ,COMODAS                       ,LAMINADA 0.80 M CONTEMPORANEO 
33612,MUEBLE SUELTO                 ,COMODAS                       ,LAMINADA 1.20 M CONTEMPORANEO 
33814,MUEBLE SUELTO                 ,ALMACENAMIENTO                ,ESPEJO DE BAÑO                
34110,MUEBLE SUELTO                 ,MESAS PARA JARDIN             ,MESA PLASTICA                 
34111,MUEBLE SUELTO                 ,MESAS PARA JARDIN             ,MESA PLEGABLE                 
34202,MUEBLE SUELTO                 ,COCINAS                       ,2.40 CLASICO                  
34203,MUEBLE SUELTO                 ,COCINAS                       ,2.90 COCINA CONTEMPORANEO     
34316,MUEBLE SUELTO                 ,COCINAS MODULARES             ,BASE ESQUINERA                
34713,MUEBLE SUELTO                 ,CUBRE AREA EXTERIOR           ,SOMBRILLA PARA PLAYA          
34714,MUEBLE SUELTO                 ,CUBRE AREA EXTERIOR           ,TOLDO                         
34804,MUEBLE SUELTO                 ,ALACENA SUELTA P/ COCINA      ,ALACENA MADERA                
34810,MUEBLE SUELTO                 ,ALACENA SUELTA P/ COCINA      ,ALACENA LAMINADA              
34926,MUEBLE SUELTO                 ,ACCESORIOS PARA JARDIN        ,MACETAS                       
35004,MUEBLE SUELTO                 ,MESA MULTIFUNCIONAL           ,MESA MULTIFUNCIONAL           
35301,MUEBLE SUELTO                 ,MUEBLES DE COMEDOR ARMADO     ,COMEDORES ARMADO              
35401,MUEBLE SUELTO                 ,MUEBLES SALA ARMADO           ,MESAS SALA ARMADO             
35402,MUEBLE SUELTO                 ,MUEBLES SALA ARMADO           ,MUEBLES TV ARMADO 1           
35501,MUEBLE SUELTO                 ,MUEBLES DE RECAMARA ARMADO    ,BUROS ARMADO                  
35701,MUEBLE SUELTO                 ,MUEBLES DE COCINA ARMADO      ,BANCOS ARMADO                 
36001,MUEBLE SUELTO                 ,MUEBLE DIVISOR                ,ORGANIZADORES DE CUBOS        
36002,MUEBLE SUELTO                 ,MUEBLE DIVISOR                ,JUGUETEROS                    
36003,MUEBLE SUELTO                 ,MUEBLE DIVISOR                ,MUEBLE ORGANIZADOR MULTIUSOS  
36004,MUEBLE SUELTO                 ,MUEBLE DIVISOR                ,ESQUINEROS                    
36101,MUEBLE SUELTO                 ,ZAPATERAS                     ,ZAPATERAS PLEGABLES           
36102,MUEBLE SUELTO                 ,ZAPATERAS                     ,ZAPATERAS TIPO BANCA          
36103,MUEBLE SUELTO                 ,ZAPATERAS                     ,MUEBLE ZAPATERA               
36201,MUEBLE SUELTO                 ,CAJAS Y CANASTOS              ,CAJAS DE ALMACENAMIENTO       
36202,MUEBLE SUELTO                 ,CAJAS Y CANASTOS              ,CAJONERAS                     
36203,MUEBLE SUELTO                 ,CAJAS Y CANASTOS              ,CAJAS Y CANASTAS DECORATIVAS  
36204,MUEBLE SUELTO                 ,CAJAS Y CANASTOS              ,CAJAS INFANTILES              
36205,MUEBLE SUELTO                 ,CAJAS Y CANASTOS              ,CAJAS DE TELA                 
36206,MUEBLE SUELTO                 ,CAJAS Y CANASTOS              ,CAJAS BAJO CAMA               
36207,MUEBLE SUELTO                 ,CAJAS Y CANASTOS              ,CAJAS DE ALMACENAMIENTO CHICAS
36301,MUEBLE SUELTO                 ,ACCESORIOS DE LAVANDERIA      ,CESTOS Y BOLSAS PARA LA ROPA  
36302,MUEBLE SUELTO                 ,ACCESORIOS DE LAVANDERIA      ,CARROS DE LAVANDERIA          
36303,MUEBLE SUELTO                 ,ACCESORIOS DE LAVANDERIA      ,TENDEDEROS Y ACCESORIOS TENDER
36304,MUEBLE SUELTO                 ,ACCESORIOS DE LAVANDERIA      ,ORGANIZADORES ART LIMPIEZA    
36401,MUEBLE SUELTO                 ,ORGANIZACION DE BAÑO          ,MUEBLE ORGANIZADOR DE BAÑO    
36402,MUEBLE SUELTO                 ,ORGANIZACION DE BAÑO          ,ACCESORIOS DE BAÑO            
36403,MUEBLE SUELTO                 ,ORGANIZACION DE BAÑO          ,ORGANIZADORES DE REGADERA     
36404,MUEBLE SUELTO                 ,ORGANIZACION DE BAÑO          ,MUEBLE AHORRA ESPACIO         
36405,MUEBLE SUELTO                 ,ORGANIZACION DE BAÑO          ,TOALLEROS                     
36501,MUEBLE SUELTO                 ,BAÑO                          ,MUEBLES DE BAÑO               
36502,MUEBLE SUELTO                 ,BAÑO                          ,ESPEJOS DE BAÑO               
36503,MUEBLE SUELTO                 ,BAÑO                          ,GABINETES CON ESPEJO          
36601,MUEBLE SUELTO                 ,CARRITOS MULTIUSOS            ,CARRITOS MULTIUSOS            
36701,MUEBLE SUELTO                 ,CLOSET Y ACCESORIOS           ,CLOSET DE TELA                
36702,MUEBLE SUELTO                 ,CLOSET Y ACCESORIOS           ,CLOSET DE MADERA              
36704,MUEBLE SUELTO                 ,CLOSET Y ACCESORIOS           ,CLOSET TUBULAR                
36705,MUEBLE SUELTO                 ,CLOSET Y ACCESORIOS           ,ACCESORIOS DE CLOSET          
36801,MUEBLE SUELTO                 ,BOTES Y CONTENEDORES DE BASURA,BOTES DE BASURA INTERIOR      
36802,MUEBLE SUELTO                 ,BOTES Y CONTENEDORES DE BASURA,CONTENEDORES DE EXTERIOR      
37001,MUEBLE SUELTO                 ,ESTANTES Y GABINETES          ,ESTANTES                      
37002,MUEBLE SUELTO                 ,ESTANTES Y GABINETES          ,PERCHEROS                     
37003,MUEBLE SUELTO                 ,ESTANTES Y GABINETES          ,GABINETES                     
37005,MUEBLE SUELTO                 ,ESTANTES Y GABINETES          ,BANCOS PLEGABLES              
37101,MUEBLE SUELTO                 ,ORGANIZACION DE COCINA        ,ORGANIZADORES DE PARED        
37103,MUEBLE SUELTO                 ,ORGANIZACION DE COCINA        ,ORGANIZADORES CAJON           
37105,MUEBLE SUELTO                 ,ORGANIZACION DE COCINA        ,ORGANIZADORES DE GABINETES    
37201,MUEBLE SUELTO                 ,ORGANIZACION DE OFICINA       ,ORGANIZADORES DE ESCRITORIO   
37202,MUEBLE SUELTO                 ,ORGANIZACION DE OFICINA       ,ORGANIZADOR DE CAJON ESC      
37301,MUEBLE SUELTO                 ,BANCOS Y ESCALERAS PLEGABLES  ,BANCOS PLEGABLES              
40102,"SALAS, RECAMARAS, COMEDORES   ",SALAS                         ,LOVESEAT CONTEMPORANEO        
40103,"SALAS, RECAMARAS, COMEDORES   ",SALAS                         ,SOFA CONTEMPORANEO            
40106,"SALAS, RECAMARAS, COMEDORES   ",SALAS                         ,SOFA CLASICO                  
40114,"SALAS, RECAMARAS, COMEDORES   ",SALAS                         ,ESQUINERA/L CONTEMPORANEO     
40501,"SALAS, RECAMARAS, COMEDORES   ",COMPLEMENTOS PARA SALA        ,SILLON OCASIONAL              
40503,"SALAS, RECAMARAS, COMEDORES   ",COMPLEMENTOS PARA SALA        ,BAUL                          
40504,"SALAS, RECAMARAS, COMEDORES   ",COMPLEMENTOS PARA SALA        ,TABURETE                      
41001,"SALAS, RECAMARAS, COMEDORES   ",SOFAS CAMA                    ,SOFA CAMA TAPIZADO CONTEMP    
43001,"SALAS, RECAMARAS, COMEDORES   ",SILLONES RECLINABLES          ,RECLINABLE INDIVIDUAL         
43003,"SALAS, RECAMARAS, COMEDORES   ",SILLONES RECLINABLES          ,RECLINABLE DOBLE              
44007,"SALAS, RECAMARAS, COMEDORES   ",MESAS SALAS                   ,MESA DE CENTRO CONTEMPORANEA  
44010,"SALAS, RECAMARAS, COMEDORES   ",MESAS SALAS                   ,MESA LATERAL CONTEMPORANEA    
44840,"SALAS, RECAMARAS, COMEDORES   ",ORGANIZADORES                 ,PERCHERO                      
44845,"SALAS, RECAMARAS, COMEDORES   ",ORGANIZADORES                 ,CESTOS                        
44846,"SALAS, RECAMARAS, COMEDORES   ",ORGANIZADORES                 ,OFICINA                       
44847,"SALAS, RECAMARAS, COMEDORES   ",ORGANIZADORES                 ,ALMACENAMIENTO                
44848,"SALAS, RECAMARAS, COMEDORES   ",ORGANIZADORES                 ,ACCESORIOS DE BAÑO            
45001,"SALAS, RECAMARAS, COMEDORES   ",ILUMINACION                   ,LAMP DE PISO                  
45003,"SALAS, RECAMARAS, COMEDORES   ",ILUMINACION                   ,LAMP INFANTIL                 
45005,"SALAS, RECAMARAS, COMEDORES   ",ILUMINACION                   ,LAMPARA DE MESA               
45020,"SALAS, RECAMARAS, COMEDORES   ",ILUMINACION                   ,LAMPARA P/RECAMARA CLASICA    
45025,"SALAS, RECAMARAS, COMEDORES   ",ILUMINACION                   ,LAMPARA DE ESCRITORIO         
45045,"SALAS, RECAMARAS, COMEDORES   ",ILUMINACION                   ,LAMPARAS COLGANTES            
45201,"SALAS, RECAMARAS, COMEDORES   ",CUADROS Y ESPEJOS             ,HERRERIA                      
45205,"SALAS, RECAMARAS, COMEDORES   ",CUADROS Y ESPEJOS             ,REPISA                        
45210,"SALAS, RECAMARAS, COMEDORES   ",CUADROS Y ESPEJOS             ,ESPEJO                        
45211,"SALAS, RECAMARAS, COMEDORES   ",CUADROS Y ESPEJOS             ,ESPEJOS DE PISO               
45215,"SALAS, RECAMARAS, COMEDORES   ",CUADROS Y ESPEJOS             ,RELIGIOSO                     
45220,"SALAS, RECAMARAS, COMEDORES   ",CUADROS Y ESPEJOS             ,RELOJ                         
45230,"SALAS, RECAMARAS, COMEDORES   ",CUADROS Y ESPEJOS             ,CUADRO  INFANTIL              
45245,"SALAS, RECAMARAS, COMEDORES   ",CUADROS Y ESPEJOS             ,CUADRO                        
45251,"SALAS, RECAMARAS, COMEDORES   ",CUADROS Y ESPEJOS             ,PORTARRETRATO DE PARED        
45301,"SALAS, RECAMARAS, COMEDORES   ",BAÑO                          ,ACCESORIO PARA BAÑO           
45302,"SALAS, RECAMARAS, COMEDORES   ",BAÑO                          ,SETS DE TOALLAS               
45303,"SALAS, RECAMARAS, COMEDORES   ",BAÑO                          ,JUEGO DE BAÑO                 
45304,"SALAS, RECAMARAS, COMEDORES   ",BAÑO                          ,TAPETE DE BAÑO                
45305,"SALAS, RECAMARAS, COMEDORES   ",BAÑO                          ,CORTINA P/BAÑO                
45310,"SALAS, RECAMARAS, COMEDORES   ",BAÑO                          ,TOALLA MEDIO BAÑO             
45315,"SALAS, RECAMARAS, COMEDORES   ",BAÑO                          ,TOALLA BAÑO COMPLETO          
45320,"SALAS, RECAMARAS, COMEDORES   ",BAÑO                          ,TOALLA MANOS- FACIAL          
45325,"SALAS, RECAMARAS, COMEDORES   ",BAÑO                          ,TOALLA LICENCIA-INFANTIL      
45330,"SALAS, RECAMARAS, COMEDORES   ",BAÑO                          ,TOALLA INFANTIL               
45331,"SALAS, RECAMARAS, COMEDORES   ",BAÑO                          ,TOALLAS DE PLAYA              
45401,"SALAS, RECAMARAS, COMEDORES   ",ACCESORIOS DE MESA            ,FLORERO/JARRON                
45410,"SALAS, RECAMARAS, COMEDORES   ",ACCESORIOS DE MESA            ,PLATON / CHAROLA              
45415,"SALAS, RECAMARAS, COMEDORES   ",ACCESORIOS DE MESA            ,ESCULTURA- FIGURA             
45420,"SALAS, RECAMARAS, COMEDORES   ",ACCESORIOS DE MESA            ,PORTARETRATO                  
45425,"SALAS, RECAMARAS, COMEDORES   ",ACCESORIOS DE MESA            ,CANDELABRO                    
45430,"SALAS, RECAMARAS, COMEDORES   ",ACCESORIOS DE MESA            ,VELA                          
45435,"SALAS, RECAMARAS, COMEDORES   ",ACCESORIOS DE MESA            ,ESFERA / FRUTA                
45440,"SALAS, RECAMARAS, COMEDORES   ",ACCESORIOS DE MESA            ,POUTPURRI-DIFUSOR             
45451,"SALAS, RECAMARAS, COMEDORES   ",ACCESORIOS DE MESA            ,NATURALEZA                    
45455,"SALAS, RECAMARAS, COMEDORES   ",ACCESORIOS DE MESA            ,JOYEROS                       
45502,"SALAS, RECAMARAS, COMEDORES   ",COJINES                       ,COJIN P/SILLA                 
45503,"SALAS, RECAMARAS, COMEDORES   ",COJINES                       ,COJIN INFANTIL                
45511,"SALAS, RECAMARAS, COMEDORES   ",COJINES                       ,COJIN                         
45550,"SALAS, RECAMARAS, COMEDORES   ",COJINES                       ,RIÑONERA                      
45601,"SALAS, RECAMARAS, COMEDORES   ",HALLOWEEN Y DIA DE MUERTOS    ,ACCESORIOS DE MESA            
45610,"SALAS, RECAMARAS, COMEDORES   ",HALLOWEEN Y DIA DE MUERTOS    ,ACCESORIO PARA EXTERIOR       
45625,"SALAS, RECAMARAS, COMEDORES   ",HALLOWEEN Y DIA DE MUERTOS    ,LUCES                         
45630,"SALAS, RECAMARAS, COMEDORES   ",HALLOWEEN Y DIA DE MUERTOS    ,ACCESORIOS DE COCINA          
45635,"SALAS, RECAMARAS, COMEDORES   ",HALLOWEEN Y DIA DE MUERTOS    ,MANTELES Y CAMINOS DE MESA    
45640,"SALAS, RECAMARAS, COMEDORES   ",HALLOWEEN Y DIA DE MUERTOS    ,VELAS Y CANDELABROS           
45645,"SALAS, RECAMARAS, COMEDORES   ",HALLOWEEN Y DIA DE MUERTOS    ,NATURALEZA                    
45650,"SALAS, RECAMARAS, COMEDORES   ",HALLOWEEN Y DIA DE MUERTOS    ,ACCESORIOS DE PARED           
45660,"SALAS, RECAMARAS, COMEDORES   ",HALLOWEEN Y DIA DE MUERTOS    ,COJINES                       
45701,"SALAS, RECAMARAS, COMEDORES   ",DECORACION DE JARDIN          ,ARBOLES                       
45710,"SALAS, RECAMARAS, COMEDORES   ",DECORACION DE JARDIN          ,MACETAS                       
45715,"SALAS, RECAMARAS, COMEDORES   ",DECORACION DE JARDIN          ,PLANTAS NATURALES             
45720,"SALAS, RECAMARAS, COMEDORES   ",DECORACION DE JARDIN          ,ACCESORIOS DE JARDIN          
45801,"SALAS, RECAMARAS, COMEDORES   ",NAVIDAD                       ,ARBOL DE NAVIDAD              
45810,"SALAS, RECAMARAS, COMEDORES   ",NAVIDAD                       ,ACCESORIO PARA ARBOL          
45815,"SALAS, RECAMARAS, COMEDORES   ",NAVIDAD                       ,VILLAS                        
45820,"SALAS, RECAMARAS, COMEDORES   ",NAVIDAD                       ,ESCULTURAS                    
45821,"SALAS, RECAMARAS, COMEDORES   ",NAVIDAD                       ,NATURALEZA                    
45822,"SALAS, RECAMARAS, COMEDORES   ",NAVIDAD                       ,VELAS Y DIFUSORES             
45823,"SALAS, RECAMARAS, COMEDORES   ",NAVIDAD                       ,CANDELABROS Y PORTAVELAS      
45825,"SALAS, RECAMARAS, COMEDORES   ",NAVIDAD                       ,ACCESORIOS DE PARED           
45830,"SALAS, RECAMARAS, COMEDORES   ",NAVIDAD                       ,ACCESORIOS DE EXTERIOR        
45835,"SALAS, RECAMARAS, COMEDORES   ",NAVIDAD                       ,LUCES NAVIDEÑAS               
45840,"SALAS, RECAMARAS, COMEDORES   ",NAVIDAD                       ,COJINES                       
45845,"SALAS, RECAMARAS, COMEDORES   ",NAVIDAD                       ,ACCESORIOS DE COCINA          
45850,"SALAS, RECAMARAS, COMEDORES   ",NAVIDAD                       ,MANTELES Y CAMINOS DE MESA    
45855,"SALAS, RECAMARAS, COMEDORES   ",NAVIDAD                       ,ACCESORIO PARA BAÑO           
45901,"SALAS, RECAMARAS, COMEDORES   ",TAPETES                       ,TAPETE DE ENTRADA             
45902,"SALAS, RECAMARAS, COMEDORES   ",TAPETES                       ,TAPETE DE AREA                
45905,"SALAS, RECAMARAS, COMEDORES   ",TAPETES                       ,TAPETE PIE DE CAMA            
45910,"SALAS, RECAMARAS, COMEDORES   ",TAPETES                       ,TAPETE INFANTIL               
45925,"SALAS, RECAMARAS, COMEDORES   ",TAPETES                       ,TAPETE DE COCINA              
46005,"SALAS, RECAMARAS, COMEDORES   ",RECAMARAS                     ,PORTALUNA DESPIEZADO          
46015,"SALAS, RECAMARAS, COMEDORES   ",RECAMARAS                     ,BURO DESPIEZADO               
46307,"SALAS, RECAMARAS, COMEDORES   ",MUEBLES PARA TV               ,MUEBLE PARA TV EMPOTRABLE     
46311,"SALAS, RECAMARAS, COMEDORES   ",MUEBLES PARA TV               ,MESA PARA TV PLASMA CONTEMPO  
46501,"SALAS, RECAMARAS, COMEDORES   ",PIEZAS SUELTAS DE RECAMARAS   ,TOCADOR SUELTO                
46502,"SALAS, RECAMARAS, COMEDORES   ",PIEZAS SUELTAS DE RECAMARAS   ,PORTA LUNA SUELTO             
46504,"SALAS, RECAMARAS, COMEDORES   ",PIEZAS SUELTAS DE RECAMARAS   ,CABECERA SUELTA               
46507,"SALAS, RECAMARAS, COMEDORES   ",PIEZAS SUELTAS DE RECAMARAS   ,BURO SUELTO                   
46601,"SALAS, RECAMARAS, COMEDORES   ",DECORACION DE COCINA          ,MANTEL PARA MESA              
46602,"SALAS, RECAMARAS, COMEDORES   ",DECORACION DE COCINA          ,MANTEL INDIVIDUAL             
46603,"SALAS, RECAMARAS, COMEDORES   ",DECORACION DE COCINA          ,SERVILLETA/TOALLA             
46604,"SALAS, RECAMARAS, COMEDORES   ",DECORACION DE COCINA          ,MANDIL DE COCINA              
46605,"SALAS, RECAMARAS, COMEDORES   ",DECORACION DE COCINA          ,ACCESORIO DE COCINA           
46606,"SALAS, RECAMARAS, COMEDORES   ",DECORACION DE COCINA          ,CAMINO DE MESA                
49101,"SALAS, RECAMARAS, COMEDORES   ",ROPA DE CAMA INTERIOR         ,PROTECTOR DE COLCHON ESTANDAR 
49105,"SALAS, RECAMARAS, COMEDORES   ",ROPA DE CAMA INTERIOR         ,PROTECTOR DE COLCHON IMPERMEAB
49115,"SALAS, RECAMARAS, COMEDORES   ",ROPA DE CAMA INTERIOR         ,JUEGO DE SABANAS              
49116,"SALAS, RECAMARAS, COMEDORES   ",ROPA DE CAMA INTERIOR         ,JUEGO DE SABANAS KING SIZE    
49121,"SALAS, RECAMARAS, COMEDORES   ",ROPA DE CAMA INTERIOR         ,JUEGO DE SABANAS INFANTIL     
49126,"SALAS, RECAMARAS, COMEDORES   ",ROPA DE CAMA INTERIOR         ,FUNDAS                        
49135,"SALAS, RECAMARAS, COMEDORES   ",ROPA DE CAMA INTERIOR         ,COLCHONETA                    
49201,"SALAS, RECAMARAS, COMEDORES   ",ROPA DE CAMA EXTERIOR         ,COORDINADO DE EDREDON         
49202,"SALAS, RECAMARAS, COMEDORES   ",ROPA DE CAMA EXTERIOR         ,EDREDON KING SIZE             
49210,"SALAS, RECAMARAS, COMEDORES   ",ROPA DE CAMA EXTERIOR         ,COORDINADO DE EDREDON JUVENIL 
49235,"SALAS, RECAMARAS, COMEDORES   ",ROPA DE CAMA EXTERIOR         ,EDREDON INFANTIL              
49255,"SALAS, RECAMARAS, COMEDORES   ",ROPA DE CAMA EXTERIOR         ,COLCHA                        
49260,"SALAS, RECAMARAS, COMEDORES   ",ROPA DE CAMA EXTERIOR         ,COLCHA KING SIZE              
49301,"SALAS, RECAMARAS, COMEDORES   ",ROPA DE CAMA DE TEMPORADA     ,FRAZADA INFANTIL              
49305,"SALAS, RECAMARAS, COMEDORES   ",ROPA DE CAMA DE TEMPORADA     ,COBERTOR INFANTIL             
49310,"SALAS, RECAMARAS, COMEDORES   ",ROPA DE CAMA DE TEMPORADA     ,FRAZADA BASICA                
49315,"SALAS, RECAMARAS, COMEDORES   ",ROPA DE CAMA DE TEMPORADA     ,COBERTOR                      
49320,"SALAS, RECAMARAS, COMEDORES   ",ROPA DE CAMA DE TEMPORADA     ,EDREDON DE TEMPORADA          
49405,"SALAS, RECAMARAS, COMEDORES   ",ROPA DE CUNA                  ,ACCESORIOS PARA BEBE          
49501,"SALAS, RECAMARAS, COMEDORES   ",ALMOHADAS                     ,STANDARD                      
49502,"SALAS, RECAMARAS, COMEDORES   ",ALMOHADAS                     ,KING SIZE                     
49503,"SALAS, RECAMARAS, COMEDORES   ",ALMOHADAS                     ,ESPECIAL                      
49504,"SALAS, RECAMARAS, COMEDORES   ",ALMOHADAS                     ,INFANTIL                      
49505,"SALAS, RECAMARAS, COMEDORES   ",ALMOHADAS                     ,BODY PILLOW                   
49601,"SALAS, RECAMARAS, COMEDORES   ",CORTINAS                      ,CORTINA                       
49602,"SALAS, RECAMARAS, COMEDORES   ",CORTINAS                      ,CORTINERO                     
49603,"SALAS, RECAMARAS, COMEDORES   ",CORTINAS                      ,CUBRESALAS                    
49901,"SALAS, RECAMARAS, COMEDORES   ",PROMOCIONES                   ,NO VENDER                     
50101,BICICLETAS/BEBES/AUTOMOTRIZ   ,BEBES                         ,ANDADERA                      
50102,BICICLETAS/BEBES/AUTOMOTRIZ   ,BEBES                         ,CARRIOLA BASTON               
50103,BICICLETAS/BEBES/AUTOMOTRIZ   ,BEBES                         ,CARRIOLA NORMAL               
50104,BICICLETAS/BEBES/AUTOMOTRIZ   ,BEBES                         ,SISTEMA DE VIAJE              
50108,BICICLETAS/BEBES/AUTOMOTRIZ   ,BEBES                         ,CUNA VIAJERA                  
50109,BICICLETAS/BEBES/AUTOMOTRIZ   ,BEBES                         ,VARIOS BEBE                   
50111,BICICLETAS/BEBES/AUTOMOTRIZ   ,BEBES                         ,SILLA BOOSTER                 
50112,BICICLETAS/BEBES/AUTOMOTRIZ   ,BEBES                         ,SILLA ALTA                    
50113,BICICLETAS/BEBES/AUTOMOTRIZ   ,BEBES                         ,AUTO ASIENTO SEGURIDAD        
50114,BICICLETAS/BEBES/AUTOMOTRIZ   ,BEBES                         ,PORTABEBES                    
50115,BICICLETAS/BEBES/AUTOMOTRIZ   ,BEBES                         ,BOUNCER                       
50118,BICICLETAS/BEBES/AUTOMOTRIZ   ,BEBES                         ,EJERCITADORES                 
50120,BICICLETAS/BEBES/AUTOMOTRIZ   ,BEBES                         ,GIMNASIO Y TAPETES            
50125,BICICLETAS/BEBES/AUTOMOTRIZ   ,BEBES                         ,BAÑERAS                       
50130,BICICLETAS/BEBES/AUTOMOTRIZ   ,BEBES                         ,COLUMPIO                      
50141,BICICLETAS/BEBES/AUTOMOTRIZ   ,BEBES                         ,ANDADERAS EXCLUSIVOS .COM     
50142,BICICLETAS/BEBES/AUTOMOTRIZ   ,BEBES                         ,CARRIOLA BAST EXCLUSIVOS .COM 
50143,BICICLETAS/BEBES/AUTOMOTRIZ   ,BEBES                         ,CARRIOLA NORM EXCLUSIVOS .COM 
50144,BICICLETAS/BEBES/AUTOMOTRIZ   ,BEBES                         ,SISTEMA VIAJE EXCLUSIVOS .COM 
50145,BICICLETAS/BEBES/AUTOMOTRIZ   ,BEBES                         ,CUNA VIAJERA EXCLUSIVOS .COM  
50146,BICICLETAS/BEBES/AUTOMOTRIZ   ,BEBES                         ,VARIOS BEBES EXCLUSIVOS .COM  
50147,BICICLETAS/BEBES/AUTOMOTRIZ   ,BEBES                         ,SILLA BOOSTER EXCLUSIVOS .COM 
50148,BICICLETAS/BEBES/AUTOMOTRIZ   ,BEBES                         ,SILLA ALTA EXCLUSIVOS .COM    
50149,BICICLETAS/BEBES/AUTOMOTRIZ   ,BEBES                         ,AUTOASIENTO EXCLUSIVOS .COM   
50150,BICICLETAS/BEBES/AUTOMOTRIZ   ,BEBES                         ,PORTABEBES EXCLUSIVOS .COM    
50151,BICICLETAS/BEBES/AUTOMOTRIZ   ,BEBES                         ,BOUNCER EXCLUSIVOS .COM       
50153,BICICLETAS/BEBES/AUTOMOTRIZ   ,BEBES                         ,GIMNASIO TAPETE EXCLUSIVOS.COM
50154,BICICLETAS/BEBES/AUTOMOTRIZ   ,BEBES                         ,BAÑERAS EXCLUSIVOS .COM       
50155,BICICLETAS/BEBES/AUTOMOTRIZ   ,BEBES                         ,COLUMPIO EXCLUSIVOS .COM      
50302,BICICLETAS/BEBES/AUTOMOTRIZ   ,JUGUETES                      ,CORREPASILLOS Y BALANCE BIKE  
50303,BICICLETAS/BEBES/AUTOMOTRIZ   ,JUGUETES                      ,CARRITO DE PASEO - BASTON     
50304,BICICLETAS/BEBES/AUTOMOTRIZ   ,JUGUETES                      ,MONTABLES ELECTRICOS          
50305,BICICLETAS/BEBES/AUTOMOTRIZ   ,JUGUETES                      ,MOTOS DE PEDALES              
50306,BICICLETAS/BEBES/AUTOMOTRIZ   ,JUGUETES                      ,ELECTRICOS PEQUEÑOS           
50308,BICICLETAS/BEBES/AUTOMOTRIZ   ,JUGUETES                      ,SCOOTER INFANTIL NIÑA         
50309,BICICLETAS/BEBES/AUTOMOTRIZ   ,JUGUETES                      ,SCOOTER INFANTIL NIÑO         
50310,BICICLETAS/BEBES/AUTOMOTRIZ   ,JUGUETES                      ,SCOOTER JUVENIL               
50311,BICICLETAS/BEBES/AUTOMOTRIZ   ,JUGUETES                      ,TRICICLO INFANTIL NIÑA        
50312,BICICLETAS/BEBES/AUTOMOTRIZ   ,JUGUETES                      ,TRICICLO INFANTIL NIÑO        
50313,BICICLETAS/BEBES/AUTOMOTRIZ   ,JUGUETES                      ,TRICICLO ETAPAS               
50315,BICICLETAS/BEBES/AUTOMOTRIZ   ,JUGUETES                      ,PATINES JUVENILES             
50316,BICICLETAS/BEBES/AUTOMOTRIZ   ,JUGUETES                      ,PATINES INFANTILES            
50317,BICICLETAS/BEBES/AUTOMOTRIZ   ,JUGUETES                      ,PATINES PREESCOLAR            
50318,BICICLETAS/BEBES/AUTOMOTRIZ   ,JUGUETES                      ,EDUCATIVOS                    
50319,BICICLETAS/BEBES/AUTOMOTRIZ   ,JUGUETES                      ,COCINAS MERCADO VANITY        
50320,BICICLETAS/BEBES/AUTOMOTRIZ   ,JUGUETES                      ,JUGUETES VARIOS               
50322,BICICLETAS/BEBES/AUTOMOTRIZ   ,JUGUETES                      ,TRAMPOLINES                   
50330,BICICLETAS/BEBES/AUTOMOTRIZ   ,JUGUETES                      ,VEHICULO R/C  ESCALA          
50332,BICICLETAS/BEBES/AUTOMOTRIZ   ,JUGUETES                      ,DRONES R/C                    
50345,BICICLETAS/BEBES/AUTOMOTRIZ   ,JUGUETES                      ,PATINETAS                     
50347,BICICLETAS/BEBES/AUTOMOTRIZ   ,JUGUETES                      ,MATTEL PDV                    
50350,BICICLETAS/BEBES/AUTOMOTRIZ   ,JUGUETES                      ,ACTIVIDADES                   
50352,BICICLETAS/BEBES/AUTOMOTRIZ   ,JUGUETES                      ,JUGUETES OUTDOOR              
50355,BICICLETAS/BEBES/AUTOMOTRIZ   ,JUGUETES                      ,AUTOPISTAS                    
50365,BICICLETAS/BEBES/AUTOMOTRIZ   ,JUGUETES                      ,CASITAS                       
50371,BICICLETAS/BEBES/AUTOMOTRIZ   ,JUGUETES                      ,CORREPASILLOS Y BK EXCL.COM   
50372,BICICLETAS/BEBES/AUTOMOTRIZ   ,JUGUETES                      ,CARRITO PASEO EXCLUSIVOS.COM  
50373,BICICLETAS/BEBES/AUTOMOTRIZ   ,JUGUETES                      ,MONT ELECT EXCLUSIVOS .COM    
50374,BICICLETAS/BEBES/AUTOMOTRIZ   ,JUGUETES                      ,ELECT PEQUEÑOS EXCLUSIVOS.COM 
50375,BICICLETAS/BEBES/AUTOMOTRIZ   ,JUGUETES                      ,SCOOT INF NIÑA EXCLUSIVOS.COM 
50376,BICICLETAS/BEBES/AUTOMOTRIZ   ,JUGUETES                      ,SCOOT INF NIÑO EXCLUSIVOS.COM 
50377,BICICLETAS/BEBES/AUTOMOTRIZ   ,JUGUETES                      ,SCOOTER JUV. EXCLUSIVOS.COM   
50378,BICICLETAS/BEBES/AUTOMOTRIZ   ,JUGUETES                      ,TRIC. INF NIÑA EXCLUSIVOS.COM 
50379,BICICLETAS/BEBES/AUTOMOTRIZ   ,JUGUETES                      ,TRIC. INF NIÑO EXCLUSIVOS .COM
50380,BICICLETAS/BEBES/AUTOMOTRIZ   ,JUGUETES                      ,TRIC. ETAPAS EXCLUSIVOS.COM   
50381,BICICLETAS/BEBES/AUTOMOTRIZ   ,JUGUETES                      ,PATINES JUV. EXCLUSIVOS.COM   
50382,BICICLETAS/BEBES/AUTOMOTRIZ   ,JUGUETES                      ,PATINES INF. EXCLUSIVOS .COM  
50383,BICICLETAS/BEBES/AUTOMOTRIZ   ,JUGUETES                      ,PATINES PREESC EXCLUSIVOS.COM 
50384,BICICLETAS/BEBES/AUTOMOTRIZ   ,JUGUETES                      ,EDUCATIVOS EXCLUSIVOS .COM    
50385,BICICLETAS/BEBES/AUTOMOTRIZ   ,JUGUETES                      ,COCINA MERCA VANITY EXCLU .COM
50386,BICICLETAS/BEBES/AUTOMOTRIZ   ,JUGUETES                      ,JUG. VARIOS EXCLUSIVOS .COM   
50387,BICICLETAS/BEBES/AUTOMOTRIZ   ,JUGUETES                      ,TRAMPOLINES EXCLUSIVOS.COM    
50388,BICICLETAS/BEBES/AUTOMOTRIZ   ,JUGUETES                      ,BLOQUES CONSTR EXCLUSIVOS .COM
50390,BICICLETAS/BEBES/AUTOMOTRIZ   ,JUGUETES                      ,VEHIC. R/C EXCLUSIVOS .COM    
50391,BICICLETAS/BEBES/AUTOMOTRIZ   ,JUGUETES                      ,DRONES HELICOP EXCLUSIVOS .COM
50392,BICICLETAS/BEBES/AUTOMOTRIZ   ,JUGUETES                      ,PATINETAS EXCLUSIVOS.COM      
50395,BICICLETAS/BEBES/AUTOMOTRIZ   ,JUGUETES                      ,ACTIVIDADES EXCLUSIVOS .COM   
50396,BICICLETAS/BEBES/AUTOMOTRIZ   ,JUGUETES                      ,JUG. OUTDOOR EXCLUSIVOS .COM  
50397,BICICLETAS/BEBES/AUTOMOTRIZ   ,JUGUETES                      ,AUTOPISTAS EXCLUSIVOS .COM    
50398,BICICLETAS/BEBES/AUTOMOTRIZ   ,JUGUETES                      ,CASITAS EXCLUSIVOS .COM       
50501,BICICLETAS/BEBES/AUTOMOTRIZ   ,ASPIRADORA INDUSTRIAL         ,ASPIRADORA INDUSTRIAL         
50502,BICICLETAS/BEBES/AUTOMOTRIZ   ,ASPIRADORA INDUSTRIAL         ,LAVADO INDUSTRIAL             
50632,BICICLETAS/BEBES/AUTOMOTRIZ   ,LLANTAS                       ,PASAJERO RIN 13.COM           
50634,BICICLETAS/BEBES/AUTOMOTRIZ   ,LLANTAS                       ,PASAJERO RIN 14.COM           
50638,BICICLETAS/BEBES/AUTOMOTRIZ   ,LLANTAS                       ,PASAJERO RIN 16.COM           
50656,BICICLETAS/BEBES/AUTOMOTRIZ   ,LLANTAS                       ,CAMIONETA RIN 18.COM          
50708,BICICLETAS/BEBES/AUTOMOTRIZ   ,ACUMULADORES                  ,BATERIA PARA MOTO.COM         
50805,BICICLETAS/BEBES/AUTOMOTRIZ   ,ALBERCAS                      ,CAMPISMO                      
50811,BICICLETAS/BEBES/AUTOMOTRIZ   ,ALBERCAS                      ,ALBERCAS EXCLUSIVAS.COM       
50815,BICICLETAS/BEBES/AUTOMOTRIZ   ,ALBERCAS                      ,ALBERCAS PLAYCENTER           
50816,BICICLETAS/BEBES/AUTOMOTRIZ   ,ALBERCAS                      ,ALBERCAS INFANTILES EXCLUSIVAS
50820,BICICLETAS/BEBES/AUTOMOTRIZ   ,ALBERCAS                      ,FIGURAS INFLABLES             
50821,BICICLETAS/BEBES/AUTOMOTRIZ   ,ALBERCAS                      ,FIG INFLABLES EXCLUSIVAS      
50822,BICICLETAS/BEBES/AUTOMOTRIZ   ,ALBERCAS                      ,ALBERCA CH 1-3000 L           
50823,BICICLETAS/BEBES/AUTOMOTRIZ   ,ALBERCAS                      ,ALBERCAS MED 3000-6000 L      
50825,BICICLETAS/BEBES/AUTOMOTRIZ   ,ALBERCAS                      ,FLOTADORES                    
50826,BICICLETAS/BEBES/AUTOMOTRIZ   ,ALBERCAS                      ,FLOTADORES EXCLUSIVOS.COM     
50827,BICICLETAS/BEBES/AUTOMOTRIZ   ,ALBERCAS                      ,ALBERCAS GRANDE 6000 MAS L    
50828,BICICLETAS/BEBES/AUTOMOTRIZ   ,ALBERCAS                      ,ALBERCAS INFANTILES CH        
50829,BICICLETAS/BEBES/AUTOMOTRIZ   ,ALBERCAS                      ,ALBERCAS INFANTILES GD        
50830,BICICLETAS/BEBES/AUTOMOTRIZ   ,ALBERCAS                      ,ART. LIMPIEZA                 
50835,BICICLETAS/BEBES/AUTOMOTRIZ   ,ALBERCAS                      ,BOMBA                         
50836,BICICLETAS/BEBES/AUTOMOTRIZ   ,ALBERCAS                      ,BOMBAS EXCLUSIVAS.COM         
50840,BICICLETAS/BEBES/AUTOMOTRIZ   ,ALBERCAS                      ,VARIOS ALBERCAS               
50845,BICICLETAS/BEBES/AUTOMOTRIZ   ,ALBERCAS                      ,VARIOS EXCLUSIVOS ALBERCAS.COM
50936,BICICLETAS/BEBES/AUTOMOTRIZ   ,CAMPISMO                      ,BOMBA                         
51005,BICICLETAS/BEBES/AUTOMOTRIZ   ,BICICLETAS INFANTIL Y JUVENIL ,INFANTIL RIN 12 NIÑO          
51020,BICICLETAS/BEBES/AUTOMOTRIZ   ,BICICLETAS INFANTIL Y JUVENIL ,INFANTIL RIN 16 C/SUSP NIÑO   
51035,BICICLETAS/BEBES/AUTOMOTRIZ   ,BICICLETAS INFANTIL Y JUVENIL ,JUVENIL RIN 20 FREESTYLE      
51060,BICICLETAS/BEBES/AUTOMOTRIZ   ,BICICLETAS INFANTIL Y JUVENIL ,.COM INFANTIL RIN 12 NIÑO     
51063,BICICLETAS/BEBES/AUTOMOTRIZ   ,BICICLETAS INFANTIL Y JUVENIL ,.COM INFANTIL RIN 12 NIÑA     
51066,BICICLETAS/BEBES/AUTOMOTRIZ   ,BICICLETAS INFANTIL Y JUVENIL ,.COM INFANTIL RIN 16 NIÑO     
51069,BICICLETAS/BEBES/AUTOMOTRIZ   ,BICICLETAS INFANTIL Y JUVENIL ,.COM INFANTIL RIN16 NIÑA      
51072,BICICLETAS/BEBES/AUTOMOTRIZ   ,BICICLETAS INFANTIL Y JUVENIL ,.COM INFANTIL RIN 16 SUSP NIÑO
51075,BICICLETAS/BEBES/AUTOMOTRIZ   ,BICICLETAS INFANTIL Y JUVENIL ,.COM INFANTIL RIN 20 NIÑO     
51078,BICICLETAS/BEBES/AUTOMOTRIZ   ,BICICLETAS INFANTIL Y JUVENIL ,.COM INFANTIL RIN 20 NIÑA     
51081,BICICLETAS/BEBES/AUTOMOTRIZ   ,BICICLETAS INFANTIL Y JUVENIL ,.COM INFANTIL RIN 20 SUSP NIÑO
51084,BICICLETAS/BEBES/AUTOMOTRIZ   ,BICICLETAS INFANTIL Y JUVENIL ,.COM INFANTIL RIN 20 FREESTYLE
51111,BICICLETAS/BEBES/AUTOMOTRIZ   ,ACCESORIOS BICICLETAS         ,CASCO NIÑO                    
51131,BICICLETAS/BEBES/AUTOMOTRIZ   ,ACCESORIOS BICICLETAS         ,SILLA INFANTILES              
51155,BICICLETAS/BEBES/AUTOMOTRIZ   ,ACCESORIOS BICICLETAS         ,ACCESORIOS VARIOS DEPORTIVOS  
51160,BICICLETAS/BEBES/AUTOMOTRIZ   ,ACCESORIOS BICICLETAS         ,.COM LUCES                    
51163,BICICLETAS/BEBES/AUTOMOTRIZ   ,ACCESORIOS BICICLETAS         ,.COM CASCOS Y PROTECTORES ADUL
51166,BICICLETAS/BEBES/AUTOMOTRIZ   ,ACCESORIOS BICICLETAS         ,.COM CASCO Y PROTECTORES INFAN
51169,BICICLETAS/BEBES/AUTOMOTRIZ   ,ACCESORIOS BICICLETAS         ,.COM GUANTES                  
51172,BICICLETAS/BEBES/AUTOMOTRIZ   ,ACCESORIOS BICICLETAS         ,.COM BOMBA DE AIRE            
51175,BICICLETAS/BEBES/AUTOMOTRIZ   ,ACCESORIOS BICICLETAS         ,.COM MOCHILAS Y ALFORJAS      
51178,BICICLETAS/BEBES/AUTOMOTRIZ   ,ACCESORIOS BICICLETAS         ,.COM CANDADOS                 
51181,BICICLETAS/BEBES/AUTOMOTRIZ   ,ACCESORIOS BICICLETAS         ,.COM RACKS Y ACCS P AUTO      
51184,BICICLETAS/BEBES/AUTOMOTRIZ   ,ACCESORIOS BICICLETAS         ,.COM SILLAS INFANTILES        
51187,BICICLETAS/BEBES/AUTOMOTRIZ   ,ACCESORIOS BICICLETAS         ,.COM REMOLQUES                
51190,BICICLETAS/BEBES/AUTOMOTRIZ   ,ACCESORIOS BICICLETAS         ,.COM ANFORA Y MOCHILAS HIDRATA
51193,BICICLETAS/BEBES/AUTOMOTRIZ   ,ACCESORIOS BICICLETAS         ,.COM ASIENTOS Y CUBREASIENTOS 
51196,BICICLETAS/BEBES/AUTOMOTRIZ   ,ACCESORIOS BICICLETAS         ,.COM LLANTAS Y KIT DE HERRAMIE
51198,BICICLETAS/BEBES/AUTOMOTRIZ   ,ACCESORIOS BICICLETAS         ,.COM ACCESORIOS VARIOS DEPORTI
51199,BICICLETAS/BEBES/AUTOMOTRIZ   ,ACCESORIOS BICICLETAS         ,.COM OTROS                    
51401,BICICLETAS/BEBES/AUTOMOTRIZ   ,ACCESORIOS DE COCINA          ,MOBILIARIO Y CONSERVACION     
51402,BICICLETAS/BEBES/AUTOMOTRIZ   ,ACCESORIOS DE COCINA          ,CONSERVACION DE PRODUCTOS IND 
51403,BICICLETAS/BEBES/AUTOMOTRIZ   ,ACCESORIOS DE COCINA          ,ELECTRODOMESTICOS INDUSTRIALES
51404,BICICLETAS/BEBES/AUTOMOTRIZ   ,ACCESORIOS DE COCINA          ,PREPARACION DE ALIMENTOS      
51405,BICICLETAS/BEBES/AUTOMOTRIZ   ,ACCESORIOS DE COCINA          ,MENAJE COCINA INDUSTRIAL      
51406,BICICLETAS/BEBES/AUTOMOTRIZ   ,ACCESORIOS DE COCINA          ,OTROS RESTAURANTERIA Y COCINA 
51503,BICICLETAS/BEBES/AUTOMOTRIZ   ,BICICLETA ADULTO              ,RIN 24 MTB DOBLE SUS CABALLERO
51525,BICICLETAS/BEBES/AUTOMOTRIZ   ,BICICLETA ADULTO              ,RIN 29 MTB SUSP DEL CABALLERO 
51545,BICICLETAS/BEBES/AUTOMOTRIZ   ,BICICLETA ADULTO              ,RIN 26 URBANA CABALLERO       
51550,BICICLETAS/BEBES/AUTOMOTRIZ   ,BICICLETA ADULTO              ,RIN 26 URBANAS DAMA           
51553,BICICLETAS/BEBES/AUTOMOTRIZ   ,BICICLETA ADULTO              ,GRAVEL Y RUTA                 
51555,BICICLETAS/BEBES/AUTOMOTRIZ   ,BICICLETA ADULTO              ,700C Y PLEGABLE URBANA        
51560,BICICLETAS/BEBES/AUTOMOTRIZ   ,BICICLETA ADULTO              ,.COM RIN 24 MTB SUSP DEL CABAL
51563,BICICLETAS/BEBES/AUTOMOTRIZ   ,BICICLETA ADULTO              ,.COM RIN 24 MTB DOB SUSP CABAL
51566,BICICLETAS/BEBES/AUTOMOTRIZ   ,BICICLETA ADULTO              ,.COM RIN 24 MTB DAMA          
51569,BICICLETAS/BEBES/AUTOMOTRIZ   ,BICICLETA ADULTO              ,.COM RIN 26 MTB SUSP DEL CABAL
51572,BICICLETAS/BEBES/AUTOMOTRIZ   ,BICICLETA ADULTO              ,.COM RIN 26 MTB DOB SUSP CABAL
51575,BICICLETAS/BEBES/AUTOMOTRIZ   ,BICICLETA ADULTO              ,.COM RIN 26 MTB DAMA          
51578,BICICLETAS/BEBES/AUTOMOTRIZ   ,BICICLETA ADULTO              ,.COM RIN 27.5 MTB CABALLERO   
51581,BICICLETAS/BEBES/AUTOMOTRIZ   ,BICICLETA ADULTO              ,.COM RIN 29 MTB SUSP DEL CABAL
51584,BICICLETAS/BEBES/AUTOMOTRIZ   ,BICICLETA ADULTO              ,.COM RIN 29 MTB DOB SUSP CABAL
51587,BICICLETAS/BEBES/AUTOMOTRIZ   ,BICICLETA ADULTO              ,.COM RIN 24 URBANA CABALLERO  
51590,BICICLETAS/BEBES/AUTOMOTRIZ   ,BICICLETA ADULTO              ,.COM RIN 24 URBANA DAMA       
51593,BICICLETAS/BEBES/AUTOMOTRIZ   ,BICICLETA ADULTO              ,.COM RIN 26 URBANA CABALLERO  
51596,BICICLETAS/BEBES/AUTOMOTRIZ   ,BICICLETA ADULTO              ,.COM RIN 26 URBANAS DAMA      
51598,BICICLETAS/BEBES/AUTOMOTRIZ   ,BICICLETA ADULTO              ,.COM GRAVEL Y RUTA            
51599,BICICLETAS/BEBES/AUTOMOTRIZ   ,BICICLETA ADULTO              ,.COM 700C Y PLEGABLE URBANA   
51601,BICICLETAS/BEBES/AUTOMOTRIZ   ,EQUIPOS DE MEDICION ELECTRICOS,EQUIPOS DE MEDICION INDUSTRIAL
51602,BICICLETAS/BEBES/AUTOMOTRIZ   ,EQUIPOS DE MEDICION ELECTRICOS,VARIOS MEDICION               
51710,BICICLETAS/BEBES/AUTOMOTRIZ   ,ACCESORIOS DEPORTIVOS         ,DEPORTES VARIOS               
51810,BICICLETAS/BEBES/AUTOMOTRIZ   ,Bicicletas de Carga y Trabajo ,TRICICLETA Y BICICLETA DE CARG
51906,BICICLETAS/BEBES/AUTOMOTRIZ   ,FITNESS                       ,.COM EQUIPO DE GIMNASIO       
51907,BICICLETAS/BEBES/AUTOMOTRIZ   ,FITNESS                       ,ACONDICIONAMIENTO FISICO      
51908,BICICLETAS/BEBES/AUTOMOTRIZ   ,FITNESS                       ,.COM ACOND FISICO             
51909,BICICLETAS/BEBES/AUTOMOTRIZ   ,FITNESS                       ,TV FITNESS                    
51911,BICICLETAS/BEBES/AUTOMOTRIZ   ,FITNESS                       ,PILATES Y YOGA                
51912,BICICLETAS/BEBES/AUTOMOTRIZ   ,FITNESS                       ,.COM PILATES Y YOGA           
51914,BICICLETAS/BEBES/AUTOMOTRIZ   ,FITNESS                       ,.COM BICICLETAS FIT           
51916,BICICLETAS/BEBES/AUTOMOTRIZ   ,FITNESS                       ,.COM CAMINADORAS FITNESS      
51918,BICICLETAS/BEBES/AUTOMOTRIZ   ,FITNESS                       ,.COM ELIPTICAS                
51919,BICICLETAS/BEBES/AUTOMOTRIZ   ,FITNESS                       ,MANCUERNA/PESA                
51920,BICICLETAS/BEBES/AUTOMOTRIZ   ,FITNESS                       ,.COM MANCUERNA/ PESA          
52004,BICICLETAS/BEBES/AUTOMOTRIZ   ,ACCESORIOS AUTOMOTRIZ VARIOS  ,TAPETES PARA AUTO             
52005,BICICLETAS/BEBES/AUTOMOTRIZ   ,ACCESORIOS AUTOMOTRIZ VARIOS  ,TAPETES PARA AUTO.COM         
52007,BICICLETAS/BEBES/AUTOMOTRIZ   ,ACCESORIOS AUTOMOTRIZ VARIOS  ,CUBREASIENTO.COM              
52011,BICICLETAS/BEBES/AUTOMOTRIZ   ,ACCESORIOS AUTOMOTRIZ VARIOS  ,TAPONES Y COPAS.COM           
52020,BICICLETAS/BEBES/AUTOMOTRIZ   ,ACCESORIOS AUTOMOTRIZ VARIOS  ,CUBREVOLANTES                 
52021,BICICLETAS/BEBES/AUTOMOTRIZ   ,ACCESORIOS AUTOMOTRIZ VARIOS  ,CUBREVOLANTES.COM             
52025,BICICLETAS/BEBES/AUTOMOTRIZ   ,ACCESORIOS AUTOMOTRIZ VARIOS  ,CUBRESOL Y PARASOL.COM        
52026,BICICLETAS/BEBES/AUTOMOTRIZ   ,ACCESORIOS AUTOMOTRIZ VARIOS  ,ORGANIZADOR INTERIOR AUTO.COM 
52028,BICICLETAS/BEBES/AUTOMOTRIZ   ,ACCESORIOS AUTOMOTRIZ VARIOS  ,ACCESORIOS PARA MASCOTA.COM   
52030,BICICLETAS/BEBES/AUTOMOTRIZ   ,ACCESORIOS AUTOMOTRIZ VARIOS  ,SHAMPOO PARA AUTOS.COM        
52031,BICICLETAS/BEBES/AUTOMOTRIZ   ,ACCESORIOS AUTOMOTRIZ VARIOS  ,CERAS PARA AUTO.COM           
52032,BICICLETAS/BEBES/AUTOMOTRIZ   ,ACCESORIOS AUTOMOTRIZ VARIOS  ,ABRILLANTADORES PARA AUTO.COM 
52033,BICICLETAS/BEBES/AUTOMOTRIZ   ,ACCESORIOS AUTOMOTRIZ VARIOS  ,AROMATIZANTES PARA AUTO.COM   
52034,BICICLETAS/BEBES/AUTOMOTRIZ   ,ACCESORIOS AUTOMOTRIZ VARIOS  ,LIMPIAPARABRISAS.COM          
52035,BICICLETAS/BEBES/AUTOMOTRIZ   ,ACCESORIOS AUTOMOTRIZ VARIOS  ,TOALLAS Y PANOS PARA SECAR.COM
52036,BICICLETAS/BEBES/AUTOMOTRIZ   ,ACCESORIOS AUTOMOTRIZ VARIOS  ,ACCESORIOS PARA SECAR.COM     
52060,BICICLETAS/BEBES/AUTOMOTRIZ   ,ACCESORIOS AUTOMOTRIZ VARIOS  ,COPPEL.COM ACCS AUTOMOTRIZ    
52069,BICICLETAS/BEBES/AUTOMOTRIZ   ,ACCESORIOS AUTOMOTRIZ VARIOS  ,VARIOS ACCS AUTOMOTRIZ.COM    
52070,BICICLETAS/BEBES/AUTOMOTRIZ   ,ACCESORIOS AUTOMOTRIZ VARIOS  ,ACEITE PARA MOTOR.COM         
52071,BICICLETAS/BEBES/AUTOMOTRIZ   ,ACCESORIOS AUTOMOTRIZ VARIOS  ,ANTICONGELANTE.COM            
52072,BICICLETAS/BEBES/AUTOMOTRIZ   ,ACCESORIOS AUTOMOTRIZ VARIOS  ,DESENGRASANTE.COM             
52101,BICICLETAS/BEBES/AUTOMOTRIZ   ,COPPEL.COM                    ,BEBES                         
52104,BICICLETAS/BEBES/AUTOMOTRIZ   ,COPPEL.COM                    ,ALBERCAS                      
52201,BICICLETAS/BEBES/AUTOMOTRIZ   ,MASCOTAS                      ,CASAS PARA PERRO              
52401,BICICLETAS/BEBES/AUTOMOTRIZ   ,PREPARADOR DE ALIMENTOS       ,EQUIPO DE COCCION Y GRILL     
52402,BICICLETAS/BEBES/AUTOMOTRIZ   ,PREPARADOR DE ALIMENTOS       ,EQUIPO PROCESAMIENTO DE MASA  
52403,BICICLETAS/BEBES/AUTOMOTRIZ   ,PREPARADOR DE ALIMENTOS       ,AMASADORA INDUSTRIAL          
52404,BICICLETAS/BEBES/AUTOMOTRIZ   ,PREPARADOR DE ALIMENTOS       ,VARIOS PREPARACION DE ALIMENTO
52405,BICICLETAS/BEBES/AUTOMOTRIZ   ,PREPARADOR DE ALIMENTOS       ,CORTE Y REBANE                
52406,BICICLETAS/BEBES/AUTOMOTRIZ   ,PREPARADOR DE ALIMENTOS       ,"EQUIPAMIENTO MECANICO, MANUAL "
52407,BICICLETAS/BEBES/AUTOMOTRIZ   ,PREPARADOR DE ALIMENTOS       ,EQUIPAMIENTO DE COCCION INDUST
52515,BICICLETAS/BEBES/AUTOMOTRIZ   ,COPPEL.COM TRANSP Y MOVILIDAD ,BICICLETA ADULTO              
52525,BICICLETAS/BEBES/AUTOMOTRIZ   ,COPPEL.COM TRANSP Y MOVILIDAD ,HERRAMIENTA ELECTRICA         
52540,BICICLETAS/BEBES/AUTOMOTRIZ   ,COPPEL.COM TRANSP Y MOVILIDAD ,ACCESORIOS AUTOMOTRIZ         
52601,BICICLETAS/BEBES/AUTOMOTRIZ   ,ACCESORIOS ESTETICA Y BARBERIA,"ACCS. ESTETICA, BARBERIA Y SPA"
52602,BICICLETAS/BEBES/AUTOMOTRIZ   ,ACCESORIOS ESTETICA Y BARBERIA,HERR ACC EST BARBER SPA       
52603,BICICLETAS/BEBES/AUTOMOTRIZ   ,ACCESORIOS ESTETICA Y BARBERIA,HERRAMIENTAS TRABAJO EST BARBE
52701,BICICLETAS/BEBES/AUTOMOTRIZ   ,MOBILIARIO                    ,MOBILIARIO ESTETICA BARBER SPA
52702,BICICLETAS/BEBES/AUTOMOTRIZ   ,MOBILIARIO                    ,SILLAS DE CORTE               
52703,BICICLETAS/BEBES/AUTOMOTRIZ   ,MOBILIARIO                    ,MESA MANICURE                 
52704,BICICLETAS/BEBES/AUTOMOTRIZ   ,MOBILIARIO                    ,BANCO DE CORTE                
52705,BICICLETAS/BEBES/AUTOMOTRIZ   ,MOBILIARIO                    ,SILLON BARBERIA               
52706,BICICLETAS/BEBES/AUTOMOTRIZ   ,MOBILIARIO                    ,CAMILLA PORTATIL              
52801,BICICLETAS/BEBES/AUTOMOTRIZ   ,EQUIPAMIENTO                  ,LAMPARAS                      
52802,BICICLETAS/BEBES/AUTOMOTRIZ   ,EQUIPAMIENTO                  ,VAPORIZADOR                   
52901,BICICLETAS/BEBES/AUTOMOTRIZ   ,ACCESORIOS AUTOMOTRIZ         ,ACC Y HERRAMIENTA AUTOMOTRICES
52902,BICICLETAS/BEBES/AUTOMOTRIZ   ,ACCESORIOS AUTOMOTRIZ         ,BANCOS                        
52903,BICICLETAS/BEBES/AUTOMOTRIZ   ,ACCESORIOS AUTOMOTRIZ         ,ESTANTE Y CAJA DE HERRAMIENTAS
52904,BICICLETAS/BEBES/AUTOMOTRIZ   ,ACCESORIOS AUTOMOTRIZ         ,CAMA ACOLCHONADA              
52905,BICICLETAS/BEBES/AUTOMOTRIZ   ,ACCESORIOS AUTOMOTRIZ         ,PISTOLA IMPACTO NEUMATICA     
53004,BICICLETAS/BEBES/AUTOMOTRIZ   ,ACCESORIOS AUT ELECTRICOS     ,COMPRESOR CHICO.COM           
53007,BICICLETAS/BEBES/AUTOMOTRIZ   ,ACCESORIOS AUT ELECTRICOS     ,COMPRESOR TANQUE.COM          
53016,BICICLETAS/BEBES/AUTOMOTRIZ   ,ACCESORIOS AUT ELECTRICOS     ,ARRANCADORES.COM              
53020,BICICLETAS/BEBES/AUTOMOTRIZ   ,ACCESORIOS AUT ELECTRICOS     ,FAROS Y BARRAS LED.COM        
53021,BICICLETAS/BEBES/AUTOMOTRIZ   ,ACCESORIOS AUT ELECTRICOS     ,LUCES LED INTERIOR.COM        
53025,BICICLETAS/BEBES/AUTOMOTRIZ   ,ACCESORIOS AUT ELECTRICOS     ,ASPIRADORAS PARA AUTOS.COM    
53102,BICICLETAS/BEBES/AUTOMOTRIZ   ,ACCESORIOS AUT MANUALES       ,BASTON SEGURIDAD.COM          
53106,BICICLETAS/BEBES/AUTOMOTRIZ   ,ACCESORIOS AUT MANUALES       ,CRUCETA.COM                   
53111,BICICLETAS/BEBES/AUTOMOTRIZ   ,ACCESORIOS AUT MANUALES       ,CABLES PASA CORRIENTE.COM     
53116,BICICLETAS/BEBES/AUTOMOTRIZ   ,ACCESORIOS AUT MANUALES       ,GATO HIDRAULICO Y TORRES.COM  
53119,BICICLETAS/BEBES/AUTOMOTRIZ   ,ACCESORIOS AUT MANUALES       ,INFLALLANTAS.COM              
53120,BICICLETAS/BEBES/AUTOMOTRIZ   ,ACCESORIOS AUT MANUALES       ,KIT EMERGENCIA  PARA AUTO.COM 
53131,BICICLETAS/BEBES/AUTOMOTRIZ   ,ACCESORIOS AUT MANUALES       ,BOMBA DE AIRE.COM             
53135,BICICLETAS/BEBES/AUTOMOTRIZ   ,ACCESORIOS AUT MANUALES       ,CUERDAS Y SUJETADORES.COM     
53145,BICICLETAS/BEBES/AUTOMOTRIZ   ,ACCESORIOS AUT MANUALES       ,FUNDAS Y CUBRE AUTOS.COM      
53156,BICICLETAS/BEBES/AUTOMOTRIZ   ,ACCESORIOS AUT MANUALES       ,MALETERO BOLSAS EQUIPAJE.COM  
53160,BICICLETAS/BEBES/AUTOMOTRIZ   ,ACCESORIOS AUT MANUALES       ,CANASTILLA/BARRA EQUIPAJE.COM 
53161,BICICLETAS/BEBES/AUTOMOTRIZ   ,ACCESORIOS AUT MANUALES       ,PARRILLAS Y FRENTES AUTO.COM  
53206,BICICLETAS/BEBES/AUTOMOTRIZ   ,HERRAMIENTAS ELECTRICAS       ,ATORNILLADOR.COM              
53211,BICICLETAS/BEBES/AUTOMOTRIZ   ,HERRAMIENTAS ELECTRICAS       ,TALADRO ALAMBRICO.COM         
53216,BICICLETAS/BEBES/AUTOMOTRIZ   ,HERRAMIENTAS ELECTRICAS       ,TALADRO INALAMBRICO.COM       
53221,BICICLETAS/BEBES/AUTOMOTRIZ   ,HERRAMIENTAS ELECTRICAS       ,CALADORA.COM                  
53225,BICICLETAS/BEBES/AUTOMOTRIZ   ,HERRAMIENTAS ELECTRICAS       ,ESMERILADORA                  
53226,BICICLETAS/BEBES/AUTOMOTRIZ   ,HERRAMIENTAS ELECTRICAS       ,ESMERILADORAS.COM             
53231,BICICLETAS/BEBES/AUTOMOTRIZ   ,HERRAMIENTAS ELECTRICAS       ,LIJADORAS.COM                 
53236,BICICLETAS/BEBES/AUTOMOTRIZ   ,HERRAMIENTAS ELECTRICAS       ,ROTOMARTILLO.COM              
53246,BICICLETAS/BEBES/AUTOMOTRIZ   ,HERRAMIENTAS ELECTRICAS       ,EXTENSIONES ELECTRICAS.COM    
53252,BICICLETAS/BEBES/AUTOMOTRIZ   ,HERRAMIENTAS ELECTRICAS       ,APARATOS DE MEDICION.COM      
53254,BICICLETAS/BEBES/AUTOMOTRIZ   ,HERRAMIENTAS ELECTRICAS       ,MOTOBOMBAS/HIDRONEUMATICOS.COM
53256,BICICLETAS/BEBES/AUTOMOTRIZ   ,HERRAMIENTAS ELECTRICAS       ,COMPRESORES.COM               
53260,BICICLETAS/BEBES/AUTOMOTRIZ   ,HERRAMIENTAS ELECTRICAS       ,VARIOS HERRAMIEN ELECTRICA.COM
53261,BICICLETAS/BEBES/AUTOMOTRIZ   ,HERRAMIENTAS ELECTRICAS       ,PISTOLA DE IMPACTO.COM        
53262,BICICLETAS/BEBES/AUTOMOTRIZ   ,HERRAMIENTAS ELECTRICAS       ,SIERRA CIRCULAR.COM           
53263,BICICLETAS/BEBES/AUTOMOTRIZ   ,HERRAMIENTAS ELECTRICAS       ,PULIDORAS.COM                 
53264,BICICLETAS/BEBES/AUTOMOTRIZ   ,HERRAMIENTAS ELECTRICAS       ,ROUTERS.COM                   
53265,BICICLETAS/BEBES/AUTOMOTRIZ   ,HERRAMIENTAS ELECTRICAS       ,PISTOLA Y ACCS PARA PINTAR.COM
53266,BICICLETAS/BEBES/AUTOMOTRIZ   ,HERRAMIENTAS ELECTRICAS       ,MARTILLO DEMOLEDOR.COM        
53267,BICICLETAS/BEBES/AUTOMOTRIZ   ,HERRAMIENTAS ELECTRICAS       ,SOLDADORAS.COM                
53268,BICICLETAS/BEBES/AUTOMOTRIZ   ,HERRAMIENTAS ELECTRICAS       ,GENERADOR ELECTRICO.COM       
53269,BICICLETAS/BEBES/AUTOMOTRIZ   ,HERRAMIENTAS ELECTRICAS       ,PAQUETES.COM                  
53270,BICICLETAS/BEBES/AUTOMOTRIZ   ,HERRAMIENTAS ELECTRICAS       ,TOMA CORRIENTES.COM           
53271,BICICLETAS/BEBES/AUTOMOTRIZ   ,HERRAMIENTAS ELECTRICAS       ,PISTOLA DE CALOR.COM          
53272,BICICLETAS/BEBES/AUTOMOTRIZ   ,HERRAMIENTAS ELECTRICAS       ,EQUIPO PESADO.COM             
53273,BICICLETAS/BEBES/AUTOMOTRIZ   ,HERRAMIENTAS ELECTRICAS       ,MOTOTOOL.COM                  
53274,BICICLETAS/BEBES/AUTOMOTRIZ   ,HERRAMIENTAS ELECTRICAS       ,LAMPARAS Y LINTERNAS          
53275,BICICLETAS/BEBES/AUTOMOTRIZ   ,HERRAMIENTAS ELECTRICAS       ,ACCESORIOS.COM                
53304,BICICLETAS/BEBES/AUTOMOTRIZ   ,HERRAMIENTAS MANUALES         ,JUEGO DE DADOS.COM            
53307,BICICLETAS/BEBES/AUTOMOTRIZ   ,HERRAMIENTAS MANUALES         ,JUEGO DE BROCAS.COM           
53317,BICICLETAS/BEBES/AUTOMOTRIZ   ,HERRAMIENTAS MANUALES         ,JUEGO DE PINZAS.COM           
53321,BICICLETAS/BEBES/AUTOMOTRIZ   ,HERRAMIENTAS MANUALES         ,DESARMADORES.COM              
53326,BICICLETAS/BEBES/AUTOMOTRIZ   ,HERRAMIENTAS MANUALES         ,MULTIHERRAMIENTA.COM          
53328,BICICLETAS/BEBES/AUTOMOTRIZ   ,HERRAMIENTAS MANUALES         ,REMACHADORAS.COM              
53331,BICICLETAS/BEBES/AUTOMOTRIZ   ,HERRAMIENTAS MANUALES         ,ORGANIZADOR Y CAJAS HERR.COM  
53336,BICICLETAS/BEBES/AUTOMOTRIZ   ,HERRAMIENTAS MANUALES         ,ESCALERAS.COM                 
53360,BICICLETAS/BEBES/AUTOMOTRIZ   ,HERRAMIENTAS MANUALES         ,COPPEL.COM HERRA MANUAL       
53361,BICICLETAS/BEBES/AUTOMOTRIZ   ,HERRAMIENTAS MANUALES         ,IMPERMEABILIZANTE/SELLADOR.COM
53362,BICICLETAS/BEBES/AUTOMOTRIZ   ,HERRAMIENTAS MANUALES         ,KIT DE DISCOS.COM             
53363,BICICLETAS/BEBES/AUTOMOTRIZ   ,HERRAMIENTAS MANUALES         ,"DIABLITO, CARRETILLA CARGA    "
53365,BICICLETAS/BEBES/AUTOMOTRIZ   ,HERRAMIENTAS MANUALES         ,GRAPADORAS Y GRAPAS.COM       
53366,BICICLETAS/BEBES/AUTOMOTRIZ   ,HERRAMIENTAS MANUALES         ,ESPATULAS Y LLANAS.COM        
53367,BICICLETAS/BEBES/AUTOMOTRIZ   ,HERRAMIENTAS MANUALES         ,HERRAMIENTAS DE MEDICION.COM  
53368,BICICLETAS/BEBES/AUTOMOTRIZ   ,HERRAMIENTAS MANUALES         ,"MARTILLOS,MARROS Y CINCEL.COM "
53369,BICICLETAS/BEBES/AUTOMOTRIZ   ,HERRAMIENTAS MANUALES         ,ACCESORIOS PARA SOLDAR.COM    
53370,BICICLETAS/BEBES/AUTOMOTRIZ   ,HERRAMIENTAS MANUALES         ,PUNTAS DE DESATORNILLADOR.COM 
53371,BICICLETAS/BEBES/AUTOMOTRIZ   ,HERRAMIENTAS MANUALES         ,KIT DE HERRAMIENTA.COM        
53372,BICICLETAS/BEBES/AUTOMOTRIZ   ,HERRAMIENTAS MANUALES         ,EQUIPO DE SEGURIDAD.COM       
53373,BICICLETAS/BEBES/AUTOMOTRIZ   ,HERRAMIENTAS MANUALES         ,HERRAMIENTA DE CORTE.COM      
53374,BICICLETAS/BEBES/AUTOMOTRIZ   ,HERRAMIENTAS MANUALES         ,BASCULAS Y/O HERR DE PESO.COM 
53401,BICICLETAS/BEBES/AUTOMOTRIZ   ,JARDINERIA                    ,DESBROZADORAS                 
53405,BICICLETAS/BEBES/AUTOMOTRIZ   ,JARDINERIA                    ,SOPLADORAS                    
53410,BICICLETAS/BEBES/AUTOMOTRIZ   ,JARDINERIA                    ,MOTO SIERRA Y CORTASETOS      
53415,BICICLETAS/BEBES/AUTOMOTRIZ   ,JARDINERIA                    ,PODADORAS                     
53420,BICICLETAS/BEBES/AUTOMOTRIZ   ,JARDINERIA                    ,MANGUERAS                     
53425,BICICLETAS/BEBES/AUTOMOTRIZ   ,JARDINERIA                    ,ACC MANGUERAS                 
53430,BICICLETAS/BEBES/AUTOMOTRIZ   ,JARDINERIA                    ,KITS HERRAMIENTAS             
53435,BICICLETAS/BEBES/AUTOMOTRIZ   ,JARDINERIA                    ,TIJERAS CORTA HOJAS           
53440,BICICLETAS/BEBES/AUTOMOTRIZ   ,JARDINERIA                    ,ESCOBAS Y RASTRILLOS          
53445,BICICLETAS/BEBES/AUTOMOTRIZ   ,JARDINERIA                    ,MACHETES SERRUCHOS            
53450,BICICLETAS/BEBES/AUTOMOTRIZ   ,JARDINERIA                    ,PALAS                         
53455,BICICLETAS/BEBES/AUTOMOTRIZ   ,JARDINERIA                    ,CARRETILLAS                   
53460,BICICLETAS/BEBES/AUTOMOTRIZ   ,JARDINERIA                    ,ACC JARDINERIA                
53465,BICICLETAS/BEBES/AUTOMOTRIZ   ,JARDINERIA                    ,ALMACENAJE                    
53470,BICICLETAS/BEBES/AUTOMOTRIZ   ,JARDINERIA                    ,CONTROL DE PLAGAS / FUMIGACION
53471,BICICLETAS/BEBES/AUTOMOTRIZ   ,JARDINERIA                    ,MOTOBOMBAS Y MOTORES GASOLINA 
53475,BICICLETAS/BEBES/AUTOMOTRIZ   ,JARDINERIA                    ,ILUMINACION EXTERIOR          
53490,BICICLETAS/BEBES/AUTOMOTRIZ   ,JARDINERIA                    ,OTROS                         
53602,BICICLETAS/BEBES/AUTOMOTRIZ   ,EQUIPO PARA TALLER            ,HERRAMIENTAS PARA TALLER      
53603,BICICLETAS/BEBES/AUTOMOTRIZ   ,EQUIPO PARA TALLER            ,FUERZA Y ENERGIA              
53604,BICICLETAS/BEBES/AUTOMOTRIZ   ,EQUIPO PARA TALLER            ,CUBETA ENGRASADORA            
53605,BICICLETAS/BEBES/AUTOMOTRIZ   ,EQUIPO PARA TALLER            ,ELEVACION Y SOPORTE           
53606,BICICLETAS/BEBES/AUTOMOTRIZ   ,EQUIPO PARA TALLER            ,ESMERIL                       
53607,BICICLETAS/BEBES/AUTOMOTRIZ   ,EQUIPO PARA TALLER            ,GATO HIDRONEUMATICO           
53608,BICICLETAS/BEBES/AUTOMOTRIZ   ,EQUIPO PARA TALLER            ,GENERADOR CORRIENTE ELECTRICA 
53609,BICICLETAS/BEBES/AUTOMOTRIZ   ,EQUIPO PARA TALLER            ,PULIDORA AUTOMOTRIZ           
53610,BICICLETAS/BEBES/AUTOMOTRIZ   ,EQUIPO PARA TALLER            ,POLIPASTO ELECTRICO           
53611,BICICLETAS/BEBES/AUTOMOTRIZ   ,EQUIPO PARA TALLER            ,PRENSA HIDRAULICA CON GATO    
53612,BICICLETAS/BEBES/AUTOMOTRIZ   ,EQUIPO PARA TALLER            ,EQUIPO LOGISTICO              
53613,BICICLETAS/BEBES/AUTOMOTRIZ   ,EQUIPO PARA TALLER            ,PLUMA HIDRAULICA              
53614,BICICLETAS/BEBES/AUTOMOTRIZ   ,EQUIPO PARA TALLER            ,GATO PARA TRANSMISION         
53701,BICICLETAS/BEBES/AUTOMOTRIZ   ,EQUIPO PARA SOLDAR            ,SOLDADORA DE MICRO ALAMBRE    
53802,BICICLETAS/BEBES/AUTOMOTRIZ   ,MONTABLES                     ,CARRITO DE PASEO - BASTON     
53803,BICICLETAS/BEBES/AUTOMOTRIZ   ,MONTABLES                     ,MONTABLES ELECTRICOS          
53804,BICICLETAS/BEBES/AUTOMOTRIZ   ,MONTABLES                     ,ELECTRICOS PEQUEÑOS           
53806,BICICLETAS/BEBES/AUTOMOTRIZ   ,MONTABLES                     ,CARRITO PASEO EXCLUSIVOS .COM 
54305,BICICLETAS/BEBES/AUTOMOTRIZ   ,OUT DOOR COCHERA Y JARDIN     ,COCHERA                       
54501,BICICLETAS/BEBES/AUTOMOTRIZ   ,LAVADO PROFESIONAL            ,HIDROLAVADORAS                
55601,BICICLETAS/BEBES/AUTOMOTRIZ   ,USO VETERINARIO               ,MOBILIARIO VETERINARIO        
55602,BICICLETAS/BEBES/AUTOMOTRIZ   ,USO VETERINARIO               ,VARIOS USO VETERINARIO        
55801,BICICLETAS/BEBES/AUTOMOTRIZ   ,VARIOS SEGURIDAD LABORAL      ,VARIOS                        
56002,BICICLETAS/BEBES/AUTOMOTRIZ   ,BAÑOS                         ,LAVABOS                       
56003,BICICLETAS/BEBES/AUTOMOTRIZ   ,BAÑOS                         ,GRIFERIA                      
56103,BICICLETAS/BEBES/AUTOMOTRIZ   ,PINTURA                       ,ACCESORIOS PARA PINTAR        
56401,BICICLETAS/BEBES/AUTOMOTRIZ   ,PLOMERIA                      ,TINACOS                       
56701,BICICLETAS/BEBES/AUTOMOTRIZ   ,PUERTAS                       ,PUERTAS                       
57507,BICICLETAS/BEBES/AUTOMOTRIZ   ,REFACCIONES                   ,ACUMULADORES MOTOS            
57514,BICICLETAS/BEBES/AUTOMOTRIZ   ,REFACCIONES                   ,ESPEJOS MOTO                  
57518,BICICLETAS/BEBES/AUTOMOTRIZ   ,REFACCIONES                   ,FOCOS MOTOS                   
58011,BICICLETAS/BEBES/AUTOMOTRIZ   ,MOTOCICLETAS                  ,BICIMOTOS ELECTRICAS          
58020,BICICLETAS/BEBES/AUTOMOTRIZ   ,MOTOCICLETAS                  ,TRABAJO                       
58022,BICICLETAS/BEBES/AUTOMOTRIZ   ,MOTOCICLETAS                  ,MOTOCARRO                     
58025,BICICLETAS/BEBES/AUTOMOTRIZ   ,MOTOCICLETAS                  ,URBANA                        
58033,BICICLETAS/BEBES/AUTOMOTRIZ   ,MOTOCICLETAS                  ,JAPONESA II                   
58040,BICICLETAS/BEBES/AUTOMOTRIZ   ,MOTOCICLETAS                  ,SCOOTER                       
58045,BICICLETAS/BEBES/AUTOMOTRIZ   ,MOTOCICLETAS                  ,DEPORTIVA                     
58050,BICICLETAS/BEBES/AUTOMOTRIZ   ,MOTOCICLETAS                  ,CHOPPER                       
58052,BICICLETAS/BEBES/AUTOMOTRIZ   ,MOTOCICLETAS                  ,CAFE RACER                    
58055,BICICLETAS/BEBES/AUTOMOTRIZ   ,MOTOCICLETAS                  ,SEMIAUTOMATICA                
58060,BICICLETAS/BEBES/AUTOMOTRIZ   ,MOTOCICLETAS                  ,JAPONESAS                     
58070,BICICLETAS/BEBES/AUTOMOTRIZ   ,MOTOCICLETAS                  ,DOBLE PROPOSITO               
58075,BICICLETAS/BEBES/AUTOMOTRIZ   ,MOTOCICLETAS                  ,CUATRIMOTOS                   
58077,BICICLETAS/BEBES/AUTOMOTRIZ   ,MOTOCICLETAS                  ,ADVENTURE TOURING             
58090,BICICLETAS/BEBES/AUTOMOTRIZ   ,MOTOCICLETAS                  ,MOTOCICLETAS INFANTILES       
58092,BICICLETAS/BEBES/AUTOMOTRIZ   ,MOTOCICLETAS                  ,EUROPEAS - KTM                
58098,BICICLETAS/BEBES/AUTOMOTRIZ   ,MOTOCICLETAS                  ,ZONTES - GAMMA                
58099,BICICLETAS/BEBES/AUTOMOTRIZ   ,MOTOCICLETAS                  ,MOTOCICLETA                   
58110,BICICLETAS/BEBES/AUTOMOTRIZ   ,CASCOS                        ,FULL                          
58112,BICICLETAS/BEBES/AUTOMOTRIZ   ,CASCOS                        ,FLIP-UP                       
58115,BICICLETAS/BEBES/AUTOMOTRIZ   ,CASCOS                        ,CROSS  DOBLE PROPSTO          
58120,BICICLETAS/BEBES/AUTOMOTRIZ   ,CASCOS                        ,3/4 CARA                      
58135,BICICLETAS/BEBES/AUTOMOTRIZ   ,CASCOS                        ,INFANTIL                      
58160,BICICLETAS/BEBES/AUTOMOTRIZ   ,CASCOS                        ,.COM FULL                     
58163,BICICLETAS/BEBES/AUTOMOTRIZ   ,CASCOS                        ,.COM FLIP-UP                  
58166,BICICLETAS/BEBES/AUTOMOTRIZ   ,CASCOS                        ,.COM CROSS  DOBLE PROPSTO     
58169,BICICLETAS/BEBES/AUTOMOTRIZ   ,CASCOS                        ,.COM 3/4 CARA                 
58210,BICICLETAS/BEBES/AUTOMOTRIZ   ,CAJAS MOTOS                   ,MALETEROS                     
58240,BICICLETAS/BEBES/AUTOMOTRIZ   ,CAJAS MOTOS                   ,MOCHILAS MOTOCICLETA          
58260,BICICLETAS/BEBES/AUTOMOTRIZ   ,CAJAS MOTOS                   ,.COM MALETEROS MOTOS          
58270,BICICLETAS/BEBES/AUTOMOTRIZ   ,CAJAS MOTOS                   ,.COM ALFORJAS MOTOS           
58360,BICICLETAS/BEBES/AUTOMOTRIZ   ,CANDADOS                      ,.COM CANDADOS                 
58401,BICICLETAS/BEBES/AUTOMOTRIZ   ,SEGUROS                       ,POLIZAS SEGUROS               
58402,BICICLETAS/BEBES/AUTOMOTRIZ   ,SEGUROS                       ,POLIZAS SEGUROS RESP. CIVIL   
58505,BICICLETAS/BEBES/AUTOMOTRIZ   ,LLANTAS MOTOCICLETA           ,LLANTA TRASERA                
58560,BICICLETAS/BEBES/AUTOMOTRIZ   ,LLANTAS MOTOCICLETA           ,.COM LLANTA FRONTAL           
58563,BICICLETAS/BEBES/AUTOMOTRIZ   ,LLANTAS MOTOCICLETA           ,.COM LLANTA TRASERA           
58615,BICICLETAS/BEBES/AUTOMOTRIZ   ,GUANTES                       ,GUANTES TELA CORTOS           
58620,BICICLETAS/BEBES/AUTOMOTRIZ   ,GUANTES                       ,GUANTES PIEL LARGOS           
58625,BICICLETAS/BEBES/AUTOMOTRIZ   ,GUANTES                       ,GUANTES PIEL CORTOS           
58660,BICICLETAS/BEBES/AUTOMOTRIZ   ,GUANTES                       ,.COM GUANTES TELA LARGOS      
58666,BICICLETAS/BEBES/AUTOMOTRIZ   ,GUANTES                       ,.COM GUANTES PIEL LARGOS      
58705,BICICLETAS/BEBES/AUTOMOTRIZ   ,Proteccion y ropa motociclista,"RODILLERA, CODERAS Y PROTECTOR"
58760,BICICLETAS/BEBES/AUTOMOTRIZ   ,Proteccion y ropa motociclista,.COM CHAMARRA PANTALON PROTECC
58766,BICICLETAS/BEBES/AUTOMOTRIZ   ,Proteccion y ropa motociclista,.COM CALZADO MOTOCICLISTA     
58769,BICICLETAS/BEBES/AUTOMOTRIZ   ,Proteccion y ropa motociclista,.COM IMPERMEABLES             
58901,BICICLETAS/BEBES/AUTOMOTRIZ   ,VARIOS ACCS MOTOS             ,ARTICULOS MOTOS VARIOS        
58902,BICICLETAS/BEBES/AUTOMOTRIZ   ,VARIOS ACCS MOTOS             ,LUCES MOTOCICLISMO            
58915,BICICLETAS/BEBES/AUTOMOTRIZ   ,VARIOS ACCS MOTOS             ,AUDIO Y ALARMAS MOTOS         
58920,BICICLETAS/BEBES/AUTOMOTRIZ   ,VARIOS ACCS MOTOS             ,MOTO PARTES                   
58930,BICICLETAS/BEBES/AUTOMOTRIZ   ,VARIOS ACCS MOTOS             ,PORTA CELULARES               
58960,BICICLETAS/BEBES/AUTOMOTRIZ   ,VARIOS ACCS MOTOS             ,ACCESORIOS MOTOS              
58969,BICICLETAS/BEBES/AUTOMOTRIZ   ,VARIOS ACCS MOTOS             ,.COM AUDIO Y ALARMA MOTOS     
58972,BICICLETAS/BEBES/AUTOMOTRIZ   ,VARIOS ACCS MOTOS             ,.COM MOFLES Y MOTO PARTES     
58981,BICICLETAS/BEBES/AUTOMOTRIZ   ,VARIOS ACCS MOTOS             ,.COM CUBIERTAS Y CUBRE ASIENTO
59001,BICICLETAS/BEBES/AUTOMOTRIZ   ,SCOOTER ELECTRICO             ,E SCOOTER 200-350W            
59005,BICICLETAS/BEBES/AUTOMOTRIZ   ,SCOOTER ELECTRICO             ,E SCOOTERS 400-700W           
59010,BICICLETAS/BEBES/AUTOMOTRIZ   ,SCOOTER ELECTRICO             ,CITY SCOOTER                  
59060,BICICLETAS/BEBES/AUTOMOTRIZ   ,SCOOTER ELECTRICO             ,.COM E SCOOTER 200-350W       
59063,BICICLETAS/BEBES/AUTOMOTRIZ   ,SCOOTER ELECTRICO             ,.COM E SCOOTERS 400-700W      
59066,BICICLETAS/BEBES/AUTOMOTRIZ   ,SCOOTER ELECTRICO             ,.COM E CITY SCOOTER           
59201,BICICLETAS/BEBES/AUTOMOTRIZ   ,BICICLETA ELECTRICA           ,E BIKE URBANA                 
59205,BICICLETAS/BEBES/AUTOMOTRIZ   ,BICICLETA ELECTRICA           ,E BIKE COMPACTA               
59210,BICICLETAS/BEBES/AUTOMOTRIZ   ,BICICLETA ELECTRICA           ,E BIKE MTB                    
59260,BICICLETAS/BEBES/AUTOMOTRIZ   ,BICICLETA ELECTRICA           ,.COM E BIKE URBANA            
59263,BICICLETAS/BEBES/AUTOMOTRIZ   ,BICICLETA ELECTRICA           ,.COM E BIKE COMPACTA          
59266,BICICLETAS/BEBES/AUTOMOTRIZ   ,BICICLETA ELECTRICA           ,.COM E BIKE  MTB              
59269,BICICLETAS/BEBES/AUTOMOTRIZ   ,BICICLETA ELECTRICA           ,.COM E BIKE CARGA             
59401,BICICLETAS/BEBES/AUTOMOTRIZ   ,MOTO ELECTRICA                ,MOTO ELECTRICA                
59460,BICICLETAS/BEBES/AUTOMOTRIZ   ,MOTO ELECTRICA                ,.COM MOTO ELECTRICA           
59501,BICICLETAS/BEBES/AUTOMOTRIZ   ,OTROS MOVILIDAD ELECTRICA     ,OTROS ME                      
59560,BICICLETAS/BEBES/AUTOMOTRIZ   ,OTROS MOVILIDAD ELECTRICA     ,.COM OTROS ME                 
59601,BICICLETAS/BEBES/AUTOMOTRIZ   ,MOVILIDAD INFANTIL            ,E SCOOTER INFANTIL            
59610,BICICLETAS/BEBES/AUTOMOTRIZ   ,MOVILIDAD INFANTIL            ,E MOTOS Y E KARTS             
59620,BICICLETAS/BEBES/AUTOMOTRIZ   ,MOVILIDAD INFANTIL            ,"HOVERBOARDS, PATINETAS Y OTROS"
59660,BICICLETAS/BEBES/AUTOMOTRIZ   ,MOVILIDAD INFANTIL            ,.COM E SCOOTER                
59666,BICICLETAS/BEBES/AUTOMOTRIZ   ,MOVILIDAD INFANTIL            ,.COM E MOTOS Y E KARTS        
59669,BICICLETAS/BEBES/AUTOMOTRIZ   ,MOVILIDAD INFANTIL            ,".COM HOVERBOARDS, PATINETAS OT"
59999,BICICLETAS/BEBES/AUTOMOTRIZ   ,OFERTAS                       ,COMPRAS ESPECIALES            
62010,LINEA BLANCA                  ,AIRES ACONDICIONADOS          ,VENTANA .5 Y .75 TON 110V     
62060,LINEA BLANCA                  ,AIRES ACONDICIONADOS          ,FRIO/CALOR                    
62085,LINEA BLANCA                  ,AIRES ACONDICIONADOS          ,PURIFICADORES DE AIRE         
64025,LINEA BLANCA                  ,CALEFACTORES DE AMBIENTE      ,CALEFACTORES DE AMBIENTE .COM 
64106,LINEA BLANCA                  ,GARANTIA EXTENDIDA            ,INSTALACION ESTUFAS GAS       
64107,LINEA BLANCA                  ,GARANTIA EXTENDIDA            ,INSTALACION ESTUFA ELECTRICA  
64108,LINEA BLANCA                  ,GARANTIA EXTENDIDA            ,INSTALACION REFRIGERADOR      
64109,LINEA BLANCA                  ,GARANTIA EXTENDIDA            ,INST CALENTADOR DE AGUA ELECTR
64110,LINEA BLANCA                  ,GARANTIA EXTENDIDA            ,INST CALENTADOR DE AGUA GAS   
64111,LINEA BLANCA                  ,GARANTIA EXTENDIDA            ,INSTALACION MINISPLIT 1T      
64112,LINEA BLANCA                  ,GARANTIA EXTENDIDA            ,INSTALACION AA VENTANA        
64113,LINEA BLANCA                  ,GARANTIA EXTENDIDA            ,INSTALACION DE COOLER         
64114,LINEA BLANCA                  ,GARANTIA EXTENDIDA            ,INSTALACION VENTILADOR TECHO  
64115,LINEA BLANCA                  ,GARANTIA EXTENDIDA            ,INSTALACION SOPORTE TV        
64116,LINEA BLANCA                  ,GARANTIA EXTENDIDA            ,INTALACION ROUTERS WIFI       
64117,LINEA BLANCA                  ,GARANTIA EXTENDIDA            ,GEX 12 M COPPEL               
64118,LINEA BLANCA                  ,GARANTIA EXTENDIDA            ,GEX 24 M COPPEL               
64119,LINEA BLANCA                  ,GARANTIA EXTENDIDA            ,PE12M CPP                     
64120,LINEA BLANCA                  ,GARANTIA EXTENDIDA            ,PE 24M CPP                    
64121,LINEA BLANCA                  ,GARANTIA EXTENDIDA            ,PE 12M HOLDING SI             
64122,LINEA BLANCA                  ,GARANTIA EXTENDIDA            ,PE 24M HOLDING SI             
64123,LINEA BLANCA                  ,GARANTIA EXTENDIDA            ,GARANTIA EXTENDIDA CELULARES  
64127,LINEA BLANCA                  ,GARANTIA EXTENDIDA            ,SERVICIO DE ARMADO            
64128,LINEA BLANCA                  ,GARANTIA EXTENDIDA            ,INSTALACION HIPOTECA VERDE    
64129,LINEA BLANCA                  ,GARANTIA EXTENDIDA            ,MONTAJE DE LLANTAS            
64130,LINEA BLANCA                  ,GARANTIA EXTENDIDA            ,GEX ELECTRODOMESTICOS 12M COPP
64131,LINEA BLANCA                  ,GARANTIA EXTENDIDA            ,GEX ELECTRODOMESTICOS 24M COPP
64201,LINEA BLANCA                  ,ARMADO A DOMICILIO            ,SERVICIO DE ARMADO A DOMICILIO
64401,LINEA BLANCA                  ,ENTREGA A DOMICILIO           ,ENTREGA DOMICILIO TICKET PROM 
64404,LINEA BLANCA                  ,ENTREGA A DOMICILIO           ,ENTREGAS A DOMICILIO          
64545,LINEA BLANCA                  ,ESTUFAS                       ,ESTUFAS 30 PREMIUM            
64602,LINEA BLANCA                  ,MANTENIMIENTO                 ,MANTENIMIENTO DE LAVADORAS    
64603,LINEA BLANCA                  ,MANTENIMIENTO                 ,MANTTO Y LIMPIEZA DE SALAS    
64604,LINEA BLANCA                  ,MANTENIMIENTO                 ,MANTTO Y LIMPIEZA DE COLCHONES
64605,LINEA BLANCA                  ,MANTENIMIENTO                 ,MANTTO Y LIMPIEZA DE TAPETES  
64606,LINEA BLANCA                  ,MANTENIMIENTO                 ,APLICACION DE TEFLON          
65020,LINEA BLANCA                  ,MICROONDAS                    ,1.2 A 1.4 PIES                
65530,LINEA BLANCA                  ,CAMPANAS                      ,CAMPANAS DE EXHIBICION        
66010,LINEA BLANCA                  ,ESTUFAS DE MESA               ,2 QUEMADORES                  
67035,LINEA BLANCA                  ,LAVADORAS                     ,SECADORAS                     
67047,LINEA BLANCA                  ,LAVADORAS                     ,COMBOS                        
67050,LINEA BLANCA                  ,LAVADORAS                     ,DOBLE TINA.COM                
67051,LINEA BLANCA                  ,LAVADORAS                     ,AUTOMATICAS.COM               
67520,LINEA BLANCA                  ,ENFRIADORES                   ,ENFRIADORES .COM              
68020,LINEA BLANCA                  ,CILINDROS DE GAS              ,HIPOTECA VERDE                
69942,LINEA BLANCA                  ,PROMOCIONES                   ,COMPRA ESPECIAL GOBIERNO      
70101,RELOJERIA                     ,RELOJ DAMA                    ,D PLASTICO ANALOGO            
70102,RELOJERIA                     ,RELOJ DAMA                    ,D PLASTICO DIGITAL            
70103,RELOJERIA                     ,RELOJ DAMA                    ,D METAL ANALOGO/DIGITAL MULTIF
70104,RELOJERIA                     ,RELOJ DAMA                    ,D METAL ANALOGO EXT. PIEL     
70105,RELOJERIA                     ,RELOJ DAMA                    ,D METAL PLATEADO AN           
70106,RELOJERIA                     ,RELOJ DAMA                    ,D METAL COMBINADO ANALOGO     
70107,RELOJERIA                     ,RELOJ DAMA                    ,D METAL DORADO ANALOGO        
70108,RELOJERIA                     ,RELOJ DAMA                    ,D SET ARILLOS INTERCAMBIABLES 
70109,RELOJERIA                     ,RELOJ DAMA                    ,D METAL DIGITAL MULTIFUNCIONES
70110,RELOJERIA                     ,RELOJ DAMA                    ,D PLASTICO ANALOGO/DIG MULTIF 
70111,RELOJERIA                     ,RELOJ DAMA                    ,D METAL ANALOGO EXT. PLASTICO 
70112,RELOJERIA                     ,RELOJ DAMA                    ,D METAL ANALOGO EXT.TELA      
70113,RELOJERIA                     ,RELOJ DAMA                    ,SET EXTENSIBLE INTERCAMBIABLE 
70114,RELOJERIA                     ,RELOJ DAMA                    ,SET ACCESORIOS                
70116,RELOJERIA                     ,RELOJ DAMA                    ,D METAL ANALOGO ORO ROSA/BRONC
70117,RELOJERIA                     ,RELOJ DAMA                    ,D METAL ANALOGO GRIS/NEGRO    
70118,RELOJERIA                     ,RELOJ DAMA                    ,EXCLUSIVOS .COM               
70119,RELOJERIA                     ,RELOJ DAMA                    ,SMART EXCLUSIVOS .COM         
70201,RELOJERIA                     ,RELOJ CABALLERO               ,C PLASTICO ANALOGO            
70202,RELOJERIA                     ,RELOJ CABALLERO               ,C PLASTICO DIGITAL            
70203,RELOJERIA                     ,RELOJ CABALLERO               ,C PLASTICO ANALOGO/ DIG MULTIF
70204,RELOJERIA                     ,RELOJ CABALLERO               ,C METAL ANALOGO EXT. PIEL     
70205,RELOJERIA                     ,RELOJ CABALLERO               ,C METAL PLATEADO ANALOGO      
70206,RELOJERIA                     ,RELOJ CABALLERO               ,C METAL ANALOGO/DIGITAL MULTIF
70207,RELOJERIA                     ,RELOJ CABALLERO               ,C METAL COMBINADO ANALOGO     
70208,RELOJERIA                     ,RELOJ CABALLERO               ,C METAL DORADO ANALOGO        
70209,RELOJERIA                     ,RELOJ CABALLERO               ,C METAL ANALOGO PLASTICO      
70210,RELOJERIA                     ,RELOJ CABALLERO               ,C METAL DIGITAL               
70211,RELOJERIA                     ,RELOJ CABALLERO               ,C METAL DIGITAL EXT. PIEL     
70212,RELOJERIA                     ,RELOJ CABALLERO               ,C TITANIO                     
70213,RELOJERIA                     ,RELOJ CABALLERO               ,C METAL ANALOGO EXT. TELA     
70214,RELOJERIA                     ,RELOJ CABALLERO               ,SET EXTENSIBLE INTERCAMBIABLE 
70215,RELOJERIA                     ,RELOJ CABALLERO               ,SET ACCESORIOS                
70217,RELOJERIA                     ,RELOJ CABALLERO               ,C METAL ANALOGO GRIS/NEGRO    
70218,RELOJERIA                     ,RELOJ CABALLERO               ,EXCLUSIVOS .COM               
70303,RELOJERIA                     ,RELOJ NIÑOS                   ,RELOJ NIÑA                    
70304,RELOJERIA                     ,RELOJ NIÑOS                   ,RELOJ NIÑO                    
70318,RELOJERIA                     ,RELOJ NIÑOS                   ,EXCLUSIVOS DE .COM            
70401,RELOJERIA                     ,RELOJ UNISEX                  ,PLASTICO ANALOGO              
70402,RELOJERIA                     ,RELOJ UNISEX                  ,PLASTICO DIGITAL              
70403,RELOJERIA                     ,RELOJ UNISEX                  ,METAL DIGITAL MULTIFUNCION    
70404,RELOJERIA                     ,RELOJ UNISEX                  ,SET UNISEX                    
70405,RELOJERIA                     ,RELOJ UNISEX                  ,METAL PLATEADO ANALOGO        
70407,RELOJERIA                     ,RELOJ UNISEX                  ,METAL DORADO ANALOGO          
70418,RELOJERIA                     ,RELOJ UNISEX                  ,EXCLUSIVO .COM                
70419,RELOJERIA                     ,RELOJ UNISEX                  ,SMART EXCLUSIVOS .COM         
71101,RELOJERIA                     ,COMPRAS INTERNAS              ,ARTICULOS DE DESINFECCION     
71102,RELOJERIA                     ,COMPRAS INTERNAS              ,JABONES                       
71105,RELOJERIA                     ,COMPRAS INTERNAS              ,SUMINISTROS DE LIMPIEZA       
71106,RELOJERIA                     ,COMPRAS INTERNAS              ,EQUIPOS Y SUMINISTROS DE DEFEN
71107,RELOJERIA                     ,COMPRAS INTERNAS              ,PAPEL DE IMPRENTA Y ESCRITURA 
71108,RELOJERIA                     ,COMPRAS INTERNAS              ,SOLUCIONES DE LIMPIEZA Y DESIN
71109,RELOJERIA                     ,COMPRAS INTERNAS              ,MATERIAL DE FERRETERIA Y ACCES
71110,RELOJERIA                     ,COMPRAS INTERNAS              ,"MATERIALES DE RESINA, COLOFONI"
71114,RELOJERIA                     ,COMPRAS INTERNAS              ,EQUIPO DE APOYO ERGONOMICO    
71115,RELOJERIA                     ,COMPRAS INTERNAS              ,HILOS                         
71116,RELOJERIA                     ,COMPRAS INTERNAS              ,PROTECTORES DE CARA Y CABEZA  
73001,RELOJERIA                     ,CUIDADO PERSONAL              ,LENTES PREGRADUADOS           
73002,RELOJERIA                     ,CUIDADO PERSONAL              ,HIGIENE Y BELLEZA             
73101,RELOJERIA                     ,VESTIMENTA                    ,RELOJES                       
73102,RELOJERIA                     ,VESTIMENTA                    ,LENTES DE SOL                 
73103,RELOJERIA                     ,VESTIMENTA                    ,ACCESORIOS                    
73201,RELOJERIA                     ,JUEGOS Y JUGUETES             ,JUEGOS DE MESA                
73202,RELOJERIA                     ,JUEGOS Y JUGUETES             ,MUÑECAS Y FIGURAS DE ACCION   
73203,RELOJERIA                     ,JUEGOS Y JUGUETES             ,JUEGOS                        
73204,RELOJERIA                     ,JUEGOS Y JUGUETES             ,PELUCHES                      
73205,RELOJERIA                     ,JUEGOS Y JUGUETES             ,MUÑECAS Y ACCESORIOS          
73207,RELOJERIA                     ,JUEGOS Y JUGUETES             ,ANIMALES                      
73208,RELOJERIA                     ,JUEGOS Y JUGUETES             ,TRANSPORTE                    
73301,RELOJERIA                     ,PAPELERIA                     ,LIBROS PARA COLOREAR Y PASATIE
73302,RELOJERIA                     ,PAPELERIA                     ,UTILES VARIOS                 
73303,RELOJERIA                     ,PAPELERIA                     ,LIBRETAS                      
73304,RELOJERIA                     ,PAPELERIA                     ,UTILES VARIOS                 
73305,RELOJERIA                     ,PAPELERIA                     ,LIBROS DE DESTREZA            
73401,RELOJERIA                     ,ARTICULOS PARA FIESTA         ,DECORACION Y VELAS            
73402,RELOJERIA                     ,ARTICULOS PARA FIESTA         ,EMPAQUES PARA REGALO          
73403,RELOJERIA                     ,ARTICULOS PARA FIESTA         ,GLOBOS Y DECORACION           
73405,RELOJERIA                     ,ARTICULOS PARA FIESTA         ,VELAS                         
73501,RELOJERIA                     ,HOGAR                         ,ILUMINACION Y ELECTRICIDAD    
73502,RELOJERIA                     ,HOGAR                         ,EXTERIOR                      
73503,RELOJERIA                     ,HOGAR                         ,ORGANZACION                   
73504,RELOJERIA                     ,HOGAR                         ,DECORACION                    
73505,RELOJERIA                     ,HOGAR                         ,VELAS Y DIFUSORES             
73601,RELOJERIA                     ,AUTO                          ,AROMATIZANTES                 
73602,RELOJERIA                     ,AUTO                          ,ORGANIZACION Y CUIDADO DEL AUT
73701,RELOJERIA                     ,ACCESORIOS DE COCINA          ,CONTENEDORES Y LONCHERAS      
73702,RELOJERIA                     ,ACCESORIOS DE COCINA          ,VAS/TERM/TAZ                  
73703,RELOJERIA                     ,ACCESORIOS DE COCINA          ,UTENSILIOS                    
73704,RELOJERIA                     ,ACCESORIOS DE COCINA          ,TERMOS PERSONALES             
73705,RELOJERIA                     ,ACCESORIOS DE COCINA          ,CONTENEDORES                  
73706,RELOJERIA                     ,ACCESORIOS DE COCINA          ,VAJILLAS INFANTILES           
73707,RELOJERIA                     ,ACCESORIOS DE COCINA          ,ACCESORIOS VARIOS             
73708,RELOJERIA                     ,ACCESORIOS DE COCINA          ,ORGANIZACION                  
73801,RELOJERIA                     ,ELECTRONICA                   ,BOCINAS                       
73802,RELOJERIA                     ,ELECTRONICA                   ,AUDIFONOS                     
73803,RELOJERIA                     ,ELECTRONICA                   ,MANTENIMIENTO                 
73804,RELOJERIA                     ,ELECTRONICA                   ,GADGETS                       
73901,RELOJERIA                     ,ELECTRONICA PERSONAL          ,BOCINAS                       
73902,RELOJERIA                     ,ELECTRONICA PERSONAL          ,AUDIFONOS ALAMBRICOS          
73903,RELOJERIA                     ,ELECTRONICA PERSONAL          ,AUDIFONOS INALAMBRICOS        
73907,RELOJERIA                     ,ELECTRONICA PERSONAL          ,ILUMINACION                   
73908,RELOJERIA                     ,ELECTRONICA PERSONAL          ,SMART HOME                    
74001,RELOJERIA                     ,AUTOMOTRIZ                    ,AROMATIZANTES                 
74101,RELOJERIA                     ,VIAJE                         ,ACCESORIOS                    
74201,RELOJERIA                     ,MINISO                        ,CONTENEDORES Y LONCHERAS      
74202,RELOJERIA                     ,MINISO                        ,COCINA                        
74203,RELOJERIA                     ,MINISO                        ,ORGANIZACION                  
74204,RELOJERIA                     ,MINISO                        ,HIGIENE Y BELLEZA             
74205,RELOJERIA                     ,MINISO                        ,VIAJE                         
74206,RELOJERIA                     ,MINISO                        ,PAPELERIA                     
74207,RELOJERIA                     ,MINISO                        ,PELUCHES                      
75403,RELOJERIA                     ,RESPIRATORIO                  ,CONCENTRADOR DE OXIGENO       
76002,RELOJERIA                     ,SILLAS DE RUEDAS              ,SILLA DE RUEDAS INTERMEDIA    
76304,RELOJERIA                     ,DESCANSO DEL PACIENTE         ,CAMAS DE HOSPITAL             
76416,RELOJERIA                     ,REHABILITACION                ,CAMA PARA MASAJE              
77201,RELOJERIA                     ,CUIDADO PERSONAL              ,"CUIDADO DE LA PIEL, CAB Y UÑAS"
79501,RELOJERIA                     ,SERVICIOS DE SALUD            ,SALUD DIGNA                   
80122,JOYERIA                       ,ANILLOS DAMA ORO              ,ANILLO DAMA 10K REGALOS ELLA  
80123,JOYERIA                       ,ANILLOS DAMA ORO              ,ANILLO DAMA 10K BODA          
80190,JOYERIA                       ,ANILLOS DAMA ORO              ,ANILLO ORO RE  EXCLUSIVOS .COM
80290,JOYERIA                       ,ANILLOS CABALLERO ORO         ,ANILLOS ORO CA EXCLUSIVOS .COM
80390,JOYERIA                       ,ARGOLLAS MATRIMONIO ORO       ,ARGOLLA 10K EXCLUSIVOS .COM   
80406,JOYERIA                       ,ACCESORIOS                    ,NAVAJAS FINAS                 
80407,JOYERIA                       ,ACCESORIOS                    ,LLAVEROS FINOS                
80490,JOYERIA                       ,ACCESORIOS                    ,ESTUCHES  EXCLUSIVOS          
80520,JOYERIA                       ,ARETES ORO                    ,BROQUEL 10K INFANTIL          
80521,JOYERIA                       ,ARETES ORO                    ,BROQUEL 10K REGALOS ELLA      
80529,JOYERIA                       ,ARETES ORO                    ,ARRACADA 10K REGALOS ELLA     
80530,JOYERIA                       ,ARETES ORO                    ,BROQUEL 14K INFANTIL          
80531,JOYERIA                       ,ARETES ORO                    ,ARETES ORO IMP                
80590,JOYERIA                       ,ARETES ORO                    ,BROQUEL ORO  EXCLUSIVOS .COM  
80591,JOYERIA                       ,ARETES ORO                    ,ARETES ORO  EXCLUSIVOS .COM   
80623,JOYERIA                       ,PENDANTIF ORO                 ,PENDANTIF 10K REGALOS         
80690,JOYERIA                       ,PENDANTIF ORO                 ,PENDANTIF ORO  EXCLUSIVOS .COM
80713,JOYERIA                       ,CADENAS ORO                   ,CADENA 10K REGALOS            
80723,JOYERIA                       ,CADENAS ORO                   ,COLLAR 10K REGALOS ELLA       
80731,JOYERIA                       ,CADENAS ORO                   ,CADENAS ORO IMP               
80790,JOYERIA                       ,CADENAS ORO                   ,COLLAR 10K EXCLUSIVOS .COM    
80823,JOYERIA                       ,PULSERAS ORO                  ,PULSERA 10K REGALOS ELLA      
80831,JOYERIA                       ,PULSERAS ORO                  ,PULSERAS ORO IMP              
80890,JOYERIA                       ,PULSERAS ORO                  ,PULSERA 10K EXCLUSIVOS .COM   
82001,JOYERIA                       ,ACERO INOXIDABLE              ,ANILLOS AI DAMA               
82003,JOYERIA                       ,ACERO INOXIDABLE              ,ARETES AI                     
82005,JOYERIA                       ,ACERO INOXIDABLE              ,CADENAS AI DAMA               
82006,JOYERIA                       ,ACERO INOXIDABLE              ,CADENAS AI CABALLERO          
82007,JOYERIA                       ,ACERO INOXIDABLE              ,PULSERAS AI DAMA              
82008,JOYERIA                       ,ACERO INOXIDABLE              ,PULSERAS AI CABALLERO         
82009,JOYERIA                       ,ACERO INOXIDABLE              ,SET AI                        
82020,JOYERIA                       ,ACERO INOXIDABLE              ,ANILLO AI DAMA  REGALOS ELLA  
82021,JOYERIA                       ,ACERO INOXIDABLE              ,ANILLO DAMA AI JLO            
82022,JOYERIA                       ,ACERO INOXIDABLE              ,ANILLO AI DAMA THINNER        
82090,JOYERIA                       ,ACERO INOXIDABLE              ,DAMA AI EXCLUSIVOS.COM        
82190,JOYERIA                       ,ANILLOS CABALLERO ACERO INOXID,EXCLUSIVOS.COM                
82490,JOYERIA                       ,ARETES ACERO INOXIDABLE       ,EXCLUSIVOS.COM                
82690,JOYERIA                       ,CADENAS ACERO INOXIDABLE      ,EXCLUSIVOS.COM                
82790,JOYERIA                       ,PULSERAS ACERO INOXIDABLE     ,PULSERA AI DAMA EXCLUSIVOS.COM
82890,JOYERIA                       ,JUEGOS ACERO INOXIDABLE       ,EXCLUSIVOS.COM                
83001,JOYERIA                       ,CHAPA DE ORO                  ,ANILLO CHAPA DE ORO           
83002,JOYERIA                       ,CHAPA DE ORO                  ,ARETES CHAPA DE ORO           
83003,JOYERIA                       ,CHAPA DE ORO                  ,DIJES CHAPA DE ORO            
83004,JOYERIA                       ,CHAPA DE ORO                  ,CADENAS CHAPA DE ORO          
83005,JOYERIA                       ,CHAPA DE ORO                  ,COLLAR CHAPA DE ORO           
83006,JOYERIA                       ,CHAPA DE ORO                  ,PULSERA CHAPA DE ORO          
83007,JOYERIA                       ,CHAPA DE ORO                  ,SET CHAPA DE ORO              
83008,JOYERIA                       ,CHAPA DE ORO                  ,PIERCING CHAPA DE ORO         
83090,JOYERIA                       ,CHAPA DE ORO                  ,ANILLOS CHAPA  EXCLUSIVOS.COM 
83091,JOYERIA                       ,CHAPA DE ORO                  ,ARETES CHAPA  EXCLUSIVOS.COM  
83092,JOYERIA                       ,CHAPA DE ORO                  ,CADENAS CHAPA  EXCLUSIVOS.COM 
83093,JOYERIA                       ,CHAPA DE ORO                  ,PULSERAS CHAPA  EXCLUSIVOS.COM
83094,JOYERIA                       ,CHAPA DE ORO                  ,DIJES CHAPA  EXCLUSIVO.COM    
83190,JOYERIA                       ,BISUTERA FINA                 ,ANILLOS BF EXCLUSIVOS.COM     
84020,JOYERIA                       ,ANILLO DAMA PLATA             ,ANILLO DAMA PLATA REGALOS ELLA
84090,JOYERIA                       ,ANILLO DAMA PLATA             ,ANILLOS PL DAMA EXCLUSIVOS.COM
84190,JOYERIA                       ,ANILLO CABALLERO COCTEL PLATA ,ANILLO PL CAB EXCLUSIVOS.COM  
84320,JOYERIA                       ,ARETES PLATA                  ,BROQUEL PL REGALOS ELLA       
84321,JOYERIA                       ,ARETES PLATA                  ,ARETES PL REGALOS ELLA        
84322,JOYERIA                       ,ARETES PLATA                  ,ARRACADA PL REGALOS ELLA      
84390,JOYERIA                       ,ARETES PLATA                  ,ARETES PL EXCLUSIVOS.COM      
84420,JOYERIA                       ,PENDANTIF PLATA               ,PENDANTIF PL REGALOS ELLA     
84490,JOYERIA                       ,PENDANTIF PLATA               ,PENDANTIF PL EXCLUSIVOS.COM   
84520,JOYERIA                       ,CADENAS PLATA                 ,CADENA PL REGALOS ELLA        
84522,JOYERIA                       ,CADENAS PLATA                 ,COLLAR PL REGALOS ELLA        
84590,JOYERIA                       ,CADENAS PLATA                 ,CADENAS PL DAMA EXCLUSIVOS.COM
84690,JOYERIA                       ,PULSERAS PLATA                ,PULSERA PL DAMA EXCLUSIVOS.COM
84721,JOYERIA                       ,JUEGOS PLATA                  ,SET PL CO/AR REGALOS ELLA     
84722,JOYERIA                       ,JUEGOS PLATA                  ,SET PL DJ/AR REGALOS ELLA     
84790,JOYERIA                       ,JUEGOS PLATA                  ,JUEGOS PL EXCLUSIVOS.COM      
86809,JOYERIA                       ,TEJIDOS                       ,SUJETALENTES                  
86890,JOYERIA                       ,TEJIDOS                       ,EXCLUSIVOS.COM                
86891,JOYERIA                       ,TEJIDOS                       ,CADENAS EXCLUSIVOS.COM        
86892,JOYERIA                       ,TEJIDOS                       ,PULSERAS EXCLUSIVOS.COM       
89001,JOYERIA                       ,EXCLUSIVOS .COM               ,ANILLOS ORO                   
89004,JOYERIA                       ,EXCLUSIVOS .COM               ,ARETES 10K                    
89005,JOYERIA                       ,EXCLUSIVOS .COM               ,BROQUELES ORO                 
90201,OPTICA                        ,BOLSAS                        ,BOLSAS COPPEL                 
96803,OPTICA                        ,PAQUETES OFTALMICOS           ,ARMAZON PAQUETE PREMIUM       
98001,OPTICA                        ,LENTES DE CONTACTO            ,LENTE CONTACTO COLOR          
98002,OPTICA                        ,LENTES DE CONTACTO            ,LENTE DE CONTACTO GRADUADO    
98901,OPTICA                        ,APARATO AUDITIVO              ,APARATOS AUDITIVOS            
99004,OPTICA                        ,ACCESORIOS DE OPTICA          ,CORDONES                      
99506,OPTICA                        ,LENTE SOLAR                   ,META                          
99606,OPTICA                        ,LENTES PREGRADUADOS           ,LENTES DE PODER               
99610,OPTICA                        ,LENTES PREGRADUADOS           ,CUBRE BOCAS                   
99802,OPTICA                        ,VARIOS                        ,APARATOS UDITIVOS             
